state,county,candidate,party,total_votes,won
Delaware,Kent County,Joe Biden,DEM,44552,True
Delaware,Kent County,Donald Trump,REP,41009,False
Delaware,New Castle County,Joe Biden,DEM,195034,True
Delaware,New Castle County,Donald Trump,REP,88364,False
Delaware,Sussex County,Donald Trump,REP,71230,True
Delaware,Sussex County,Joe Biden,DEM,56682,False
District of Columbia,District of Columbia,Joe Biden,DEM,39041,True
District of Columbia,District of Columbia,Donald Trump,REP,1725,False
District of Columbia,Ward 2,Joe Biden,DEM,29078,True
District of Columbia,Ward 2,Donald Trump,REP,2918,False
District of Columbia,Ward 3,Joe Biden,DEM,39397,True
District of Columbia,Ward 3,Donald Trump,REP,3705,False
District of Columbia,Ward 4,Joe Biden,DEM,42489,True
District of Columbia,Ward 4,Donald Trump,REP,1913,False
District of Columbia,Ward 5,Joe Biden,DEM,43320,True
District of Columbia,Ward 5,Donald Trump,REP,1769,False
District of Columbia,Ward 6,Joe Biden,DEM,56719,True
District of Columbia,Ward 6,Donald Trump,REP,4337,False
District of Columbia,Ward 7,Joe Biden,DEM,36382,True
District of Columbia,Ward 7,Donald Trump,REP,1134,False
District of Columbia,Ward 8,Joe Biden,DEM,30897,True
District of Columbia,Ward 8,Donald Trump,REP,1085,False
Florida,Alachua County,Joe Biden,DEM,89704,True
Florida,Alachua County,Donald Trump,REP,50972,False
Florida,Baker County,Donald Trump,REP,11911,True
Florida,Baker County,Joe Biden,DEM,2037,False
Florida,Bay County,Donald Trump,REP,66097,True
Florida,Bay County,Joe Biden,DEM,25614,False
Florida,Bradford County,Donald Trump,REP,10334,True
Florida,Bradford County,Joe Biden,DEM,3160,False
Florida,Brevard County,Donald Trump,REP,207883,True
Florida,Brevard County,Joe Biden,DEM,148549,False
Florida,Broward County,Joe Biden,DEM,618752,True
Florida,Broward County,Donald Trump,REP,333409,False
Florida,Calhoun County,Donald Trump,REP,5274,True
Florida,Calhoun County,Joe Biden,DEM,1209,False
Florida,Charlotte County,Donald Trump,REP,73243,True
Florida,Charlotte County,Joe Biden,DEM,42273,False
Florida,Citrus County,Donald Trump,REP,65352,True
Florida,Citrus County,Joe Biden,DEM,27092,False
Florida,Clay County,Donald Trump,REP,84480,True
Florida,Clay County,Joe Biden,DEM,38317,False
Florida,Collier County,Donald Trump,REP,128950,True
Florida,Collier County,Joe Biden,DEM,77621,False
Florida,Columbia County,Donald Trump,REP,23836,True
Florida,Columbia County,Joe Biden,DEM,8914,False
Florida,DeSoto County,Donald Trump,REP,8313,True
Florida,DeSoto County,Joe Biden,DEM,4259,False
Florida,Dixie County,Donald Trump,REP,6759,True
Florida,Dixie County,Joe Biden,DEM,1365,False
Florida,Duval County,Joe Biden,DEM,252556,True
Florida,Duval County,Donald Trump,REP,233762,False
Florida,Escambia County,Donald Trump,REP,96674,True
Florida,Escambia County,Joe Biden,DEM,70929,False
Florida,Flagler County,Donald Trump,REP,43043,True
Florida,Flagler County,Joe Biden,DEM,28161,False
Florida,Franklin County,Donald Trump,REP,4675,True
Florida,Franklin County,Joe Biden,DEM,2120,False
Florida,Gadsden County,Joe Biden,DEM,16153,True
Florida,Gadsden County,Donald Trump,REP,7465,False
Florida,Gilchrist County,Donald Trump,REP,7895,True
Florida,Gilchrist County,Joe Biden,DEM,1700,False
Florida,Glades County,Donald Trump,REP,3782,True
Florida,Glades County,Joe Biden,DEM,1385,False
Florida,Gulf County,Donald Trump,REP,6113,True
Florida,Gulf County,Joe Biden,DEM,1985,False
Florida,Hamilton County,Donald Trump,REP,3815,True
Florida,Hamilton County,Joe Biden,DEM,1963,False
Florida,Hardee County,Donald Trump,REP,6122,True
Florida,Hardee County,Joe Biden,DEM,2298,False
Florida,Hendry County,Donald Trump,REP,7906,True
Florida,Hendry County,Joe Biden,DEM,4929,False
Florida,Hernando County,Donald Trump,REP,70412,True
Florida,Hernando County,Joe Biden,DEM,37519,False
Florida,Highlands County,Donald Trump,REP,34873,True
Florida,Highlands County,Joe Biden,DEM,16938,False
Florida,Hillsborough County,Joe Biden,DEM,376367,True
Florida,Hillsborough County,Donald Trump,REP,327398,False
Florida,Holmes County,Donald Trump,REP,8080,True
Florida,Holmes County,Joe Biden,DEM,924,False
Florida,Indian River County,Donald Trump,REP,58872,True
Florida,Indian River County,Joe Biden,DEM,37844,False
Florida,Jackson County,Donald Trump,REP,15488,True
Florida,Jackson County,Joe Biden,DEM,6766,False
Florida,Jefferson County,Donald Trump,REP,4479,True
Florida,Jefferson County,Joe Biden,DEM,3897,False
Florida,Lafayette County,Donald Trump,REP,3128,True
Florida,Lafayette County,Joe Biden,DEM,510,False
Florida,Lake County,Donald Trump,REP,125859,True
Florida,Lake County,Joe Biden,DEM,83505,False
Florida,Lee County,Donald Trump,REP,233247,True
Florida,Lee County,Joe Biden,DEM,157695,False
Florida,Leon County,Joe Biden,DEM,103517,True
Florida,Leon County,Donald Trump,REP,57453,False
Florida,Levy County,Donald Trump,REP,16749,True
Florida,Levy County,Joe Biden,DEM,6205,False
Florida,Liberty County,Donald Trump,REP,2846,True
Florida,Liberty County,Joe Biden,DEM,694,False
Florida,Madison County,Donald Trump,REP,5576,True
Florida,Madison County,Joe Biden,DEM,3747,False
Florida,Manatee County,Donald Trump,REP,124987,True
Florida,Manatee County,Joe Biden,DEM,90166,False
Florida,Marion County,Donald Trump,REP,127826,True
Florida,Marion County,Joe Biden,DEM,74858,False
Florida,Martin County,Donald Trump,REP,61168,True
Florida,Martin County,Joe Biden,DEM,36893,False
Florida,Miami-Dade County,Joe Biden,DEM,617864,True
Florida,Miami-Dade County,Donald Trump,REP,532833,False
Florida,Monroe County,Donald Trump,REP,25693,True
Florida,Monroe County,Joe Biden,DEM,21881,False
Florida,Nassau County,Donald Trump,REP,42566,True
Florida,Nassau County,Joe Biden,DEM,15564,False
Florida,Okaloosa County,Donald Trump,REP,79798,True
Florida,Okaloosa County,Joe Biden,DEM,34248,False
Florida,Okeechobee County,Donald Trump,REP,11470,True
Florida,Okeechobee County,Joe Biden,DEM,4390,False
Florida,Orange County,Joe Biden,DEM,395014,True
Florida,Orange County,Donald Trump,REP,245398,False
Florida,Osceola County,Joe Biden,DEM,97297,True
Florida,Osceola County,Donald Trump,REP,73480,False
Florida,Palm Beach County,Joe Biden,DEM,433572,True
Florida,Palm Beach County,Donald Trump,REP,334711,False
Florida,Pasco County,Donald Trump,REP,179621,True
Florida,Pasco County,Joe Biden,DEM,119073,False
Florida,Pinellas County,Joe Biden,DEM,277450,True
Florida,Pinellas County,Donald Trump,REP,276209,False
Florida,Polk County,Donald Trump,REP,194586,True
Florida,Polk County,Joe Biden,DEM,145049,False
Florida,Putnam County,Donald Trump,REP,25514,True
Florida,Putnam County,Joe Biden,DEM,10527,False
Florida,St. Johns County,Donald Trump,REP,110946,True
Florida,St. Johns County,Joe Biden,DEM,63850,False
Florida,St. Lucie County,Donald Trump,REP,86831,True
Florida,St. Lucie County,Joe Biden,DEM,84137,False
Florida,Santa Rosa County,Donald Trump,REP,77385,True
Florida,Santa Rosa County,Joe Biden,DEM,27612,False
Florida,Sarasota County,Donald Trump,REP,148370,True
Florida,Sarasota County,Joe Biden,DEM,120110,False
Florida,Seminole County,Joe Biden,DEM,132528,True
Florida,Seminole County,Donald Trump,REP,125241,False
Florida,Sumter County,Donald Trump,REP,62761,True
Florida,Sumter County,Joe Biden,DEM,29341,False
Florida,Suwannee County,Donald Trump,REP,16410,True
Florida,Suwannee County,Joe Biden,DEM,4485,False
Florida,Taylor County,Donald Trump,REP,7751,True
Florida,Taylor County,Joe Biden,DEM,2299,False
Florida,Union County,Donald Trump,REP,5133,True
Florida,Union County,Joe Biden,DEM,1053,False
Florida,Volusia County,Donald Trump,REP,173821,True
Florida,Volusia County,Joe Biden,DEM,130575,False
Florida,Wakulla County,Donald Trump,REP,12874,True
Florida,Wakulla County,Joe Biden,DEM,5351,False
Florida,Walton County,Donald Trump,REP,32947,True
Florida,Walton County,Joe Biden,DEM,10338,False
Florida,Washington County,Donald Trump,REP,9876,True
Florida,Washington County,Joe Biden,DEM,2347,False
Georgia,Appling County,Donald Trump,REP,6570,True
Georgia,Appling County,Joe Biden,DEM,1784,False
Georgia,Atkinson County,Donald Trump,REP,2300,True
Georgia,Atkinson County,Joe Biden,DEM,825,False
Georgia,Bacon County,Donald Trump,REP,4017,True
Georgia,Bacon County,Joe Biden,DEM,625,False
Georgia,Baker County,Donald Trump,REP,897,True
Georgia,Baker County,Joe Biden,DEM,652,False
Georgia,Baldwin County,Joe Biden,DEM,9140,True
Georgia,Baldwin County,Donald Trump,REP,8903,False
Georgia,Banks County,Donald Trump,REP,7795,True
Georgia,Banks County,Joe Biden,DEM,932,False
Georgia,Barrow County,Donald Trump,REP,26804,True
Georgia,Barrow County,Joe Biden,DEM,10453,False
Georgia,Bartow County,Donald Trump,REP,37672,True
Georgia,Bartow County,Joe Biden,DEM,12091,False
Georgia,Ben Hill County,Donald Trump,REP,4111,True
Georgia,Ben Hill County,Joe Biden,DEM,2393,False
Georgia,Berrien County,Donald Trump,REP,6419,True
Georgia,Berrien County,Joe Biden,DEM,1269,False
Georgia,Bibb County,Joe Biden,DEM,43408,True
Georgia,Bibb County,Donald Trump,REP,26559,False
Georgia,Bleckley County,Donald Trump,REP,4329,True
Georgia,Bleckley County,Joe Biden,DEM,1312,False
Georgia,Brantley County,Donald Trump,REP,6993,True
Georgia,Brantley County,Joe Biden,DEM,700,False
Georgia,Brooks County,Donald Trump,REP,4261,True
Georgia,Brooks County,Joe Biden,DEM,2791,False
Georgia,Bryan County,Donald Trump,REP,14240,True
Georgia,Bryan County,Joe Biden,DEM,6738,False
Georgia,Bulloch County,Donald Trump,REP,18387,True
Georgia,Bulloch County,Joe Biden,DEM,11248,False
Georgia,Burke County,Donald Trump,REP,5400,True
Georgia,Burke County,Joe Biden,DEM,5208,False
Georgia,Butts County,Donald Trump,REP,8406,True
Georgia,Butts County,Joe Biden,DEM,3274,False
Georgia,Calhoun County,Joe Biden,DEM,1263,True
Georgia,Calhoun County,Donald Trump,REP,923,False
Georgia,Camden County,Donald Trump,REP,15249,True
Georgia,Camden County,Joe Biden,DEM,7967,False
Georgia,Candler County,Donald Trump,REP,3133,True
Georgia,Candler County,Joe Biden,DEM,1269,False
Georgia,Carroll County,Donald Trump,REP,37476,True
Georgia,Carroll County,Joe Biden,DEM,16236,False
Georgia,Catoosa County,Donald Trump,REP,25167,True
Georgia,Catoosa County,Joe Biden,DEM,6932,False
Georgia,Charlton County,Donald Trump,REP,3419,True
Georgia,Charlton County,Joe Biden,DEM,1105,False
Georgia,Chatham County,Joe Biden,DEM,78247,True
Georgia,Chatham County,Donald Trump,REP,53232,False
Georgia,Chattahoochee County,Donald Trump,REP,880,True
Georgia,Chattahoochee County,Joe Biden,DEM,667,False
Georgia,Chattooga County,Donald Trump,REP,8064,True
Georgia,Chattooga County,Joe Biden,DEM,1854,False
Georgia,Cherokee County,Donald Trump,REP,99585,True
Georgia,Cherokee County,Joe Biden,DEM,42779,False
Georgia,Clarke County,Joe Biden,DEM,36055,True
Georgia,Clarke County,Donald Trump,REP,14450,False
Georgia,Clay County,Joe Biden,DEM,791,True
Georgia,Clay County,Donald Trump,REP,637,False
Georgia,Clayton County,Joe Biden,DEM,95466,True
Georgia,Clayton County,Donald Trump,REP,15811,False
Georgia,Clinch County,Donald Trump,REP,2105,True
Georgia,Clinch County,Joe Biden,DEM,744,False
Georgia,Cobb County,Joe Biden,DEM,221847,True
Georgia,Cobb County,Donald Trump,REP,165436,False
Georgia,Coffee County,Donald Trump,REP,10578,True
Georgia,Coffee County,Joe Biden,DEM,4511,False
Georgia,Colquitt County,Donald Trump,REP,11777,True
Georgia,Colquitt County,Joe Biden,DEM,4190,False
Georgia,Columbia County,Donald Trump,REP,50013,True
Georgia,Columbia County,Joe Biden,DEM,29232,False
Georgia,Cook County,Donald Trump,REP,4900,True
Georgia,Cook County,Joe Biden,DEM,2059,False
Georgia,Coweta County,Donald Trump,REP,51501,True
Georgia,Coweta County,Joe Biden,DEM,24210,False
Georgia,Crawford County,Donald Trump,REP,4428,True
Georgia,Crawford County,Joe Biden,DEM,1615,False
Georgia,Crisp County,Donald Trump,REP,4985,True
Georgia,Crisp County,Joe Biden,DEM,2982,False
Georgia,Dade County,Donald Trump,REP,6066,True
Georgia,Dade County,Joe Biden,DEM,1261,False
Georgia,Dawson County,Donald Trump,REP,13398,True
Georgia,Dawson County,Joe Biden,DEM,2486,False
Georgia,Decatur County,Donald Trump,REP,6755,True
Georgia,Decatur County,Joe Biden,DEM,4782,False
Georgia,DeKalb County,Joe Biden,DEM,308162,True
Georgia,DeKalb County,Donald Trump,REP,58377,False
Georgia,Dodge County,Donald Trump,REP,5843,True
Georgia,Dodge County,Joe Biden,DEM,2172,False
Georgia,Dooly County,Donald Trump,REP,2159,True
Georgia,Dooly County,Joe Biden,DEM,1911,False
Georgia,Dougherty County,Joe Biden,DEM,24568,True
Georgia,Dougherty County,Donald Trump,REP,10441,False
Georgia,Douglas County,Joe Biden,DEM,42814,True
Georgia,Douglas County,Donald Trump,REP,25454,False
Georgia,Early County,Donald Trump,REP,2710,True
Georgia,Early County,Joe Biden,DEM,2450,False
Georgia,Echols County,Donald Trump,REP,1256,True
Georgia,Echols County,Joe Biden,DEM,167,False
Georgia,Effingham County,Donald Trump,REP,23361,True
Georgia,Effingham County,Joe Biden,DEM,7718,False
Georgia,Elbert County,Donald Trump,REP,6226,True
Georgia,Elbert County,Joe Biden,DEM,2879,False
Georgia,Emanuel County,Donald Trump,REP,6553,True
Georgia,Emanuel County,Joe Biden,DEM,2886,False
Georgia,Evans County,Donald Trump,REP,2888,True
Georgia,Evans County,Joe Biden,DEM,1324,False
Georgia,Fannin County,Donald Trump,REP,12169,True
Georgia,Fannin County,Joe Biden,DEM,2570,False
Georgia,Fayette County,Donald Trump,REP,37956,True
Georgia,Fayette County,Joe Biden,DEM,33062,False
Georgia,Floyd County,Donald Trump,REP,28906,True
Georgia,Floyd County,Joe Biden,DEM,11917,False
Georgia,Forsyth County,Donald Trump,REP,85123,True
Georgia,Forsyth County,Joe Biden,DEM,42208,False
Georgia,Franklin County,Donald Trump,REP,9069,True
Georgia,Franklin County,Joe Biden,DEM,1593,False
Georgia,Fulton County,Joe Biden,DEM,380212,True
Georgia,Fulton County,Donald Trump,REP,137247,False
Georgia,Gilmer County,Donald Trump,REP,13429,True
Georgia,Gilmer County,Joe Biden,DEM,2932,False
Georgia,Glascock County,Donald Trump,REP,1402,True
Georgia,Glascock County,Joe Biden,DEM,155,False
Georgia,Glynn County,Donald Trump,REP,25617,True
Georgia,Glynn County,Joe Biden,DEM,15882,False
Georgia,Gordon County,Donald Trump,REP,19405,True
Georgia,Gordon County,Joe Biden,DEM,4384,False
Georgia,Grady County,Donald Trump,REP,7034,True
Georgia,Grady County,Joe Biden,DEM,3619,False
Georgia,Greene County,Donald Trump,REP,7066,True
Georgia,Greene County,Joe Biden,DEM,4087,False
Georgia,Gwinnett County,Joe Biden,DEM,241994,True
Georgia,Gwinnett County,Donald Trump,REP,166400,False
Georgia,Habersham County,Donald Trump,REP,16637,True
Georgia,Habersham County,Joe Biden,DEM,3562,False
Georgia,Hall County,Donald Trump,REP,64183,True
Georgia,Hall County,Joe Biden,DEM,25033,False
Georgia,Hancock County,Joe Biden,DEM,2976,True
Georgia,Hancock County,Donald Trump,REP,1154,False
Georgia,Haralson County,Donald Trump,REP,12330,True
Georgia,Haralson County,Joe Biden,DEM,1791,False
Georgia,Harris County,Donald Trump,REP,14319,True
Georgia,Harris County,Joe Biden,DEM,5457,False
Georgia,Hart County,Donald Trump,REP,9465,True
Georgia,Hart County,Joe Biden,DEM,3157,False
Georgia,Heard County,Donald Trump,REP,4519,True
Georgia,Heard County,Joe Biden,DEM,824,False
Georgia,Henry County,Joe Biden,DEM,73443,True
Georgia,Henry County,Donald Trump,REP,48259,False
Georgia,Houston County,Donald Trump,REP,41540,True
Georgia,Houston County,Joe Biden,DEM,32239,False
Georgia,Irwin County,Donald Trump,REP,3134,True
Georgia,Irwin County,Joe Biden,DEM,1008,False
Georgia,Jackson County,Donald Trump,REP,29502,True
Georgia,Jackson County,Joe Biden,DEM,7642,False
Georgia,Jasper County,Donald Trump,REP,5822,True
Georgia,Jasper County,Joe Biden,DEM,1761,False
Georgia,Jeff Davis County,Donald Trump,REP,4695,True
Georgia,Jeff Davis County,Joe Biden,DEM,1028,False
Georgia,Jefferson County,Joe Biden,DEM,4058,True
Georgia,Jefferson County,Donald Trump,REP,3537,False
Georgia,Jenkins County,Donald Trump,REP,2161,True
Georgia,Jenkins County,Joe Biden,DEM,1266,False
Georgia,Johnson County,Donald Trump,REP,2850,True
Georgia,Johnson County,Joe Biden,DEM,1222,False
Georgia,Jones County,Donald Trump,REP,9940,True
Georgia,Jones County,Joe Biden,DEM,4882,False
Georgia,Lamar County,Donald Trump,REP,6331,True
Georgia,Lamar County,Joe Biden,DEM,2620,False
Georgia,Lanier County,Donald Trump,REP,2509,True
Georgia,Lanier County,Joe Biden,DEM,1019,False
Georgia,Laurens County,Donald Trump,REP,14493,True
Georgia,Laurens County,Joe Biden,DEM,8074,False
Georgia,Lee County,Donald Trump,REP,12007,True
Georgia,Lee County,Joe Biden,DEM,4558,False
Georgia,Liberty County,Joe Biden,DEM,13104,True
Georgia,Liberty County,Donald Trump,REP,7959,False
Georgia,Lincoln County,Donald Trump,REP,3173,True
Georgia,Lincoln County,Joe Biden,DEM,1432,False
Georgia,Long County,Donald Trump,REP,3527,True
Georgia,Long County,Joe Biden,DEM,2035,False
Georgia,Lowndes County,Donald Trump,REP,25692,True
Georgia,Lowndes County,Joe Biden,DEM,20116,False
Georgia,Lumpkin County,Donald Trump,REP,12163,True
Georgia,Lumpkin County,Joe Biden,DEM,3126,False
Georgia,McDuffie County,Donald Trump,REP,6169,True
Georgia,McDuffie County,Joe Biden,DEM,4168,False
Georgia,McIntosh County,Donald Trump,REP,4016,True
Georgia,McIntosh County,Joe Biden,DEM,2612,False
Georgia,Macon County,Joe Biden,DEM,2858,True
Georgia,Macon County,Donald Trump,REP,1783,False
Georgia,Madison County,Donald Trump,REP,11326,True
Georgia,Madison County,Joe Biden,DEM,3411,False
Georgia,Marion County,Donald Trump,REP,2275,True
Georgia,Marion County,Joe Biden,DEM,1312,False
Georgia,Meriwether County,Donald Trump,REP,6524,True
Georgia,Meriwether County,Joe Biden,DEM,4287,False
Georgia,Miller County,Donald Trump,REP,2066,True
Georgia,Miller County,Joe Biden,DEM,748,False
Georgia,Mitchell County,Donald Trump,REP,4935,True
Georgia,Mitchell County,Joe Biden,DEM,3993,False
Georgia,Monroe County,Donald Trump,REP,11057,True
Georgia,Monroe County,Joe Biden,DEM,4385,False
Georgia,Montgomery County,Donald Trump,REP,2960,True
Georgia,Montgomery County,Joe Biden,DEM,980,False
Georgia,Morgan County,Donald Trump,REP,8231,True
Georgia,Morgan County,Joe Biden,DEM,3353,False
Georgia,Murray County,Donald Trump,REP,12944,True
Georgia,Murray County,Joe Biden,DEM,2301,False
Georgia,Muscogee County,Joe Biden,DEM,49446,True
Georgia,Muscogee County,Donald Trump,REP,30107,False
Georgia,Newton County,Joe Biden,DEM,29789,True
Georgia,Newton County,Donald Trump,REP,23869,False
Georgia,Oconee County,Donald Trump,REP,16595,True
Georgia,Oconee County,Joe Biden,DEM,8162,False
Georgia,Oglethorpe County,Donald Trump,REP,5592,True
Georgia,Oglethorpe County,Joe Biden,DEM,2439,False
Georgia,Paulding County,Donald Trump,REP,54517,True
Georgia,Paulding County,Joe Biden,DEM,29695,False
Georgia,Peach County,Donald Trump,REP,6506,True
Georgia,Peach County,Joe Biden,DEM,5922,False
Georgia,Pickens County,Donald Trump,REP,14110,True
Georgia,Pickens County,Joe Biden,DEM,2824,False
Georgia,Pierce County,Donald Trump,REP,7898,True
Georgia,Pierce County,Joe Biden,DEM,1100,False
Georgia,Pike County,Donald Trump,REP,9127,True
Georgia,Pike County,Joe Biden,DEM,1505,False
Georgia,Polk County,Donald Trump,REP,13587,True
Georgia,Polk County,Joe Biden,DEM,3657,False
Georgia,Pulaski County,Donald Trump,REP,2815,True
Georgia,Pulaski County,Joe Biden,DEM,1230,False
Georgia,Putnam County,Donald Trump,REP,8291,True
Georgia,Putnam County,Joe Biden,DEM,3448,False
Georgia,Quitman County,Donald Trump,REP,604,True
Georgia,Quitman County,Joe Biden,DEM,497,False
Georgia,Rabun County,Donald Trump,REP,7474,True
Georgia,Rabun County,Joe Biden,DEM,1984,False
Georgia,Randolph County,Joe Biden,DEM,1671,True
Georgia,Randolph County,Donald Trump,REP,1390,False
Georgia,Richmond County,Joe Biden,DEM,59119,True
Georgia,Richmond County,Donald Trump,REP,26780,False
Georgia,Rockdale County,Joe Biden,DEM,31237,True
Georgia,Rockdale County,Donald Trump,REP,13014,False
Georgia,Schley County,Donald Trump,REP,1800,True
Georgia,Schley County,Joe Biden,DEM,462,False
Georgia,Screven County,Donald Trump,REP,3915,True
Georgia,Screven County,Joe Biden,DEM,2661,False
Georgia,Seminole County,Donald Trump,REP,2613,True
Georgia,Seminole County,Joe Biden,DEM,1256,False
Georgia,Spalding County,Donald Trump,REP,18104,True
Georgia,Spalding County,Joe Biden,DEM,11828,False
Georgia,Stephens County,Donald Trump,REP,9367,True
Georgia,Stephens County,Joe Biden,DEM,2386,False
Georgia,Stewart County,Joe Biden,DEM,1182,True
Georgia,Stewart County,Donald Trump,REP,801,False
Georgia,Sumter County,Joe Biden,DEM,6314,True
Georgia,Sumter County,Donald Trump,REP,5733,False
Georgia,Talbot County,Joe Biden,DEM,2114,True
Georgia,Talbot County,Donald Trump,REP,1392,False
Georgia,Taliaferro County,Joe Biden,DEM,561,True
Georgia,Taliaferro County,Donald Trump,REP,360,False
Georgia,Tattnall County,Donald Trump,REP,6054,True
Georgia,Tattnall County,Joe Biden,DEM,2062,False
Georgia,Taylor County,Donald Trump,REP,2420,True
Georgia,Taylor County,Joe Biden,DEM,1388,False
Georgia,Telfair County,Donald Trump,REP,2825,True
Georgia,Telfair County,Joe Biden,DEM,1488,False
Georgia,Terrell County,Joe Biden,DEM,2376,True
Georgia,Terrell County,Donald Trump,REP,2004,False
Georgia,Thomas County,Donald Trump,REP,12969,True
Georgia,Thomas County,Joe Biden,DEM,8708,False
Georgia,Tift County,Donald Trump,REP,10784,True
Georgia,Tift County,Joe Biden,DEM,5318,False
Georgia,Toombs County,Donald Trump,REP,7873,True
Georgia,Toombs County,Joe Biden,DEM,2938,False
Georgia,Towns County,Donald Trump,REP,6384,True
Georgia,Towns County,Joe Biden,DEM,1550,False
Georgia,Treutlen County,Donald Trump,REP,2101,True
Georgia,Treutlen County,Joe Biden,DEM,952,False
Georgia,Troup County,Donald Trump,REP,18142,True
Georgia,Troup County,Joe Biden,DEM,11577,False
Georgia,Turner County,Donald Trump,REP,2349,True
Georgia,Turner County,Joe Biden,DEM,1409,False
Georgia,Twiggs County,Donald Trump,REP,2370,True
Georgia,Twiggs County,Joe Biden,DEM,2044,False
Georgia,Union County,Donald Trump,REP,12650,True
Georgia,Union County,Joe Biden,DEM,2800,False
Georgia,Upson County,Donald Trump,REP,8606,True
Georgia,Upson County,Joe Biden,DEM,4203,False
Georgia,Walker County,Donald Trump,REP,23173,True
Georgia,Walker County,Joe Biden,DEM,5770,False
Georgia,Walton County,Donald Trump,REP,37839,True
Georgia,Walton County,Joe Biden,DEM,12683,False
Georgia,Ware County,Donald Trump,REP,9903,True
Georgia,Ware County,Joe Biden,DEM,4169,False
Georgia,Warren County,Joe Biden,DEM,1468,True
Georgia,Warren County,Donald Trump,REP,1166,False
Georgia,Washington County,Joe Biden,DEM,4743,True
Georgia,Washington County,Donald Trump,REP,4668,False
Georgia,Wayne County,Donald Trump,REP,9987,True
Georgia,Wayne County,Joe Biden,DEM,2688,False
Georgia,Webster County,Donald Trump,REP,748,True
Georgia,Webster County,Joe Biden,DEM,640,False
Georgia,Wheeler County,Donald Trump,REP,1583,True
Georgia,Wheeler County,Joe Biden,DEM,689,False
Georgia,White County,Donald Trump,REP,12222,True
Georgia,White County,Joe Biden,DEM,2411,False
Georgia,Whitfield County,Donald Trump,REP,25644,True
Georgia,Whitfield County,Joe Biden,DEM,10680,False
Georgia,Wilcox County,Donald Trump,REP,2402,True
Georgia,Wilcox County,Joe Biden,DEM,861,False
Georgia,Wilkes County,Donald Trump,REP,2823,True
Georgia,Wilkes County,Joe Biden,DEM,2160,False
Georgia,Wilkinson County,Donald Trump,REP,2665,True
Georgia,Wilkinson County,Joe Biden,DEM,2074,False
Georgia,Worth County,Donald Trump,REP,6830,True
Georgia,Worth County,Joe Biden,DEM,2395,False
Hawaii,Hawaii County,Joe Biden,DEM,58731,True
Hawaii,Hawaii County,Donald Trump,REP,26897,False
Hawaii,Honolulu County,Joe Biden,DEM,238869,True
Hawaii,Honolulu County,Donald Trump,REP,136259,False
Hawaii,Kauai County,Joe Biden,DEM,21225,True
Hawaii,Kauai County,Donald Trump,REP,11582,False
Hawaii,Maui County,Joe Biden,DEM,47305,True
Hawaii,Maui County,Donald Trump,REP,22126,False
Idaho,Ada County,Donald Trump,REP,130699,True
Idaho,Ada County,Joe Biden,DEM,120539,False
Idaho,Adams County,Donald Trump,REP,1941,True
Idaho,Adams County,Joe Biden,DEM,591,False
Idaho,Bannock County,Donald Trump,REP,23331,True
Idaho,Bannock County,Joe Biden,DEM,14682,False
Idaho,Bear Lake County,Donald Trump,REP,2914,True
Idaho,Bear Lake County,Joe Biden,DEM,350,False
Idaho,Benewah County,Donald Trump,REP,3878,True
Idaho,Benewah County,Joe Biden,DEM,977,False
Idaho,Bingham County,Donald Trump,REP,15295,True
Idaho,Bingham County,Joe Biden,DEM,4124,False
Idaho,Blaine County,Joe Biden,DEM,8919,True
Idaho,Blaine County,Donald Trump,REP,4032,False
Idaho,Boise County,Donald Trump,REP,3485,True
Idaho,Boise County,Joe Biden,DEM,1204,False
Idaho,Bonner County,Donald Trump,REP,18369,True
Idaho,Bonner County,Joe Biden,DEM,8310,False
Idaho,Bonneville County,Donald Trump,REP,37805,True
Idaho,Bonneville County,Joe Biden,DEM,14254,False
Idaho,Boundary County,Donald Trump,REP,4937,True
Idaho,Boundary County,Joe Biden,DEM,1220,False
Idaho,Butte County,Donald Trump,REP,1202,True
Idaho,Butte County,Joe Biden,DEM,188,False
Idaho,Camas County,Donald Trump,REP,507,True
Idaho,Camas County,Joe Biden,DEM,149,False
Idaho,Canyon County,Donald Trump,REP,61759,True
Idaho,Canyon County,Joe Biden,DEM,25881,False
Idaho,Caribou County,Donald Trump,REP,2906,True
Idaho,Caribou County,Joe Biden,DEM,431,False
Idaho,Cassia County,Donald Trump,REP,7907,True
Idaho,Cassia County,Joe Biden,DEM,1464,False
Idaho,Clark County,Donald Trump,REP,264,True
Idaho,Clark County,Joe Biden,DEM,41,False
Idaho,Clearwater County,Donald Trump,REP,3453,True
Idaho,Clearwater County,Joe Biden,DEM,877,False
Idaho,Custer County,Donald Trump,REP,2089,True
Idaho,Custer County,Joe Biden,DEM,603,False
Idaho,Elmore County,Donald Trump,REP,7246,True
Idaho,Elmore County,Joe Biden,DEM,2601,False
Idaho,Franklin County,Donald Trump,REP,5845,True
Idaho,Franklin County,Joe Biden,DEM,657,False
Idaho,Fremont County,Donald Trump,REP,5548,True
Idaho,Fremont County,Joe Biden,DEM,998,False
Idaho,Gem County,Donald Trump,REP,7951,True
Idaho,Gem County,Joe Biden,DEM,1803,False
Idaho,Gooding County,Donald Trump,REP,4659,True
Idaho,Gooding County,Joe Biden,DEM,1256,False
Idaho,Idaho County,Donald Trump,REP,7826,True
Idaho,Idaho County,Joe Biden,DEM,1561,False
Idaho,Jefferson County,Donald Trump,REP,12099,True
Idaho,Jefferson County,Joe Biden,DEM,1661,False
Idaho,Jerome County,Donald Trump,REP,5734,True
Idaho,Jerome County,Joe Biden,DEM,1893,False
Idaho,Kootenai County,Donald Trump,REP,62837,True
Idaho,Kootenai County,Joe Biden,DEM,24312,False
Idaho,Latah County,Joe Biden,DEM,10236,True
Idaho,Latah County,Donald Trump,REP,9472,False
Idaho,Lemhi County,Donald Trump,REP,3592,True
Idaho,Lemhi County,Joe Biden,DEM,1032,False
Idaho,Lewis County,Donald Trump,REP,1489,True
Idaho,Lewis County,Joe Biden,DEM,349,False
Idaho,Lincoln County,Donald Trump,REP,1469,True
Idaho,Lincoln County,Joe Biden,DEM,414,False
Idaho,Madison County,Donald Trump,REP,13559,True
Idaho,Madison County,Joe Biden,DEM,2666,False
Idaho,Minidoka County,Donald Trump,REP,6265,True
Idaho,Minidoka County,Joe Biden,DEM,1550,False
Idaho,Nez Perce County,Donald Trump,REP,13738,True
Idaho,Nez Perce County,Joe Biden,DEM,6686,False
Idaho,Oneida County,Donald Trump,REP,2148,True
Idaho,Oneida County,Joe Biden,DEM,249,False
Idaho,Owyhee County,Donald Trump,REP,3819,True
Idaho,Owyhee County,Joe Biden,DEM,816,False
Idaho,Payette County,Donald Trump,REP,8862,True
Idaho,Payette County,Joe Biden,DEM,2161,False
Idaho,Power County,Donald Trump,REP,2116,True
Idaho,Power County,Joe Biden,DEM,865,False
Idaho,Shoshone County,Donald Trump,REP,4216,True
Idaho,Shoshone County,Joe Biden,DEM,1693,False
Idaho,Teton County,Joe Biden,DEM,3318,True
Idaho,Teton County,Donald Trump,REP,2858,False
Idaho,Twin Falls County,Donald Trump,REP,25897,True
Idaho,Twin Falls County,Joe Biden,DEM,9391,False
Idaho,Valley County,Donald Trump,REP,3947,True
Idaho,Valley County,Joe Biden,DEM,2976,False
Idaho,Washington County,Donald Trump,REP,4154,True
Idaho,Washington County,Joe Biden,DEM,1073,False
Illinois,Adams County,Donald Trump,REP,24220,True
Illinois,Adams County,Joe Biden,DEM,8633,False
Illinois,Alexander County,Donald Trump,REP,1486,True
Illinois,Alexander County,Joe Biden,DEM,1114,False
Illinois,Bond County,Donald Trump,REP,5625,True
Illinois,Bond County,Joe Biden,DEM,2288,False
Illinois,Boone County,Donald Trump,REP,13883,True
Illinois,Boone County,Joe Biden,DEM,10542,False
Illinois,Brown County,Donald Trump,REP,1931,True
Illinois,Brown County,Joe Biden,DEM,486,False
Illinois,Bureau County,Donald Trump,REP,10411,True
Illinois,Bureau County,Joe Biden,DEM,6669,False
Illinois,Calhoun County,Donald Trump,REP,2046,True
Illinois,Calhoun County,Joe Biden,DEM,677,False
Illinois,Carroll County,Donald Trump,REP,5105,True
Illinois,Carroll County,Joe Biden,DEM,2748,False
Illinois,Cass County,Donald Trump,REP,3625,True
Illinois,Cass County,Joe Biden,DEM,1615,False
Illinois,Champaign County,Joe Biden,DEM,57067,True
Illinois,Champaign County,Donald Trump,REP,35285,False
Illinois,Christian County,Donald Trump,REP,11563,True
Illinois,Christian County,Joe Biden,DEM,4335,False
Illinois,Clark County,Donald Trump,REP,6226,True
Illinois,Clark County,Joe Biden,DEM,1993,False
Illinois,Clay County,Donald Trump,REP,5629,True
Illinois,Clay County,Joe Biden,DEM,1129,False
Illinois,Clinton County,Donald Trump,REP,14304,True
Illinois,Clinton County,Joe Biden,DEM,4493,False
Illinois,Coles County,Donald Trump,REP,14037,True
Illinois,Coles County,Joe Biden,DEM,8067,False
Illinois,Cook County,Joe Biden,DEM,1725973,True
Illinois,Cook County,Donald Trump,REP,558269,False
Illinois,Crawford County,Donald Trump,REP,7043,True
Illinois,Crawford County,Joe Biden,DEM,2202,False
Illinois,Cumberland County,Donald Trump,REP,4601,True
Illinois,Cumberland County,Joe Biden,DEM,1142,False
Illinois,DeKalb County,Joe Biden,DEM,24643,True
Illinois,DeKalb County,Donald Trump,REP,21905,False
Illinois,De Witt County,Donald Trump,REP,5632,True
Illinois,De Witt County,Joe Biden,DEM,2191,False
Illinois,Douglas County,Donald Trump,REP,6227,True
Illinois,Douglas County,Joe Biden,DEM,2335,False
Illinois,DuPage County,Joe Biden,DEM,281222,True
Illinois,DuPage County,Donald Trump,REP,193611,False
Illinois,Edgar County,Donald Trump,REP,6193,True
Illinois,Edgar County,Joe Biden,DEM,1887,False
Illinois,Edwards County,Donald Trump,REP,2833,True
Illinois,Edwards County,Joe Biden,DEM,488,False
Illinois,Effingham County,Donald Trump,REP,15006,True
Illinois,Effingham County,Joe Biden,DEM,3716,False
Illinois,Fayette County,Donald Trump,REP,8055,True
Illinois,Fayette County,Joe Biden,DEM,1826,False
Illinois,Ford County,Donald Trump,REP,5048,True
Illinois,Ford County,Joe Biden,DEM,1754,False
Illinois,Franklin County,Donald Trump,REP,13622,True
Illinois,Franklin County,Joe Biden,DEM,4760,False
Illinois,Fulton County,Donald Trump,REP,9867,True
Illinois,Fulton County,Joe Biden,DEM,6503,False
Illinois,Gallatin County,Donald Trump,REP,2019,True
Illinois,Gallatin County,Joe Biden,DEM,622,False
Illinois,Greene County,Donald Trump,REP,4770,True
Illinois,Greene County,Joe Biden,DEM,1349,False
Illinois,Grundy County,Donald Trump,REP,16523,True
Illinois,Grundy County,Joe Biden,DEM,9626,False
Illinois,Hamilton County,Donald Trump,REP,3432,True
Illinois,Hamilton County,Joe Biden,DEM,824,False
Illinois,Hancock County,Donald Trump,REP,6906,True
Illinois,Hancock County,Joe Biden,DEM,2315,False
Illinois,Hardin County,Donald Trump,REP,1691,True
Illinois,Hardin County,Joe Biden,DEM,449,False
Illinois,Henderson County,Donald Trump,REP,2394,True
Illinois,Henderson County,Joe Biden,DEM,1187,False
Illinois,Henry County,Donald Trump,REP,15300,True
Illinois,Henry County,Joe Biden,DEM,9797,False
Illinois,Iroquois County,Donald Trump,REP,10877,True
Illinois,Iroquois County,Joe Biden,DEM,2908,False
Illinois,Jackson County,Joe Biden,DEM,11181,True
Illinois,Jackson County,Donald Trump,REP,10890,False
Illinois,Jasper County,Donald Trump,REP,4494,True
Illinois,Jasper County,Joe Biden,DEM,1007,False
Illinois,Jefferson County,Donald Trump,REP,12476,True
Illinois,Jefferson County,Joe Biden,DEM,4608,False
Illinois,Jersey County,Donald Trump,REP,8712,True
Illinois,Jersey County,Joe Biden,DEM,2961,False
Illinois,Jo Daviess County,Donald Trump,REP,7166,True
Illinois,Jo Daviess County,Joe Biden,DEM,5109,False
Illinois,Johnson County,Donald Trump,REP,5059,True
Illinois,Johnson County,Joe Biden,DEM,1281,False
Illinois,Kane County,Joe Biden,DEM,130166,True
Illinois,Kane County,Donald Trump,REP,96775,False
Illinois,Kankakee County,Donald Trump,REP,28532,True
Illinois,Kankakee County,Joe Biden,DEM,20271,False
Illinois,Kendall County,Joe Biden,DEM,33168,True
Illinois,Kendall County,Donald Trump,REP,29492,False
Illinois,Knox County,Donald Trump,REP,12009,True
Illinois,Knox County,Joe Biden,DEM,10703,False
Illinois,Lake County,Joe Biden,DEM,204032,True
Illinois,Lake County,Donald Trump,REP,123594,False
Illinois,LaSalle County,Donald Trump,REP,30113,True
Illinois,LaSalle County,Joe Biden,DEM,22442,False
Illinois,Lawrence County,Donald Trump,REP,4886,True
Illinois,Lawrence County,Joe Biden,DEM,1419,False
Illinois,Lee County,Donald Trump,REP,9630,True
Illinois,Lee County,Joe Biden,DEM,6407,False
Illinois,Livingston County,Donald Trump,REP,12208,True
Illinois,Livingston County,Joe Biden,DEM,4615,False
Illinois,Logan County,Donald Trump,REP,9136,True
Illinois,Logan County,Joe Biden,DEM,3840,False
Illinois,McDonough County,Donald Trump,REP,7027,True
Illinois,McDonough County,Joe Biden,DEM,4992,False
Illinois,McHenry County,Donald Trump,REP,82260,True
Illinois,McHenry County,Joe Biden,DEM,78154,False
Illinois,McLean County,Joe Biden,DEM,43933,True
Illinois,McLean County,Donald Trump,REP,40502,False
Illinois,Macon County,Donald Trump,REP,28589,True
Illinois,Macon County,Joe Biden,DEM,19847,False
Illinois,Macoupin County,Donald Trump,REP,16153,True
Illinois,Macoupin County,Joe Biden,DEM,7365,False
Illinois,Madison County,Donald Trump,REP,76031,True
Illinois,Madison County,Joe Biden,DEM,57836,False
Illinois,Marion County,Donald Trump,REP,12678,True
Illinois,Marion County,Joe Biden,DEM,4524,False
Illinois,Marshall County,Donald Trump,REP,4197,True
Illinois,Marshall County,Joe Biden,DEM,2005,False
Illinois,Mason County,Donald Trump,REP,4654,True
Illinois,Mason County,Joe Biden,DEM,1985,False
Illinois,Massac County,Donald Trump,REP,4997,True
Illinois,Massac County,Joe Biden,DEM,1725,False
Illinois,Menard County,Donald Trump,REP,4764,True
Illinois,Menard County,Joe Biden,DEM,2022,False
Illinois,Mercer County,Donald Trump,REP,5418,True
Illinois,Mercer County,Joe Biden,DEM,3280,False
Illinois,Monroe County,Donald Trump,REP,14142,True
Illinois,Monroe County,Joe Biden,DEM,6569,False
Illinois,Montgomery County,Donald Trump,REP,9544,True
Illinois,Montgomery County,Joe Biden,DEM,3905,False
Illinois,Morgan County,Donald Trump,REP,9950,True
Illinois,Morgan County,Joe Biden,DEM,5076,False
Illinois,Moultrie County,Donald Trump,REP,4964,True
Illinois,Moultrie County,Joe Biden,DEM,1662,False
Illinois,Ogle County,Donald Trump,REP,16248,True
Illinois,Ogle County,Joe Biden,DEM,9428,False
Illinois,Peoria County,Joe Biden,DEM,43578,True
Illinois,Peoria County,Donald Trump,REP,38252,False
Illinois,Perry County,Donald Trump,REP,7313,True
Illinois,Perry County,Joe Biden,DEM,2612,False
Illinois,Piatt County,Donald Trump,REP,6248,True
Illinois,Piatt County,Joe Biden,DEM,3329,False
Illinois,Pike County,Donald Trump,REP,6332,True
Illinois,Pike County,Joe Biden,DEM,1484,False
Illinois,Pope County,Donald Trump,REP,1722,True
Illinois,Pope County,Joe Biden,DEM,433,False
Illinois,Pulaski County,Donald Trump,REP,1699,True
Illinois,Pulaski County,Joe Biden,DEM,891,False
Illinois,Putnam County,Donald Trump,REP,1993,True
Illinois,Putnam County,Joe Biden,DEM,1338,False
Illinois,Randolph County,Donald Trump,REP,11076,True
Illinois,Randolph County,Joe Biden,DEM,3592,False
Illinois,Richland County,Donald Trump,REP,6089,True
Illinois,Richland County,Joe Biden,DEM,1830,False
Illinois,Rock Island County,Joe Biden,DEM,36691,True
Illinois,Rock Island County,Donald Trump,REP,28603,False
Illinois,St. Clair County,Joe Biden,DEM,68325,True
Illinois,St. Clair County,Donald Trump,REP,57150,False
Illinois,Saline County,Donald Trump,REP,8103,True
Illinois,Saline County,Joe Biden,DEM,2789,False
Illinois,Sangamon County,Donald Trump,REP,53485,True
Illinois,Sangamon County,Joe Biden,DEM,48917,False
Illinois,Schuyler County,Donald Trump,REP,2773,True
Illinois,Schuyler County,Joe Biden,DEM,1068,False
Illinois,Scott County,Donald Trump,REP,2114,True
Illinois,Scott County,Joe Biden,DEM,572,False
Illinois,Shelby County,Donald Trump,REP,9426,True
Illinois,Shelby County,Joe Biden,DEM,2504,False
Illinois,Stark County,Donald Trump,REP,2004,True
Illinois,Stark County,Joe Biden,DEM,815,False
Illinois,Stephenson County,Donald Trump,REP,12521,True
Illinois,Stephenson County,Joe Biden,DEM,9055,False
Illinois,Tazewell County,Donald Trump,REP,42513,True
Illinois,Tazewell County,Joe Biden,DEM,24819,False
Illinois,Union County,Donald Trump,REP,6161,True
Illinois,Union County,Joe Biden,DEM,2579,False
Illinois,Vermilion County,Donald Trump,REP,20725,True
Illinois,Vermilion County,Joe Biden,DEM,10323,False
Illinois,Wabash County,Donald Trump,REP,4237,True
Illinois,Wabash County,Joe Biden,DEM,1253,False
Illinois,Warren County,Donald Trump,REP,4676,True
Illinois,Warren County,Joe Biden,DEM,3090,False
Illinois,Washington County,Donald Trump,REP,6115,True
Illinois,Washington County,Joe Biden,DEM,1641,False
Illinois,Wayne County,Donald Trump,REP,7176,True
Illinois,Wayne County,Joe Biden,DEM,1187,False
Illinois,White County,Donald Trump,REP,5791,True
Illinois,White County,Joe Biden,DEM,1517,False
Illinois,Whiteside County,Donald Trump,REP,14527,True
Illinois,Whiteside County,Joe Biden,DEM,12253,False
Illinois,Will County,Joe Biden,DEM,183915,True
Illinois,Will County,Donald Trump,REP,155116,False
Illinois,Williamson County,Donald Trump,REP,22801,True
Illinois,Williamson County,Joe Biden,DEM,10206,False
Illinois,Winnebago County,Joe Biden,DEM,64056,True
Illinois,Winnebago County,Donald Trump,REP,60861,False
Illinois,Woodford County,Donald Trump,REP,14799,True
Illinois,Woodford County,Joe Biden,DEM,6160,False
Illinois,Cook Suburbs,Joe Biden,DEM,781238,True
Illinois,Cook Suburbs,Donald Trump,REP,377035,False
Indiana,Adams County,Donald Trump,REP,10686,True
Indiana,Adams County,Joe Biden,DEM,3236,False
Indiana,Allen County,Donald Trump,REP,92083,True
Indiana,Allen County,Joe Biden,DEM,73189,False
Indiana,Bartholomew County,Donald Trump,REP,22410,True
Indiana,Bartholomew County,Joe Biden,DEM,12934,False
Indiana,Benton County,Donald Trump,REP,3007,True
Indiana,Benton County,Joe Biden,DEM,1009,False
Indiana,Blackford County,Donald Trump,REP,3841,True
Indiana,Blackford County,Joe Biden,DEM,1376,False
Indiana,Boone County,Donald Trump,REP,22351,True
Indiana,Boone County,Joe Biden,DEM,15244,False
Indiana,Brown County,Donald Trump,REP,5777,True
Indiana,Brown County,Joe Biden,DEM,3036,False
Indiana,Carroll County,Donald Trump,REP,7086,True
Indiana,Carroll County,Joe Biden,DEM,2224,False
Indiana,Cass County,Donald Trump,REP,10552,True
Indiana,Cass County,Joe Biden,DEM,4304,False
Indiana,Clark County,Donald Trump,REP,33668,True
Indiana,Clark County,Joe Biden,DEM,23093,False
Indiana,Clay County,Donald Trump,REP,9499,True
Indiana,Clay County,Joe Biden,DEM,2552,False
Indiana,Clinton County,Donald Trump,REP,9334,True
Indiana,Clinton County,Joe Biden,DEM,3361,False
Indiana,Crawford County,Donald Trump,REP,3483,True
Indiana,Crawford County,Joe Biden,DEM,1355,False
Indiana,Daviess County,Donald Trump,REP,9576,True
Indiana,Daviess County,Joe Biden,DEM,2169,False
Indiana,Dearborn County,Donald Trump,REP,19528,True
Indiana,Dearborn County,Joe Biden,DEM,5446,False
Indiana,Decatur County,Donald Trump,REP,9575,True
Indiana,Decatur County,Joe Biden,DEM,2439,False
Indiana,DeKalb County,Donald Trump,REP,14237,True
Indiana,DeKalb County,Joe Biden,DEM,4966,False
Indiana,Delaware County,Donald Trump,REP,26827,True
Indiana,Delaware County,Joe Biden,DEM,20474,False
Indiana,Dubois County,Donald Trump,REP,15033,True
Indiana,Dubois County,Joe Biden,DEM,6292,False
Indiana,Elkhart County,Donald Trump,REP,46972,True
Indiana,Elkhart County,Joe Biden,DEM,26108,False
Indiana,Fayette County,Donald Trump,REP,7755,True
Indiana,Fayette County,Joe Biden,DEM,2237,False
Indiana,Floyd County,Donald Trump,REP,23400,True
Indiana,Floyd County,Joe Biden,DEM,17511,False
Indiana,Fountain County,Donald Trump,REP,6154,True
Indiana,Fountain County,Joe Biden,DEM,1629,False
Indiana,Franklin County,Donald Trump,REP,9691,True
Indiana,Franklin County,Joe Biden,DEM,2137,False
Indiana,Fulton County,Donald Trump,REP,6694,True
Indiana,Fulton County,Joe Biden,DEM,2280,False
Indiana,Gibson County,Donald Trump,REP,11817,True
Indiana,Gibson County,Joe Biden,DEM,4023,False
Indiana,Grant County,Donald Trump,REP,18543,True
Indiana,Grant County,Joe Biden,DEM,8015,False
Indiana,Greene County,Donald Trump,REP,11103,True
Indiana,Greene County,Joe Biden,DEM,3389,False
Indiana,Hamilton County,Donald Trump,REP,101587,True
Indiana,Hamilton County,Joe Biden,DEM,88390,False
Indiana,Hancock County,Donald Trump,REP,28996,True
Indiana,Hancock County,Joe Biden,DEM,12895,False
Indiana,Harrison County,Donald Trump,REP,14565,True
Indiana,Harrison County,Joe Biden,DEM,5343,False
Indiana,Hendricks County,Donald Trump,REP,53802,True
Indiana,Hendricks County,Joe Biden,DEM,32604,False
Indiana,Henry County,Donald Trump,REP,15043,True
Indiana,Henry County,Joe Biden,DEM,5544,False
Indiana,Howard County,Donald Trump,REP,26449,True
Indiana,Howard County,Joe Biden,DEM,13303,False
Indiana,Huntington County,Donald Trump,REP,13147,True
Indiana,Huntington County,Joe Biden,DEM,4255,False
Indiana,Jackson County,Donald Trump,REP,14555,True
Indiana,Jackson County,Joe Biden,DEM,4302,False
Indiana,Jasper County,Donald Trump,REP,11383,True
Indiana,Jasper County,Joe Biden,DEM,3798,False
Indiana,Jay County,Donald Trump,REP,6361,True
Indiana,Jay County,Joe Biden,DEM,1926,False
Indiana,Jefferson County,Donald Trump,REP,9663,True
Indiana,Jefferson County,Joe Biden,DEM,4731,False
Indiana,Jennings County,Donald Trump,REP,9490,True
Indiana,Jennings County,Joe Biden,DEM,2523,False
Indiana,Johnson County,Donald Trump,REP,51219,True
Indiana,Johnson County,Joe Biden,DEM,24736,False
Indiana,Knox County,Donald Trump,REP,11655,True
Indiana,Knox County,Joe Biden,DEM,4067,False
Indiana,Kosciusko County,Donald Trump,REP,26499,True
Indiana,Kosciusko County,Joe Biden,DEM,8364,False
Indiana,LaGrange County,Donald Trump,REP,8110,True
Indiana,LaGrange County,Joe Biden,DEM,2355,False
Indiana,Lake County,Joe Biden,DEM,124870,True
Indiana,Lake County,Donald Trump,REP,91760,False
Indiana,LaPorte County,Donald Trump,REP,25997,True
Indiana,LaPorte County,Joe Biden,DEM,22427,False
Indiana,Lawrence County,Donald Trump,REP,15601,True
Indiana,Lawrence County,Joe Biden,DEM,4961,False
Indiana,Madison County,Donald Trump,REP,31215,True
Indiana,Madison County,Joe Biden,DEM,19524,False
Indiana,Marion County,Joe Biden,DEM,247772,True
Indiana,Marion County,Donald Trump,REP,134175,False
Indiana,Marshall County,Donald Trump,REP,13844,True
Indiana,Marshall County,Joe Biden,DEM,5712,False
Indiana,Martin County,Donald Trump,REP,4029,True
Indiana,Martin County,Joe Biden,DEM,1011,False
Indiana,Miami County,Donald Trump,REP,10925,True
Indiana,Miami County,Joe Biden,DEM,3235,False
Indiana,Monroe County,Joe Biden,DEM,39861,True
Indiana,Monroe County,Donald Trump,REP,22071,False
Indiana,Montgomery County,Donald Trump,REP,12659,True
Indiana,Montgomery County,Joe Biden,DEM,4213,False
Indiana,Morgan County,Donald Trump,REP,27512,True
Indiana,Morgan County,Joe Biden,DEM,7781,False
Indiana,Newton County,Donald Trump,REP,4942,True
Indiana,Newton County,Joe Biden,DEM,1509,False
Indiana,Noble County,Donald Trump,REP,14195,True
Indiana,Noble County,Joe Biden,DEM,4660,False
Indiana,Ohio County,Donald Trump,REP,2392,True
Indiana,Ohio County,Joe Biden,DEM,750,False
Indiana,Orange County,Donald Trump,REP,6432,True
Indiana,Orange County,Joe Biden,DEM,2224,False
Indiana,Owen County,Donald Trump,REP,7286,True
Indiana,Owen County,Joe Biden,DEM,2420,False
Indiana,Parke County,Donald Trump,REP,5398,True
Indiana,Parke County,Joe Biden,DEM,1503,False
Indiana,Perry County,Donald Trump,REP,5345,True
Indiana,Perry County,Joe Biden,DEM,3203,False
Indiana,Pike County,Donald Trump,REP,4692,True
Indiana,Pike County,Joe Biden,DEM,1415,False
Indiana,Porter County,Donald Trump,REP,45008,True
Indiana,Porter County,Joe Biden,DEM,39746,False
Indiana,Posey County,Donald Trump,REP,9206,True
Indiana,Posey County,Joe Biden,DEM,3811,False
Indiana,Pulaski County,Donald Trump,REP,4246,True
Indiana,Pulaski County,Joe Biden,DEM,1463,False
Indiana,Putnam County,Donald Trump,REP,12278,True
Indiana,Putnam County,Joe Biden,DEM,3946,False
Indiana,Randolph County,Donald Trump,REP,8312,True
Indiana,Randolph County,Joe Biden,DEM,2513,False
Indiana,Ripley County,Donald Trump,REP,11261,True
Indiana,Ripley County,Joe Biden,DEM,2774,False
Indiana,Rush County,Donald Trump,REP,6035,True
Indiana,Rush County,Joe Biden,DEM,1754,False
Indiana,St. Joseph County,Joe Biden,DEM,59896,True
Indiana,St. Joseph County,Donald Trump,REP,53164,False
Indiana,Scott County,Donald Trump,REP,7328,True
Indiana,Scott County,Joe Biden,DEM,2698,False
Indiana,Shelby County,Donald Trump,REP,14568,True
Indiana,Shelby County,Joe Biden,DEM,5023,False
Indiana,Spencer County,Donald Trump,REP,7357,True
Indiana,Spencer County,Joe Biden,DEM,3213,False
Indiana,Starke County,Donald Trump,REP,7466,True
Indiana,Starke County,Joe Biden,DEM,2650,False
Indiana,Steuben County,Donald Trump,REP,11327,True
Indiana,Steuben County,Joe Biden,DEM,4513,False
Indiana,Sullivan County,Donald Trump,REP,6691,True
Indiana,Sullivan County,Joe Biden,DEM,2153,False
Indiana,Switzerland County,Donald Trump,REP,3133,True
Indiana,Switzerland County,Joe Biden,DEM,964,False
Indiana,Tippecanoe County,Joe Biden,DEM,35017,True
Indiana,Tippecanoe County,Donald Trump,REP,34581,False
Indiana,Tipton County,Donald Trump,REP,6110,True
Indiana,Tipton County,Joe Biden,DEM,1834,False
Indiana,Union County,Donald Trump,REP,2688,True
Indiana,Union County,Joe Biden,DEM,736,False
Indiana,Vanderburgh County,Donald Trump,REP,41844,True
Indiana,Vanderburgh County,Joe Biden,DEM,34415,False
Indiana,Vermillion County,Donald Trump,REP,5184,True
Indiana,Vermillion County,Joe Biden,DEM,2145,False
Indiana,Vigo County,Donald Trump,REP,24545,True
Indiana,Vigo County,Joe Biden,DEM,18123,False
Indiana,Wabash County,Donald Trump,REP,10762,True
Indiana,Wabash County,Joe Biden,DEM,3494,False
Indiana,Warren County,Donald Trump,REP,3401,True
Indiana,Warren County,Joe Biden,DEM,974,False
Indiana,Warrick County,Donald Trump,REP,21326,True
Indiana,Warrick County,Joe Biden,DEM,11923,False
Indiana,Washington County,Donald Trump,REP,9114,True
Indiana,Washington County,Joe Biden,DEM,2784,False
Indiana,Wayne County,Donald Trump,REP,17567,True
Indiana,Wayne County,Joe Biden,DEM,9524,False
Indiana,Wells County,Donald Trump,REP,10855,True
Indiana,Wells County,Joe Biden,DEM,2928,False
Indiana,White County,Donald Trump,REP,7957,True
Indiana,White County,Joe Biden,DEM,3032,False
Indiana,Whitley County,Donald Trump,REP,12862,True
Indiana,Whitley County,Joe Biden,DEM,4234,False
Iowa,Adair County,Donald Trump,REP,2917,True
Iowa,Adair County,Joe Biden,DEM,1198,False
Iowa,Adams County,Donald Trump,REP,1530,True
Iowa,Adams County,Joe Biden,DEM,590,False
Iowa,Allamakee County,Donald Trump,REP,4735,True
Iowa,Allamakee County,Joe Biden,DEM,2576,False
Iowa,Appanoose County,Donald Trump,REP,4512,True
Iowa,Appanoose County,Joe Biden,DEM,1891,False
Iowa,Audubon County,Donald Trump,REP,2295,True
Iowa,Audubon County,Joe Biden,DEM,1071,False
Iowa,Benton County,Donald Trump,REP,9188,True
Iowa,Benton County,Joe Biden,DEM,5160,False
Iowa,Black Hawk County,Joe Biden,DEM,35647,True
Iowa,Black Hawk County,Donald Trump,REP,29640,False
Iowa,Boone County,Donald Trump,REP,8695,True
Iowa,Boone County,Joe Biden,DEM,6303,False
Iowa,Bremer County,Donald Trump,REP,8294,True
Iowa,Bremer County,Joe Biden,DEM,5958,False
Iowa,Buchanan County,Donald Trump,REP,6420,True
Iowa,Buchanan County,Joe Biden,DEM,4169,False
Iowa,Buena Vista County,Donald Trump,REP,5056,True
Iowa,Buena Vista County,Joe Biden,DEM,2961,False
Iowa,Butler County,Donald Trump,REP,5542,True
Iowa,Butler County,Joe Biden,DEM,2424,False
Iowa,Calhoun County,Donald Trump,REP,3689,True
Iowa,Calhoun County,Joe Biden,DEM,1470,False
Iowa,Carroll County,Donald Trump,REP,7737,True
Iowa,Carroll County,Joe Biden,DEM,3454,False
Iowa,Cass County,Donald Trump,REP,4969,True
Iowa,Cass County,Joe Biden,DEM,2201,False
Iowa,Cedar County,Donald Trump,REP,6161,True
Iowa,Cedar County,Joe Biden,DEM,4337,False
Iowa,Cerro Gordo County,Donald Trump,REP,12442,True
Iowa,Cerro Gordo County,Joe Biden,DEM,10941,False
Iowa,Cherokee County,Donald Trump,REP,4495,True
Iowa,Cherokee County,Joe Biden,DEM,1936,False
Iowa,Chickasaw County,Donald Trump,REP,4308,True
Iowa,Chickasaw County,Joe Biden,DEM,2233,False
Iowa,Clarke County,Donald Trump,REP,3144,True
Iowa,Clarke County,Joe Biden,DEM,1466,False
Iowa,Clay County,Donald Trump,REP,6137,True
Iowa,Clay County,Joe Biden,DEM,2662,False
Iowa,Clayton County,Donald Trump,REP,6106,True
Iowa,Clayton County,Joe Biden,DEM,3340,False
Iowa,Clinton County,Donald Trump,REP,13361,True
Iowa,Clinton County,Joe Biden,DEM,10812,False
Iowa,Crawford County,Donald Trump,REP,4854,True
Iowa,Crawford County,Joe Biden,DEM,2220,False
Iowa,Dallas County,Donald Trump,REP,27987,True
Iowa,Dallas County,Joe Biden,DEM,26879,False
Iowa,Davis County,Donald Trump,REP,3032,True
Iowa,Davis County,Joe Biden,DEM,1013,False
Iowa,Decatur County,Donald Trump,REP,2615,True
Iowa,Decatur County,Joe Biden,DEM,1120,False
Iowa,Delaware County,Donald Trump,REP,6666,True
Iowa,Delaware County,Joe Biden,DEM,3157,False
Iowa,Des Moines County,Donald Trump,REP,10592,True
Iowa,Des Moines County,Joe Biden,DEM,8893,False
Iowa,Dickinson County,Donald Trump,REP,7438,True
Iowa,Dickinson County,Joe Biden,DEM,3661,False
Iowa,Dubuque County,Donald Trump,REP,27214,True
Iowa,Dubuque County,Joe Biden,DEM,25657,False
Iowa,Emmet County,Donald Trump,REP,3265,True
Iowa,Emmet County,Joe Biden,DEM,1520,False
Iowa,Fayette County,Donald Trump,REP,6145,True
Iowa,Fayette County,Joe Biden,DEM,3835,False
Iowa,Floyd County,Donald Trump,REP,4732,True
Iowa,Floyd County,Joe Biden,DEM,3172,False
Iowa,Franklin County,Donald Trump,REP,3422,True
Iowa,Franklin County,Joe Biden,DEM,1626,False
Iowa,Fremont County,Donald Trump,REP,2711,True
Iowa,Fremont County,Joe Biden,DEM,1080,False
Iowa,Greene County,Donald Trump,REP,3223,True
Iowa,Greene County,Joe Biden,DEM,1769,False
Iowa,Grundy County,Donald Trump,REP,4929,True
Iowa,Grundy County,Joe Biden,DEM,2206,False
Iowa,Guthrie County,Donald Trump,REP,4272,True
Iowa,Guthrie County,Joe Biden,DEM,1985,False
Iowa,Hamilton County,Donald Trump,REP,4956,True
Iowa,Hamilton County,Joe Biden,DEM,2843,False
Iowa,Hancock County,Donald Trump,REP,4390,True
Iowa,Hancock County,Joe Biden,DEM,1683,False
Iowa,Hardin County,Donald Trump,REP,5850,True
Iowa,Hardin County,Joe Biden,DEM,2976,False
Iowa,Harrison County,Donald Trump,REP,5569,True
Iowa,Harrison County,Joe Biden,DEM,2440,False
Iowa,Henry County,Donald Trump,REP,6507,True
Iowa,Henry County,Joe Biden,DEM,3275,False
Iowa,Howard County,Donald Trump,REP,3127,True
Iowa,Howard County,Joe Biden,DEM,1772,False
Iowa,Humboldt County,Donald Trump,REP,3819,True
Iowa,Humboldt County,Joe Biden,DEM,1442,False
Iowa,Ida County,Donald Trump,REP,2880,True
Iowa,Ida County,Joe Biden,DEM,917,False
Iowa,Iowa County,Donald Trump,REP,6009,True
Iowa,Iowa County,Joe Biden,DEM,3547,False
Iowa,Jackson County,Donald Trump,REP,6940,True
Iowa,Jackson County,Joe Biden,DEM,4029,False
Iowa,Jasper County,Donald Trump,REP,12084,True
Iowa,Jasper County,Joe Biden,DEM,7737,False
Iowa,Jefferson County,Donald Trump,REP,4443,True
Iowa,Jefferson County,Joe Biden,DEM,4319,False
Iowa,Johnson County,Joe Biden,DEM,59177,True
Iowa,Johnson County,Donald Trump,REP,22925,False
Iowa,Jones County,Donald Trump,REP,6572,True
Iowa,Jones County,Joe Biden,DEM,4213,False
Iowa,Keokuk County,Donald Trump,REP,3797,True
Iowa,Keokuk County,Joe Biden,DEM,1414,False
Iowa,Kossuth County,Donald Trump,REP,6275,True
Iowa,Kossuth County,Joe Biden,DEM,2696,False
Iowa,Lee County,Donald Trump,REP,9773,True
Iowa,Lee County,Joe Biden,DEM,6541,False
Iowa,Linn County,Joe Biden,DEM,70874,True
Iowa,Linn County,Donald Trump,REP,53364,False
Iowa,Louisa County,Donald Trump,REP,3500,True
Iowa,Louisa County,Joe Biden,DEM,1726,False
Iowa,Lucas County,Donald Trump,REP,3287,True
Iowa,Lucas County,Joe Biden,DEM,1284,False
Iowa,Lyon County,Donald Trump,REP,5707,True
Iowa,Lyon County,Joe Biden,DEM,1067,False
Iowa,Madison County,Donald Trump,REP,6507,True
Iowa,Madison County,Joe Biden,DEM,3134,False
Iowa,Mahaska County,Donald Trump,REP,8297,True
Iowa,Mahaska County,Joe Biden,DEM,2894,False
Iowa,Marion County,Donald Trump,REP,12663,True
Iowa,Marion County,Joe Biden,DEM,6178,False
Iowa,Marshall County,Donald Trump,REP,9571,True
Iowa,Marshall County,Joe Biden,DEM,8176,False
Iowa,Mills County,Donald Trump,REP,5585,True
Iowa,Mills County,Joe Biden,DEM,2508,False
Iowa,Mitchell County,Donald Trump,REP,3677,True
Iowa,Mitchell County,Joe Biden,DEM,2053,False
Iowa,Monona County,Donald Trump,REP,3248,True
Iowa,Monona County,Joe Biden,DEM,1407,False
Iowa,Monroe County,Donald Trump,REP,2975,True
Iowa,Monroe County,Joe Biden,DEM,1078,False
Iowa,Montgomery County,Donald Trump,REP,3659,True
Iowa,Montgomery County,Joe Biden,DEM,1583,False
Iowa,Muscatine County,Donald Trump,REP,10823,True
Iowa,Muscatine County,Joe Biden,DEM,9372,False
Iowa,O'Brien County,Donald Trump,REP,5861,True
Iowa,O'Brien County,Joe Biden,DEM,1569,False
Iowa,Osceola County,Donald Trump,REP,2690,True
Iowa,Osceola County,Joe Biden,DEM,601,False
Iowa,Page County,Donald Trump,REP,5319,True
Iowa,Page County,Joe Biden,DEM,2086,False
Iowa,Palo Alto County,Donald Trump,REP,3370,True
Iowa,Palo Alto County,Joe Biden,DEM,1519,False
Iowa,Plymouth County,Donald Trump,REP,10492,True
Iowa,Plymouth County,Joe Biden,DEM,3494,False
Iowa,Pocahontas County,Donald Trump,REP,2826,True
Iowa,Pocahontas County,Joe Biden,DEM,933,False
Iowa,Polk County,Joe Biden,DEM,146250,True
Iowa,Polk County,Donald Trump,REP,106800,False
Iowa,Pottawattamie County,Donald Trump,REP,26247,True
Iowa,Pottawattamie County,Joe Biden,DEM,18575,False
Iowa,Poweshiek County,Donald Trump,REP,5657,True
Iowa,Poweshiek County,Joe Biden,DEM,4306,False
Iowa,Ringgold County,Donald Trump,REP,1968,True
Iowa,Ringgold County,Joe Biden,DEM,709,False
Iowa,Sac County,Donald Trump,REP,4061,True
Iowa,Sac County,Joe Biden,DEM,1389,False
Iowa,Scott County,Joe Biden,DEM,46926,True
Iowa,Scott County,Donald Trump,REP,43683,False
Iowa,Shelby County,Donald Trump,REP,4697,True
Iowa,Shelby County,Joe Biden,DEM,1959,False
Iowa,Sioux County,Donald Trump,REP,15680,True
Iowa,Sioux County,Joe Biden,DEM,3019,False
Iowa,Story County,Joe Biden,DEM,29175,True
Iowa,Story County,Donald Trump,REP,20340,False
Iowa,Tama County,Donald Trump,REP,5303,True
Iowa,Tama County,Joe Biden,DEM,3577,False
Iowa,Taylor County,Donald Trump,REP,2463,True
Iowa,Taylor County,Joe Biden,DEM,746,False
Iowa,Union County,Donald Trump,REP,4010,True
Iowa,Union County,Joe Biden,DEM,2061,False
Iowa,Van Buren County,Donald Trump,REP,2859,True
Iowa,Van Buren County,Joe Biden,DEM,875,False
Iowa,Wapello County,Donald Trump,REP,9516,True
Iowa,Wapello County,Joe Biden,DEM,5821,False
Iowa,Warren County,Donald Trump,REP,17782,True
Iowa,Warren County,Joe Biden,DEM,12574,False
Iowa,Washington County,Donald Trump,REP,6971,True
Iowa,Washington County,Joe Biden,DEM,4561,False
Iowa,Wayne County,Donald Trump,REP,2338,True
Iowa,Wayne County,Joe Biden,DEM,727,False
Iowa,Webster County,Donald Trump,REP,10938,True
Iowa,Webster County,Joe Biden,DEM,6613,False
Iowa,Winnebago County,Donald Trump,REP,3707,True
Iowa,Winnebago County,Joe Biden,DEM,2135,False
Iowa,Winneshiek County,Donald Trump,REP,6235,True
Iowa,Winneshiek County,Joe Biden,DEM,5617,False
Iowa,Woodbury County,Donald Trump,REP,25736,True
Iowa,Woodbury County,Joe Biden,DEM,18704,False
Iowa,Worth County,Donald Trump,REP,2738,True
Iowa,Worth County,Joe Biden,DEM,1596,False
Iowa,Wright County,Donald Trump,REP,4136,True
Iowa,Wright County,Joe Biden,DEM,1996,False
Kansas,Allen County,Donald Trump,REP,4155,True
Kansas,Allen County,Joe Biden,DEM,1559,False
Kansas,Anderson County,Donald Trump,REP,2874,True
Kansas,Anderson County,Joe Biden,DEM,765,False
Kansas,Atchison County,Donald Trump,REP,4826,True
Kansas,Atchison County,Joe Biden,DEM,2314,False
Kansas,Barber County,Donald Trump,REP,1992,True
Kansas,Barber County,Joe Biden,DEM,284,False
Kansas,Barton County,Donald Trump,REP,8480,True
Kansas,Barton County,Joe Biden,DEM,2302,False
Kansas,Bourbon County,Donald Trump,REP,4910,True
Kansas,Bourbon County,Joe Biden,DEM,1505,False
Kansas,Brown County,Donald Trump,REP,3206,True
Kansas,Brown County,Joe Biden,DEM,1088,False
Kansas,Butler County,Donald Trump,REP,22250,True
Kansas,Butler County,Joe Biden,DEM,9003,False
Kansas,Chase County,Donald Trump,REP,1114,True
Kansas,Chase County,Joe Biden,DEM,341,False
Kansas,Chautauqua County,Donald Trump,REP,1397,True
Kansas,Chautauqua County,Joe Biden,DEM,212,False
Kansas,Cherokee County,Donald Trump,REP,6622,True
Kansas,Cherokee County,Joe Biden,DEM,2163,False
Kansas,Cheyenne County,Donald Trump,REP,1158,True
Kansas,Cheyenne County,Joe Biden,DEM,220,False
Kansas,Clark County,Donald Trump,REP,885,True
Kansas,Clark County,Joe Biden,DEM,143,False
Kansas,Clay County,Donald Trump,REP,3129,True
Kansas,Clay County,Joe Biden,DEM,883,False
Kansas,Cloud County,Donald Trump,REP,3182,True
Kansas,Cloud County,Joe Biden,DEM,893,False
Kansas,Coffey County,Donald Trump,REP,3407,True
Kansas,Coffey County,Joe Biden,DEM,928,False
Kansas,Comanche County,Donald Trump,REP,745,True
Kansas,Comanche County,Joe Biden,DEM,126,False
Kansas,Cowley County,Donald Trump,REP,9442,True
Kansas,Cowley County,Joe Biden,DEM,4171,False
Kansas,Crawford County,Donald Trump,REP,10045,True
Kansas,Crawford County,Joe Biden,DEM,6179,False
Kansas,Decatur County,Donald Trump,REP,1232,True
Kansas,Decatur County,Joe Biden,DEM,208,False
Kansas,Dickinson County,Donald Trump,REP,7045,True
Kansas,Dickinson County,Joe Biden,DEM,2040,False
Kansas,Doniphan County,Donald Trump,REP,2949,True
Kansas,Doniphan County,Joe Biden,DEM,678,False
Kansas,Douglas County,Joe Biden,DEM,39436,True
Kansas,Douglas County,Donald Trump,REP,16737,False
Kansas,Edwards County,Donald Trump,REP,1127,True
Kansas,Edwards County,Joe Biden,DEM,267,False
Kansas,Elk County,Donald Trump,REP,1130,True
Kansas,Elk County,Joe Biden,DEM,191,False
Kansas,Ellis County,Donald Trump,REP,9569,True
Kansas,Ellis County,Joe Biden,DEM,3633,False
Kansas,Ellsworth County,Donald Trump,REP,2106,True
Kansas,Ellsworth County,Joe Biden,DEM,646,False
Kansas,Finney County,Donald Trump,REP,7079,True
Kansas,Finney County,Joe Biden,DEM,4155,False
Kansas,Ford County,Donald Trump,REP,5763,True
Kansas,Ford County,Joe Biden,DEM,2926,False
Kansas,Franklin County,Donald Trump,REP,8326,True
Kansas,Franklin County,Joe Biden,DEM,3623,False
Kansas,Geary County,Donald Trump,REP,5193,True
Kansas,Geary County,Joe Biden,DEM,3825,False
Kansas,Gove County,Donald Trump,REP,1256,True
Kansas,Gove County,Joe Biden,DEM,163,False
Kansas,Graham County,Donald Trump,REP,1052,True
Kansas,Graham County,Joe Biden,DEM,222,False
Kansas,Grant County,Donald Trump,REP,1910,True
Kansas,Grant County,Joe Biden,DEM,497,False
Kansas,Gray County,Donald Trump,REP,1871,True
Kansas,Gray County,Joe Biden,DEM,337,False
Kansas,Greeley County,Donald Trump,REP,537,True
Kansas,Greeley County,Joe Biden,DEM,77,False
Kansas,Greenwood County,Donald Trump,REP,2404,True
Kansas,Greenwood County,Joe Biden,DEM,562,False
Kansas,Hamilton County,Donald Trump,REP,684,True
Kansas,Hamilton County,Joe Biden,DEM,134,False
Kansas,Harper County,Donald Trump,REP,2128,True
Kansas,Harper County,Joe Biden,DEM,453,False
Kansas,Harvey County,Donald Trump,REP,10015,True
Kansas,Harvey County,Joe Biden,DEM,6652,False
Kansas,Haskell County,Donald Trump,REP,1103,True
Kansas,Haskell County,Joe Biden,DEM,261,False
Kansas,Hodgeman County,Donald Trump,REP,866,True
Kansas,Hodgeman County,Joe Biden,DEM,151,False
Kansas,Jackson County,Donald Trump,REP,4435,True
Kansas,Jackson County,Joe Biden,DEM,1852,False
Kansas,Jefferson County,Donald Trump,REP,6193,True
Kansas,Jefferson County,Joe Biden,DEM,3106,False
Kansas,Jewell County,Donald Trump,REP,1369,True
Kansas,Jewell County,Joe Biden,DEM,211,False
Kansas,Johnson County,Joe Biden,DEM,184259,True
Kansas,Johnson County,Donald Trump,REP,155631,False
Kansas,Kearny County,Donald Trump,REP,1134,True
Kansas,Kearny County,Joe Biden,DEM,255,False
Kansas,Kingman County,Donald Trump,REP,3102,True
Kansas,Kingman County,Joe Biden,DEM,745,False
Kansas,Kiowa County,Donald Trump,REP,957,True
Kansas,Kiowa County,Joe Biden,DEM,153,False
Kansas,Labette County,Donald Trump,REP,5639,True
Kansas,Labette County,Joe Biden,DEM,2607,False
Kansas,Lane County,Donald Trump,REP,757,True
Kansas,Lane County,Joe Biden,DEM,114,False
Kansas,Leavenworth County,Donald Trump,REP,21378,True
Kansas,Leavenworth County,Joe Biden,DEM,13753,False
Kansas,Lincoln County,Donald Trump,REP,1273,True
Kansas,Lincoln County,Joe Biden,DEM,266,False
Kansas,Linn County,Donald Trump,REP,3940,True
Kansas,Linn County,Joe Biden,DEM,863,False
Kansas,Logan County,Donald Trump,REP,1231,True
Kansas,Logan County,Joe Biden,DEM,185,False
Kansas,Lyon County,Donald Trump,REP,7381,True
Kansas,Lyon County,Joe Biden,DEM,5878,False
Kansas,McPherson County,Donald Trump,REP,9562,True
Kansas,McPherson County,Joe Biden,DEM,3977,False
Kansas,Marion County,Donald Trump,REP,4377,True
Kansas,Marion County,Joe Biden,DEM,1463,False
Kansas,Marshall County,Donald Trump,REP,3662,True
Kansas,Marshall County,Joe Biden,DEM,1239,False
Kansas,Meade County,Donald Trump,REP,1508,True
Kansas,Meade County,Joe Biden,DEM,261,False
Kansas,Miami County,Donald Trump,REP,12116,True
Kansas,Miami County,Joe Biden,DEM,5133,False
Kansas,Mitchell County,Donald Trump,REP,2454,True
Kansas,Mitchell County,Joe Biden,DEM,547,False
Kansas,Montgomery County,Donald Trump,REP,9768,True
Kansas,Montgomery County,Joe Biden,DEM,3147,False
Kansas,Morris County,Donald Trump,REP,2085,True
Kansas,Morris County,Joe Biden,DEM,721,False
Kansas,Morton County,Donald Trump,REP,1004,True
Kansas,Morton County,Joe Biden,DEM,147,False
Kansas,Nemaha County,Donald Trump,REP,4612,True
Kansas,Nemaha County,Joe Biden,DEM,920,False
Kansas,Neosho County,Donald Trump,REP,4795,True
Kansas,Neosho County,Joe Biden,DEM,1727,False
Kansas,Ness County,Donald Trump,REP,1315,True
Kansas,Ness County,Joe Biden,DEM,147,False
Kansas,Norton County,Donald Trump,REP,1977,True
Kansas,Norton County,Joe Biden,DEM,361,False
Kansas,Osage County,Donald Trump,REP,5591,True
Kansas,Osage County,Joe Biden,DEM,2099,False
Kansas,Osborne County,Donald Trump,REP,1590,True
Kansas,Osborne County,Joe Biden,DEM,275,False
Kansas,Ottawa County,Donald Trump,REP,2581,True
Kansas,Ottawa County,Joe Biden,DEM,504,False
Kansas,Pawnee County,Donald Trump,REP,2028,True
Kansas,Pawnee County,Joe Biden,DEM,635,False
Kansas,Phillips County,Donald Trump,REP,2388,True
Kansas,Phillips County,Joe Biden,DEM,318,False
Kansas,Pottawatomie County,Donald Trump,REP,9247,True
Kansas,Pottawatomie County,Joe Biden,DEM,3257,False
Kansas,Pratt County,Donald Trump,REP,3087,True
Kansas,Pratt County,Joe Biden,DEM,924,False
Kansas,Rawlins County,Donald Trump,REP,1253,True
Kansas,Rawlins County,Joe Biden,DEM,214,False
Kansas,Reno County,Donald Trump,REP,17948,True
Kansas,Reno County,Joe Biden,DEM,8602,False
Kansas,Republic County,Donald Trump,REP,2172,True
Kansas,Republic County,Joe Biden,DEM,420,False
Kansas,Rice County,Donald Trump,REP,3187,True
Kansas,Rice County,Joe Biden,DEM,953,False
Kansas,Riley County,Joe Biden,DEM,11940,True
Kansas,Riley County,Donald Trump,REP,11174,False
Kansas,Rooks County,Donald Trump,REP,2294,True
Kansas,Rooks County,Joe Biden,DEM,332,False
Kansas,Rush County,Donald Trump,REP,1425,True
Kansas,Rush County,Joe Biden,DEM,291,False
Kansas,Russell County,Donald Trump,REP,2765,True
Kansas,Russell County,Joe Biden,DEM,591,False
Kansas,Saline County,Donald Trump,REP,15313,True
Kansas,Saline County,Joe Biden,DEM,8022,False
Kansas,Scott County,Donald Trump,REP,1991,True
Kansas,Scott County,Joe Biden,DEM,290,False
Kansas,Sedgwick County,Donald Trump,REP,117653,True
Kansas,Sedgwick County,Joe Biden,DEM,90820,False
Kansas,Seward County,Donald Trump,REP,3285,True
Kansas,Seward County,Joe Biden,DEM,1736,False
Kansas,Shawnee County,Joe Biden,DEM,43015,True
Kansas,Shawnee County,Donald Trump,REP,40443,False
Kansas,Sheridan County,Donald Trump,REP,1237,True
Kansas,Sheridan County,Joe Biden,DEM,144,False
Kansas,Sherman County,Donald Trump,REP,2222,True
Kansas,Sherman County,Joe Biden,DEM,386,False
Kansas,Smith County,Donald Trump,REP,1734,True
Kansas,Smith County,Joe Biden,DEM,328,False
Kansas,Stafford County,Donald Trump,REP,1631,True
Kansas,Stafford County,Joe Biden,DEM,355,False
Kansas,Stanton County,Donald Trump,REP,607,True
Kansas,Stanton County,Joe Biden,DEM,147,False
Kansas,Stevens County,Donald Trump,REP,1731,True
Kansas,Stevens County,Joe Biden,DEM,233,False
Kansas,Sumner County,Donald Trump,REP,7998,True
Kansas,Sumner County,Joe Biden,DEM,2551,False
Kansas,Thomas County,Donald Trump,REP,3106,True
Kansas,Thomas County,Joe Biden,DEM,622,False
Kansas,Trego County,Donald Trump,REP,1341,True
Kansas,Trego County,Joe Biden,DEM,238,False
Kansas,Wabaunsee County,Donald Trump,REP,2813,True
Kansas,Wabaunsee County,Joe Biden,DEM,956,False
Kansas,Wallace County,Donald Trump,REP,762,True
Kansas,Wallace County,Joe Biden,DEM,44,False
Kansas,Washington County,Donald Trump,REP,2332,True
Kansas,Washington County,Joe Biden,DEM,467,False
Kansas,Wichita County,Donald Trump,REP,803,True
Kansas,Wichita County,Joe Biden,DEM,147,False
Kansas,Wilson County,Donald Trump,REP,3111,True
Kansas,Wilson County,Joe Biden,DEM,711,False
Kansas,Woodson County,Donald Trump,REP,1189,True
Kansas,Woodson County,Joe Biden,DEM,283,False
Kansas,Wyandotte County,Joe Biden,DEM,35566,True
Kansas,Wyandotte County,Donald Trump,REP,18512,False
Kentucky,Adair County,Donald Trump,REP,7276,True
Kentucky,Adair County,Joe Biden,DEM,1392,False
Kentucky,Allen County,Donald Trump,REP,7587,True
Kentucky,Allen County,Joe Biden,DEM,1642,False
Kentucky,Anderson County,Donald Trump,REP,9661,True
Kentucky,Anderson County,Joe Biden,DEM,3348,False
Kentucky,Ballard County,Donald Trump,REP,3356,True
Kentucky,Ballard County,Joe Biden,DEM,825,False
Kentucky,Barren County,Donald Trump,REP,14654,True
Kentucky,Barren County,Joe Biden,DEM,5127,False
Kentucky,Bath County,Donald Trump,REP,3986,True
Kentucky,Bath County,Joe Biden,DEM,1573,False
Kentucky,Bell County,Donald Trump,REP,8140,True
Kentucky,Bell County,Joe Biden,DEM,1789,False
Kentucky,Boone County,Donald Trump,REP,44814,True
Kentucky,Boone County,Joe Biden,DEM,20901,False
Kentucky,Bourbon County,Donald Trump,REP,6190,True
Kentucky,Bourbon County,Joe Biden,DEM,3296,False
Kentucky,Boyd County,Donald Trump,REP,14295,True
Kentucky,Boyd County,Joe Biden,DEM,7083,False
Kentucky,Boyle County,Donald Trump,REP,8872,True
Kentucky,Boyle County,Joe Biden,DEM,5298,False
Kentucky,Bracken County,Donald Trump,REP,3398,True
Kentucky,Bracken County,Joe Biden,DEM,800,False
Kentucky,Breathitt County,Donald Trump,REP,4265,True
Kentucky,Breathitt County,Joe Biden,DEM,1301,False
Kentucky,Breckinridge County,Donald Trump,REP,7701,True
Kentucky,Breckinridge County,Joe Biden,DEM,2350,False
Kentucky,Bullitt County,Donald Trump,REP,30708,True
Kentucky,Bullitt County,Joe Biden,DEM,10552,False
Kentucky,Butler County,Donald Trump,REP,4960,True
Kentucky,Butler County,Joe Biden,DEM,1079,False
Kentucky,Caldwell County,Donald Trump,REP,4906,True
Kentucky,Caldwell County,Joe Biden,DEM,1433,False
Kentucky,Calloway County,Donald Trump,REP,11352,True
Kentucky,Calloway County,Joe Biden,DEM,5797,False
Kentucky,Campbell County,Donald Trump,REP,28482,True
Kentucky,Campbell County,Joe Biden,DEM,19374,False
Kentucky,Carlisle County,Donald Trump,REP,2159,True
Kentucky,Carlisle County,Joe Biden,DEM,463,False
Kentucky,Carroll County,Donald Trump,REP,2954,True
Kentucky,Carroll County,Joe Biden,DEM,1116,False
Kentucky,Carter County,Donald Trump,REP,8775,True
Kentucky,Carter County,Joe Biden,DEM,2642,False
Kentucky,Casey County,Donald Trump,REP,6179,True
Kentucky,Casey County,Joe Biden,DEM,918,False
Kentucky,Christian County,Donald Trump,REP,15080,True
Kentucky,Christian County,Joe Biden,DEM,8296,False
Kentucky,Clark County,Donald Trump,REP,11811,True
Kentucky,Clark County,Joe Biden,DEM,6004,False
Kentucky,Clay County,Donald Trump,REP,6677,True
Kentucky,Clay County,Joe Biden,DEM,831,False
Kentucky,Clinton County,Donald Trump,REP,4280,True
Kentucky,Clinton County,Joe Biden,DEM,603,False
Kentucky,Crittenden County,Donald Trump,REP,3451,True
Kentucky,Crittenden County,Joe Biden,DEM,731,False
Kentucky,Cumberland County,Donald Trump,REP,2769,True
Kentucky,Cumberland County,Joe Biden,DEM,508,False
Kentucky,Daviess County,Donald Trump,REP,31025,True
Kentucky,Daviess County,Joe Biden,DEM,17286,False
Kentucky,Edmonson County,Donald Trump,REP,4828,True
Kentucky,Edmonson County,Joe Biden,DEM,1227,False
Kentucky,Elliott County,Donald Trump,REP,2246,True
Kentucky,Elliott County,Joe Biden,DEM,712,False
Kentucky,Estill County,Donald Trump,REP,5100,True
Kentucky,Estill County,Joe Biden,DEM,1355,False
Kentucky,Fayette County,Joe Biden,DEM,90600,True
Kentucky,Fayette County,Donald Trump,REP,58860,False
Kentucky,Fleming County,Donald Trump,REP,5534,True
Kentucky,Fleming County,Joe Biden,DEM,1474,False
Kentucky,Floyd County,Donald Trump,REP,12250,True
Kentucky,Floyd County,Joe Biden,DEM,3884,False
Kentucky,Franklin County,Donald Trump,REP,12900,True
Kentucky,Franklin County,Joe Biden,DEM,12652,False
Kentucky,Fulton County,Donald Trump,REP,1606,True
Kentucky,Fulton County,Joe Biden,DEM,794,False
Kentucky,Gallatin County,Donald Trump,REP,2955,True
Kentucky,Gallatin County,Joe Biden,DEM,822,False
Kentucky,Garrard County,Donald Trump,REP,6754,True
Kentucky,Garrard County,Joe Biden,DEM,1830,False
Kentucky,Grant County,Donald Trump,REP,8725,True
Kentucky,Grant County,Joe Biden,DEM,2205,False
Kentucky,Graves County,Donald Trump,REP,13206,True
Kentucky,Graves County,Joe Biden,DEM,3560,False
Kentucky,Grayson County,Donald Trump,REP,9453,True
Kentucky,Grayson County,Joe Biden,DEM,2400,False
Kentucky,Green County,Donald Trump,REP,4838,True
Kentucky,Green County,Joe Biden,DEM,920,False
Kentucky,Greenup County,Donald Trump,REP,13064,True
Kentucky,Greenup County,Joe Biden,DEM,4873,False
Kentucky,Hancock County,Donald Trump,REP,3145,True
Kentucky,Hancock County,Joe Biden,DEM,1351,False
Kentucky,Hardin County,Donald Trump,REP,29832,True
Kentucky,Hardin County,Joe Biden,DEM,18101,False
Kentucky,Harlan County,Donald Trump,REP,9367,True
Kentucky,Harlan County,Joe Biden,DEM,1494,False
Kentucky,Harrison County,Donald Trump,REP,6334,True
Kentucky,Harrison County,Joe Biden,DEM,2400,False
Kentucky,Hart County,Donald Trump,REP,6345,True
Kentucky,Hart County,Joe Biden,DEM,1908,False
Kentucky,Henderson County,Donald Trump,REP,12730,True
Kentucky,Henderson County,Joe Biden,DEM,7639,False
Kentucky,Henry County,Donald Trump,REP,5843,True
Kentucky,Henry County,Joe Biden,DEM,2142,False
Kentucky,Hickman County,Donald Trump,REP,1714,True
Kentucky,Hickman County,Joe Biden,DEM,458,False
Kentucky,Hopkins County,Donald Trump,REP,15757,True
Kentucky,Hopkins County,Joe Biden,DEM,5439,False
Kentucky,Jackson County,Donald Trump,REP,5453,True
Kentucky,Jackson County,Joe Biden,DEM,605,False
Kentucky,Jefferson County,Joe Biden,DEM,228358,True
Kentucky,Jefferson County,Donald Trump,REP,150646,False
Kentucky,Jessamine County,Donald Trump,REP,17096,True
Kentucky,Jessamine County,Joe Biden,DEM,8567,False
Kentucky,Johnson County,Donald Trump,REP,8450,True
Kentucky,Johnson County,Joe Biden,DEM,1608,False
Kentucky,Kenton County,Donald Trump,REP,48129,True
Kentucky,Kenton County,Joe Biden,DEM,32271,False
Kentucky,Knott County,Donald Trump,REP,4780,True
Kentucky,Knott County,Joe Biden,DEM,1412,False
Kentucky,Knox County,Donald Trump,REP,11012,True
Kentucky,Knox County,Joe Biden,DEM,2114,False
Kentucky,Larue County,Donald Trump,REP,5685,True
Kentucky,Larue County,Joe Biden,DEM,1504,False
Kentucky,Laurel County,Donald Trump,REP,23237,True
Kentucky,Laurel County,Joe Biden,DEM,4475,False
Kentucky,Lawrence County,Donald Trump,REP,5633,True
Kentucky,Lawrence County,Joe Biden,DEM,1238,False
Kentucky,Lee County,Donald Trump,REP,2273,True
Kentucky,Lee County,Joe Biden,DEM,481,False
Kentucky,Leslie County,Donald Trump,REP,4321,True
Kentucky,Leslie County,Joe Biden,DEM,446,False
Kentucky,Letcher County,Donald Trump,REP,7226,True
Kentucky,Letcher County,Joe Biden,DEM,1799,False
Kentucky,Lewis County,Donald Trump,REP,4986,True
Kentucky,Lewis County,Joe Biden,DEM,823,False
Kentucky,Lincoln County,Donald Trump,REP,8489,True
Kentucky,Lincoln County,Joe Biden,DEM,2254,False
Kentucky,Livingston County,Donald Trump,REP,4010,True
Kentucky,Livingston County,Joe Biden,DEM,939,False
Kentucky,Logan County,Donald Trump,REP,9067,True
Kentucky,Logan County,Joe Biden,DEM,3094,False
Kentucky,Lyon County,Donald Trump,REP,3100,True
Kentucky,Lyon County,Joe Biden,DEM,1092,False
Kentucky,McCracken County,Donald Trump,REP,21820,True
Kentucky,McCracken County,Joe Biden,DEM,11195,False
Kentucky,McCreary County,Donald Trump,REP,5664,True
Kentucky,McCreary County,Joe Biden,DEM,725,False
Kentucky,McLean County,Donald Trump,REP,3633,True
Kentucky,McLean County,Joe Biden,DEM,1074,False
Kentucky,Madison County,Donald Trump,REP,27356,True
Kentucky,Madison County,Joe Biden,DEM,15581,False
Kentucky,Magoffin County,Donald Trump,REP,4174,True
Kentucky,Magoffin County,Joe Biden,DEM,1214,False
Kentucky,Marion County,Donald Trump,REP,6113,True
Kentucky,Marion County,Joe Biden,DEM,2722,False
Kentucky,Marshall County,Donald Trump,REP,13297,True
Kentucky,Marshall County,Joe Biden,DEM,4071,False
Kentucky,Martin County,Donald Trump,REP,3496,True
Kentucky,Martin County,Joe Biden,DEM,403,False
Kentucky,Mason County,Donald Trump,REP,5477,True
Kentucky,Mason County,Joe Biden,DEM,2362,False
Kentucky,Meade County,Donald Trump,REP,10185,True
Kentucky,Meade County,Joe Biden,DEM,3632,False
Kentucky,Menifee County,Donald Trump,REP,2311,True
Kentucky,Menifee County,Joe Biden,DEM,750,False
Kentucky,Mercer County,Donald Trump,REP,8506,True
Kentucky,Mercer County,Joe Biden,DEM,3033,False
Kentucky,Metcalfe County,Donald Trump,REP,3959,True
Kentucky,Metcalfe County,Joe Biden,DEM,975,False
Kentucky,Monroe County,Donald Trump,REP,4628,True
Kentucky,Monroe County,Joe Biden,DEM,657,False
Kentucky,Montgomery County,Donald Trump,REP,8993,True
Kentucky,Montgomery County,Joe Biden,DEM,3630,False
Kentucky,Morgan County,Donald Trump,REP,4301,True
Kentucky,Morgan County,Joe Biden,DEM,1175,False
Kentucky,Muhlenberg County,Donald Trump,REP,10497,True
Kentucky,Muhlenberg County,Joe Biden,DEM,3545,False
Kentucky,Nelson County,Donald Trump,REP,15703,True
Kentucky,Nelson County,Joe Biden,DEM,7188,False
Kentucky,Nicholas County,Donald Trump,REP,2408,True
Kentucky,Nicholas County,Joe Biden,DEM,955,False
Kentucky,Ohio County,Donald Trump,REP,8582,True
Kentucky,Ohio County,Joe Biden,DEM,2404,False
Kentucky,Oldham County,Donald Trump,REP,22654,True
Kentucky,Oldham County,Joe Biden,DEM,14505,False
Kentucky,Owen County,Donald Trump,REP,4292,True
Kentucky,Owen County,Joe Biden,DEM,1098,False
Kentucky,Owsley County,Donald Trump,REP,1671,True
Kentucky,Owsley County,Joe Biden,DEM,216,False
Kentucky,Pendleton County,Donald Trump,REP,5515,True
Kentucky,Pendleton County,Joe Biden,DEM,1322,False
Kentucky,Perry County,Donald Trump,REP,8129,True
Kentucky,Perry County,Joe Biden,DEM,2356,False
Kentucky,Pike County,Donald Trump,REP,20284,True
Kentucky,Pike County,Joe Biden,DEM,4866,False
Kentucky,Powell County,Donald Trump,REP,4041,True
Kentucky,Powell County,Joe Biden,DEM,1367,False
Kentucky,Pulaski County,Donald Trump,REP,25442,True
Kentucky,Pulaski County,Joe Biden,DEM,5666,False
Kentucky,Robertson County,Donald Trump,REP,884,True
Kentucky,Robertson County,Joe Biden,DEM,253,False
Kentucky,Rockcastle County,Donald Trump,REP,6577,True
Kentucky,Rockcastle County,Joe Biden,DEM,1134,False
Kentucky,Rowan County,Donald Trump,REP,5994,True
Kentucky,Rowan County,Joe Biden,DEM,3880,False
Kentucky,Russell County,Donald Trump,REP,7519,True
Kentucky,Russell County,Joe Biden,DEM,1331,False
Kentucky,Scott County,Donald Trump,REP,17767,True
Kentucky,Scott County,Joe Biden,DEM,10567,False
Kentucky,Shelby County,Donald Trump,REP,15055,True
Kentucky,Shelby County,Joe Biden,DEM,8077,False
Kentucky,Simpson County,Donald Trump,REP,5888,True
Kentucky,Simpson County,Joe Biden,DEM,2681,False
Kentucky,Spencer County,Donald Trump,REP,8737,True
Kentucky,Spencer County,Joe Biden,DEM,2530,False
Kentucky,Taylor County,Donald Trump,REP,9376,True
Kentucky,Taylor County,Joe Biden,DEM,2963,False
Kentucky,Todd County,Donald Trump,REP,4062,True
Kentucky,Todd County,Joe Biden,DEM,1205,False
Kentucky,Trigg County,Donald Trump,REP,5487,True
Kentucky,Trigg County,Joe Biden,DEM,1791,False
Kentucky,Trimble County,Donald Trump,REP,3227,True
Kentucky,Trimble County,Joe Biden,DEM,1012,False
Kentucky,Union County,Donald Trump,REP,4965,True
Kentucky,Union County,Joe Biden,DEM,1529,False
Kentucky,Warren County,Donald Trump,REP,31791,True
Kentucky,Warren County,Joe Biden,DEM,22479,False
Kentucky,Washington County,Donald Trump,REP,4482,True
Kentucky,Washington County,Joe Biden,DEM,1644,False
Kentucky,Wayne County,Donald Trump,REP,7430,True
Kentucky,Wayne County,Joe Biden,DEM,1700,False
Kentucky,Webster County,Donald Trump,REP,4506,True
Kentucky,Webster County,Joe Biden,DEM,1412,False
Kentucky,Whitley County,Donald Trump,REP,12567,True
Kentucky,Whitley County,Joe Biden,DEM,2552,False
Kentucky,Wolfe County,Donald Trump,REP,2097,True
Kentucky,Wolfe County,Joe Biden,DEM,839,False
Kentucky,Woodford County,Donald Trump,REP,8362,True
Kentucky,Woodford County,Joe Biden,DEM,6530,False
Louisiana,Acadia Parish,Donald Trump,REP,22596,True
Louisiana,Acadia Parish,Joe Biden,DEM,5443,False
Louisiana,Allen Parish,Donald Trump,REP,7574,True
Louisiana,Allen Parish,Joe Biden,DEM,2108,False
Louisiana,Ascension Parish,Donald Trump,REP,40687,True
Louisiana,Ascension Parish,Joe Biden,DEM,20399,False
Louisiana,Assumption Parish,Donald Trump,REP,7271,True
Louisiana,Assumption Parish,Joe Biden,DEM,3833,False
Louisiana,Avoyelles Parish,Donald Trump,REP,12028,True
Louisiana,Avoyelles Parish,Joe Biden,DEM,4979,False
Louisiana,Beauregard Parish,Donald Trump,REP,13575,True
Louisiana,Beauregard Parish,Joe Biden,DEM,2542,False
Louisiana,Bienville Parish,Donald Trump,REP,3891,True
Louisiana,Bienville Parish,Joe Biden,DEM,3067,False
Louisiana,Bossier Parish,Donald Trump,REP,38074,True
Louisiana,Bossier Parish,Joe Biden,DEM,15662,False
Louisiana,Caddo Parish,Joe Biden,DEM,55110,True
Louisiana,Caddo Parish,Donald Trump,REP,48021,False
Louisiana,Calcasieu Parish,Donald Trump,REP,55066,True
Louisiana,Calcasieu Parish,Joe Biden,DEM,25982,False
Louisiana,Caldwell Parish,Donald Trump,REP,3976,True
Louisiana,Caldwell Parish,Joe Biden,DEM,745,False
Louisiana,Cameron Parish,Donald Trump,REP,3671,True
Louisiana,Cameron Parish,Joe Biden,DEM,324,False
Louisiana,Catahoula Parish,Donald Trump,REP,3541,True
Louisiana,Catahoula Parish,Joe Biden,DEM,1269,False
Louisiana,Claiborne Parish,Donald Trump,REP,3770,True
Louisiana,Claiborne Parish,Joe Biden,DEM,2731,False
Louisiana,Concordia Parish,Donald Trump,REP,5550,True
Louisiana,Concordia Parish,Joe Biden,DEM,3177,False
Louisiana,De Soto Parish,Donald Trump,REP,9112,True
Louisiana,De Soto Parish,Joe Biden,DEM,5457,False
Louisiana,East Baton Rouge Parish,Joe Biden,DEM,115577,True
Louisiana,East Baton Rouge Parish,Donald Trump,REP,88420,False
Louisiana,East Carroll Parish,Joe Biden,DEM,1900,True
Louisiana,East Carroll Parish,Donald Trump,REP,1080,False
Louisiana,East Feliciana Parish,Donald Trump,REP,6064,True
Louisiana,East Feliciana Parish,Joe Biden,DEM,4280,False
Louisiana,Evangeline Parish,Donald Trump,REP,11053,True
Louisiana,Evangeline Parish,Joe Biden,DEM,4158,False
Louisiana,Franklin Parish,Donald Trump,REP,6970,True
Louisiana,Franklin Parish,Joe Biden,DEM,2658,False
Louisiana,Grant Parish,Donald Trump,REP,8117,True
Louisiana,Grant Parish,Joe Biden,DEM,1157,False
Louisiana,Iberia Parish,Donald Trump,REP,21251,True
Louisiana,Iberia Parish,Joe Biden,DEM,11027,False
Louisiana,Iberville Parish,Joe Biden,DEM,8514,True
Louisiana,Iberville Parish,Donald Trump,REP,7893,False
Louisiana,Jackson Parish,Donald Trump,REP,5394,True
Louisiana,Jackson Parish,Joe Biden,DEM,2143,False
Louisiana,Jefferson Parish,Donald Trump,REP,105949,True
Louisiana,Jefferson Parish,Joe Biden,DEM,84477,False
Louisiana,Jefferson Davis Parish,Donald Trump,REP,11423,True
Louisiana,Jefferson Davis Parish,Joe Biden,DEM,3208,False
Louisiana,Lafayette Parish,Donald Trump,REP,72519,True
Louisiana,Lafayette Parish,Joe Biden,DEM,39685,False
Louisiana,Lafourche Parish,Donald Trump,REP,36024,True
Louisiana,Lafourche Parish,Joe Biden,DEM,8672,False
Louisiana,LaSalle Parish,Donald Trump,REP,6378,True
Louisiana,LaSalle Parish,Joe Biden,DEM,638,False
Louisiana,Lincoln Parish,Donald Trump,REP,11311,True
Louisiana,Lincoln Parish,Joe Biden,DEM,7559,False
Louisiana,Livingston Parish,Donald Trump,REP,54877,True
Louisiana,Livingston Parish,Joe Biden,DEM,9249,False
Louisiana,Madison Parish,Joe Biden,DEM,2654,True
Louisiana,Madison Parish,Donald Trump,REP,1930,False
Louisiana,Morehouse Parish,Donald Trump,REP,6510,True
Louisiana,Morehouse Parish,Joe Biden,DEM,4946,False
Louisiana,Natchitoches Parish,Donald Trump,REP,9358,True
Louisiana,Natchitoches Parish,Joe Biden,DEM,6896,False
Louisiana,Orleans Parish,Joe Biden,DEM,147854,True
Louisiana,Orleans Parish,Donald Trump,REP,26664,False
Louisiana,Ouachita Parish,Donald Trump,REP,42255,True
Louisiana,Ouachita Parish,Joe Biden,DEM,25913,False
Louisiana,Plaquemines Parish,Donald Trump,REP,7412,True
Louisiana,Plaquemines Parish,Joe Biden,DEM,3414,False
Louisiana,Pointe Coupee Parish,Donald Trump,REP,7503,True
Louisiana,Pointe Coupee Parish,Joe Biden,DEM,4683,False
Louisiana,Rapides Parish,Donald Trump,REP,38347,True
Louisiana,Rapides Parish,Joe Biden,DEM,19475,False
Louisiana,Red River Parish,Donald Trump,REP,2413,True
Louisiana,Red River Parish,Joe Biden,DEM,1644,False
Louisiana,Richland Parish,Donald Trump,REP,6607,True
Louisiana,Richland Parish,Joe Biden,DEM,3225,False
Louisiana,Sabine Parish,Donald Trump,REP,8776,True
Louisiana,Sabine Parish,Joe Biden,DEM,1731,False
Louisiana,St. Bernard Parish,Donald Trump,REP,11179,True
Louisiana,St. Bernard Parish,Joe Biden,DEM,6151,False
Louisiana,St. Charles Parish,Donald Trump,REP,18233,True
Louisiana,St. Charles Parish,Joe Biden,DEM,9800,False
Louisiana,St. Helena Parish,Joe Biden,DEM,3346,True
Louisiana,St. Helena Parish,Donald Trump,REP,2714,False
Louisiana,St. James Parish,Joe Biden,DEM,6510,True
Louisiana,St. James Parish,Donald Trump,REP,5954,False
Louisiana,St. John the Baptist Parish,Joe Biden,DEM,13582,True
Louisiana,St. John the Baptist Parish,Donald Trump,REP,7538,False
Louisiana,St. Landry Parish,Donald Trump,REP,23171,True
Louisiana,St. Landry Parish,Joe Biden,DEM,17372,False
Louisiana,St. Martin Parish,Donald Trump,REP,18203,True
Louisiana,St. Martin Parish,Joe Biden,DEM,8439,False
Louisiana,St. Mary Parish,Donald Trump,REP,14811,True
Louisiana,St. Mary Parish,Joe Biden,DEM,8055,False
Louisiana,St. Tammany Parish,Donald Trump,REP,99666,True
Louisiana,St. Tammany Parish,Joe Biden,DEM,37746,False
Louisiana,Tangipahoa Parish,Donald Trump,REP,37806,True
Louisiana,Tangipahoa Parish,Joe Biden,DEM,18887,False
Louisiana,Tensas Parish,Joe Biden,DEM,1329,True
Louisiana,Tensas Parish,Donald Trump,REP,1197,False
Louisiana,Terrebonne Parish,Donald Trump,REP,34339,True
Louisiana,Terrebonne Parish,Joe Biden,DEM,11198,False
Louisiana,Union Parish,Donald Trump,REP,8407,True
Louisiana,Union Parish,Joe Biden,DEM,2654,False
Louisiana,Vermilion Parish,Donald Trump,REP,21930,True
Louisiana,Vermilion Parish,Joe Biden,DEM,5009,False
Louisiana,Vernon Parish,Donald Trump,REP,14107,True
Louisiana,Vernon Parish,Joe Biden,DEM,2898,False
Louisiana,Washington Parish,Donald Trump,REP,13307,True
Louisiana,Washington Parish,Joe Biden,DEM,5970,False
Louisiana,Webster Parish,Donald Trump,REP,11830,True
Louisiana,Webster Parish,Joe Biden,DEM,6172,False
Louisiana,West Baton Rouge Parish,Donald Trump,REP,7684,True
Louisiana,West Baton Rouge Parish,Joe Biden,DEM,6200,False
Louisiana,West Carroll Parish,Donald Trump,REP,4317,True
Louisiana,West Carroll Parish,Joe Biden,DEM,710,False
Louisiana,West Feliciana Parish,Donald Trump,REP,3863,True
Louisiana,West Feliciana Parish,Joe Biden,DEM,2298,False
Louisiana,Winn Parish,Donald Trump,REP,4619,True
Louisiana,Winn Parish,Joe Biden,DEM,1543,False
Maine,Aroostook Cty Townships,Donald Trump,REP,150,True
Maine,Aroostook Cty Townships,Joe Biden,DEM,141,False
Maine,Franklin Cty Townships,Joe Biden,DEM,31,True
Maine,Franklin Cty Townships,Donald Trump,REP,17,False
Maine,Hancock Cty Townships,Donald Trump,REP,7,True
Maine,Hancock Cty Townships,Joe Biden,DEM,6,False
Maine,Oxford Cty Townships,Donald Trump,REP,159,True
Maine,Oxford Cty Townships,Joe Biden,DEM,152,False
Maine,Penobscot Cty Townships,Donald Trump,REP,348,True
Maine,Penobscot Cty Townships,Joe Biden,DEM,150,False
Maine,Piscataquis Cty Townshps,Donald Trump,REP,61,True
Maine,Piscataquis Cty Townshps,Joe Biden,DEM,26,False
Maine,Somerset Cty Townships,Donald Trump,REP,173,True
Maine,Somerset Cty Townships,Joe Biden,DEM,63,False
Maine,Washington Cty Townships,Donald Trump,REP,21,True
Maine,Washington Cty Townships,Joe Biden,DEM,9,False
Maine,Indian Township Vtng Dst,Joe Biden,DEM,191,True
Maine,Indian Township Vtng Dst,Donald Trump,REP,69,False
Maine,Oxbow Plt.,Donald Trump,REP,22,True
Maine,Oxbow Plt.,Joe Biden,DEM,13,False
Maine,Pleasant Point Votng Dst,Joe Biden,DEM,196,True
Maine,Pleasant Point Votng Dst,Donald Trump,REP,35,False
Maine,Auburn,Joe Biden,DEM,6482,True
Maine,Auburn,Donald Trump,REP,5409,False
Maine,Durham,Joe Biden,DEM,1361,True
Maine,Durham,Donald Trump,REP,1333,False
Maine,Greene,Donald Trump,REP,1663,True
Maine,Greene,Joe Biden,DEM,914,False
Maine,Leeds,Donald Trump,REP,818,True
Maine,Leeds,Joe Biden,DEM,505,False
Maine,Lewiston,Joe Biden,DEM,9616,True
Maine,Lewiston,Donald Trump,REP,7232,False
Maine,Lisbon,Donald Trump,REP,2853,True
Maine,Lisbon,Joe Biden,DEM,2190,False
Maine,Livermore,Donald Trump,REP,783,True
Maine,Livermore,Joe Biden,DEM,573,False
Maine,Livermore Falls,Donald Trump,REP,809,True
Maine,Livermore Falls,Joe Biden,DEM,540,False
Maine,Mechanic Falls,Donald Trump,REP,989,True
Maine,Mechanic Falls,Joe Biden,DEM,650,False
Maine,Minot,Donald Trump,REP,1040,True
Maine,Minot,Joe Biden,DEM,676,False
Maine,Poland,Donald Trump,REP,1906,True
Maine,Poland,Joe Biden,DEM,1513,False
Maine,Sabattus,Donald Trump,REP,1765,True
Maine,Sabattus,Joe Biden,DEM,1034,False
Maine,Turner,Donald Trump,REP,2052,True
Maine,Turner,Joe Biden,DEM,1288,False
Maine,Wales,Donald Trump,REP,616,True
Maine,Wales,Joe Biden,DEM,275,False
Maine,Allagash,Donald Trump,REP,95,True
Maine,Allagash,Joe Biden,DEM,74,False
Maine,Amity,Donald Trump,REP,96,True
Maine,Amity,Joe Biden,DEM,27,False
Maine,Ashland,Donald Trump,REP,376,True
Maine,Ashland,Joe Biden,DEM,231,False
Maine,Blaine,Donald Trump,REP,298,True
Maine,Blaine,Joe Biden,DEM,97,False
Maine,Bridgewater,Donald Trump,REP,214,True
Maine,Bridgewater,Joe Biden,DEM,77,False
Maine,Caribou,Donald Trump,REP,2262,True
Maine,Caribou,Joe Biden,DEM,1702,False
Maine,Castle Hill,Donald Trump,REP,130,True
Maine,Castle Hill,Joe Biden,DEM,97,False
Maine,Caswell,Donald Trump,REP,73,True
Maine,Caswell,Joe Biden,DEM,59,False
Maine,Chapman,Donald Trump,REP,177,True
Maine,Chapman,Joe Biden,DEM,97,False
Maine,Crystal,Donald Trump,REP,120,True
Maine,Crystal,Joe Biden,DEM,39,False
Maine,Cyr Plt.,Donald Trump,REP,30,True
Maine,Cyr Plt.,Joe Biden,DEM,26,False
Maine,Dyer Brook,Donald Trump,REP,106,True
Maine,Dyer Brook,Joe Biden,DEM,40,False
Maine,Eagle Lake,Donald Trump,REP,256,True
Maine,Eagle Lake,Joe Biden,DEM,197,False
Maine,Easton,Donald Trump,REP,467,True
Maine,Easton,Joe Biden,DEM,241,False
Maine,Fort Fairfield,Donald Trump,REP,985,True
Maine,Fort Fairfield,Joe Biden,DEM,674,False
Maine,Fort Kent,Donald Trump,REP,1141,True
Maine,Fort Kent,Joe Biden,DEM,1069,False
Maine,Frenchville,Donald Trump,REP,361,True
Maine,Frenchville,Joe Biden,DEM,235,False
Maine,Garfield Plt.,Donald Trump,REP,42,True
Maine,Garfield Plt.,Joe Biden,DEM,11,False
Maine,Glenwood Plt.,Donald Trump,REP,1,False
Maine,Grand Isle,Donald Trump,REP,119,True
Maine,Grand Isle,Joe Biden,DEM,107,False
Maine,Hamlin,Donald Trump,REP,61,True
Maine,Hamlin,Joe Biden,DEM,48,False
Maine,Hammond,Donald Trump,REP,34,True
Maine,Hammond,Joe Biden,DEM,11,False
Maine,Haynesville,Donald Trump,REP,50,True
Maine,Haynesville,Joe Biden,DEM,12,False
Maine,Hersey,Joe Biden,DEM,8,False
Maine,Hodgdon,Donald Trump,REP,613,True
Maine,Hodgdon,Joe Biden,DEM,185,False
Maine,Houlton,Donald Trump,REP,1639,True
Maine,Houlton,Joe Biden,DEM,1046,False
Maine,Island Falls,Donald Trump,REP,306,True
Maine,Island Falls,Joe Biden,DEM,132,False
Maine,Limestone,Donald Trump,REP,423,True
Maine,Limestone,Joe Biden,DEM,325,False
Maine,Linneus,Donald Trump,REP,411,True
Maine,Linneus,Joe Biden,DEM,93,False
Maine,Littleton,Donald Trump,REP,381,True
Maine,Littleton,Joe Biden,DEM,141,False
Maine,Ludlow,Donald Trump,REP,169,True
Maine,Ludlow,Joe Biden,DEM,78,False
Maine,Macwahoc Plt.,Donald Trump,REP,30,True
Maine,Macwahoc Plt.,Joe Biden,DEM,12,False
Maine,Madawaska,Joe Biden,DEM,1143,True
Maine,Madawaska,Donald Trump,REP,940,False
Maine,Mapleton,Donald Trump,REP,726,True
Maine,Mapleton,Joe Biden,DEM,406,False
Maine,Mars Hill,Donald Trump,REP,511,True
Maine,Mars Hill,Joe Biden,DEM,222,False
Maine,Masardis,Donald Trump,REP,85,True
Maine,Masardis,Joe Biden,DEM,34,False
Maine,Merrill,Donald Trump,REP,91,True
Maine,Merrill,Joe Biden,DEM,43,False
Maine,Monticello,Donald Trump,REP,335,True
Maine,Monticello,Joe Biden,DEM,96,False
Maine,Moro Plt.,Donald Trump,REP,27,True
Maine,Moro Plt.,Joe Biden,DEM,2,False
Maine,Nashville Plt.,Donald Trump,REP,16,True
Maine,Nashville Plt.,Joe Biden,DEM,7,False
Maine,New Canada,Donald Trump,REP,93,True
Maine,New Canada,Joe Biden,DEM,61,False
Maine,New Limerick,Donald Trump,REP,253,True
Maine,New Limerick,Joe Biden,DEM,115,False
Maine,New Sweden,Donald Trump,REP,178,True
Maine,New Sweden,Joe Biden,DEM,137,False
Maine,Oakfield,Donald Trump,REP,286,True
Maine,Oakfield,Joe Biden,DEM,111,False
Maine,Orient,Donald Trump,REP,68,True
Maine,Orient,Joe Biden,DEM,22,False
Maine,Penobscot Nation Vot Dst,Joe Biden,DEM,237,True
Maine,Penobscot Nation Vot Dst,Donald Trump,REP,54,False
Maine,Perham,Donald Trump,REP,146,True
Maine,Perham,Joe Biden,DEM,62,False
Maine,Portage Lake,Donald Trump,REP,160,True
Maine,Portage Lake,Joe Biden,DEM,99,False
Maine,Presque Isle,Donald Trump,REP,2266,True
Maine,Presque Isle,Joe Biden,DEM,1859,False
Maine,Reed Plt.,Donald Trump,REP,58,True
Maine,Reed Plt.,Joe Biden,DEM,23,False
Maine,Saint Agatha,Donald Trump,REP,334,True
Maine,Saint Agatha,Joe Biden,DEM,292,False
Maine,St. Francis,Joe Biden,DEM,121,True
Maine,St. Francis,Donald Trump,REP,121,False
Maine,St. John Plt.,Donald Trump,REP,104,True
Maine,St. John Plt.,Joe Biden,DEM,63,False
Maine,Sherman,Donald Trump,REP,497,True
Maine,Sherman,Joe Biden,DEM,157,False
Maine,Smyrna,Donald Trump,REP,111,True
Maine,Smyrna,Joe Biden,DEM,46,False
Maine,Stockholm,Donald Trump,REP,86,True
Maine,Stockholm,Joe Biden,DEM,70,False
Maine,Van Buren,Joe Biden,DEM,471,True
Maine,Van Buren,Donald Trump,REP,415,False
Maine,Wade,Donald Trump,REP,79,True
Maine,Wade,Joe Biden,DEM,53,False
Maine,Wallagrass,Joe Biden,DEM,153,True
Maine,Wallagrass,Donald Trump,REP,134,False
Maine,Washburn,Donald Trump,REP,518,True
Maine,Washburn,Joe Biden,DEM,278,False
Maine,Westfield,Donald Trump,REP,174,True
Maine,Westfield,Joe Biden,DEM,92,False
Maine,Westmanland,Joe Biden,DEM,30,True
Maine,Westmanland,Donald Trump,REP,24,False
Maine,Weston,Donald Trump,REP,125,True
Maine,Weston,Joe Biden,DEM,55,False
Maine,Winterville Plt.,Donald Trump,REP,72,True
Maine,Winterville Plt.,Joe Biden,DEM,49,False
Maine,Woodland,Donald Trump,REP,409,True
Maine,Woodland,Joe Biden,DEM,239,False
Maine,Baldwin,Donald Trump,REP,623,True
Maine,Baldwin,Joe Biden,DEM,350,False
Maine,Bridgton,Joe Biden,DEM,1656,True
Maine,Bridgton,Donald Trump,REP,1528,False
Maine,Brunswick,Joe Biden,DEM,9728,True
Maine,Brunswick,Donald Trump,REP,3733,False
Maine,Cape Elizabeth,Joe Biden,DEM,5349,True
Maine,Cape Elizabeth,Donald Trump,REP,1462,False
Maine,Casco,Donald Trump,REP,1184,True
Maine,Casco,Joe Biden,DEM,1036,False
Maine,Chebeague Island,Joe Biden,DEM,255,True
Maine,Chebeague Island,Donald Trump,REP,66,False
Maine,Cumberland,Joe Biden,DEM,4074,True
Maine,Cumberland,Donald Trump,REP,1800,False
Maine,Falmouth,Joe Biden,DEM,6147,True
Maine,Falmouth,Donald Trump,REP,2672,False
Maine,Freeport,Joe Biden,DEM,4327,True
Maine,Freeport,Donald Trump,REP,1675,False
Maine,Frye Island,Joe Biden,DEM,38,True
Maine,Frye Island,Donald Trump,REP,19,False
Maine,Gorham,Joe Biden,DEM,6460,True
Maine,Gorham,Donald Trump,REP,4275,False
Maine,Gray,Joe Biden,DEM,2653,True
Maine,Gray,Donald Trump,REP,2557,False
Maine,Harpswell,Joe Biden,DEM,2379,True
Maine,Harpswell,Donald Trump,REP,1423,False
Maine,Harrison,Donald Trump,REP,796,True
Maine,Harrison,Joe Biden,DEM,741,False
Maine,Long Island,Joe Biden,DEM,133,True
Maine,Long Island,Donald Trump,REP,53,False
Maine,Naples,Donald Trump,REP,1389,True
Maine,Naples,Joe Biden,DEM,1039,False
Maine,New Gloucester,Donald Trump,REP,1757,True
Maine,New Gloucester,Joe Biden,DEM,1720,False
Maine,North Yarmouth,Joe Biden,DEM,1862,True
Maine,North Yarmouth,Donald Trump,REP,1018,False
Maine,Portland,Joe Biden,DEM,33786,True
Maine,Portland,Donald Trump,REP,6486,False
Maine,Pownal,Joe Biden,DEM,685,True
Maine,Pownal,Donald Trump,REP,489,False
Maine,Raymond,Joe Biden,DEM,1589,True
Maine,Raymond,Donald Trump,REP,1472,False
Maine,Scarborough,Joe Biden,DEM,9487,True
Maine,Scarborough,Donald Trump,REP,5217,False
Maine,Sebago,Donald Trump,REP,719,True
Maine,Sebago,Joe Biden,DEM,529,False
Maine,South Portland,Joe Biden,DEM,12075,True
Maine,South Portland,Donald Trump,REP,3783,False
Maine,Standish,Donald Trump,REP,3078,True
Maine,Standish,Joe Biden,DEM,2820,False
Maine,Westbrook,Joe Biden,DEM,7274,True
Maine,Westbrook,Donald Trump,REP,3591,False
Maine,Windham,Joe Biden,DEM,5782,True
Maine,Windham,Donald Trump,REP,5280,False
Maine,Yarmouth,Joe Biden,DEM,4785,True
Maine,Yarmouth,Donald Trump,REP,1439,False
Maine,Avon,Donald Trump,REP,164,True
Maine,Avon,Joe Biden,DEM,96,False
Maine,Carrabassett Valley,Joe Biden,DEM,348,True
Maine,Carrabassett Valley,Donald Trump,REP,164,False
Maine,Carthage,Donald Trump,REP,214,True
Maine,Carthage,Joe Biden,DEM,88,False
Maine,Chesterville,Donald Trump,REP,460,True
Maine,Chesterville,Joe Biden,DEM,314,False
Maine,Coplin Plt.,Joe Biden,DEM,59,True
Maine,Coplin Plt.,Donald Trump,REP,44,False
Maine,Dallas Plt.,Donald Trump,REP,104,True
Maine,Dallas Plt.,Joe Biden,DEM,98,False
Maine,Eustis,Donald Trump,REP,255,True
Maine,Eustis,Joe Biden,DEM,173,False
Maine,Farmington,Joe Biden,DEM,2225,True
Maine,Farmington,Donald Trump,REP,1541,False
Maine,Industry,Donald Trump,REP,253,True
Maine,Industry,Joe Biden,DEM,232,False
Maine,Jay,Donald Trump,REP,1375,True
Maine,Jay,Joe Biden,DEM,1220,False
Maine,Kingfield,Donald Trump,REP,444,True
Maine,Kingfield,Joe Biden,DEM,407,False
Maine,New Sharon,Donald Trump,REP,528,True
Maine,New Sharon,Joe Biden,DEM,391,False
Maine,New Vineyard,Donald Trump,REP,293,True
Maine,New Vineyard,Joe Biden,DEM,154,False
Maine,Phillips,Donald Trump,REP,385,True
Maine,Phillips,Joe Biden,DEM,252,False
Maine,Rangeley,Donald Trump,REP,449,True
Maine,Rangeley,Joe Biden,DEM,294,False
Maine,Rangeley Plt.,Donald Trump,REP,86,True
Maine,Rangeley Plt.,Joe Biden,DEM,57,False
Maine,Sandy River Plt.,Joe Biden,DEM,65,True
Maine,Sandy River Plt.,Donald Trump,REP,36,False
Maine,Strong,Donald Trump,REP,526,True
Maine,Strong,Joe Biden,DEM,266,False
Maine,Temple,Joe Biden,DEM,172,True
Maine,Temple,Donald Trump,REP,155,False
Maine,Weld,Joe Biden,DEM,149,True
Maine,Weld,Donald Trump,REP,144,False
Maine,Wilton,Donald Trump,REP,1117,True
Maine,Wilton,Joe Biden,DEM,978,False
Maine,Amherst,Donald Trump,REP,115,True
Maine,Amherst,Joe Biden,DEM,64,False
Maine,Aurora,Donald Trump,REP,42,True
Maine,Aurora,Joe Biden,DEM,29,False
Maine,Bar Harbor,Joe Biden,DEM,2678,True
Maine,Bar Harbor,Donald Trump,REP,804,False
Maine,Blue Hill,Joe Biden,DEM,1310,True
Maine,Blue Hill,Donald Trump,REP,624,False
Maine,Brooklin,Joe Biden,DEM,426,True
Maine,Brooklin,Donald Trump,REP,189,False
Maine,Brooksville,Joe Biden,DEM,450,True
Maine,Brooksville,Donald Trump,REP,219,False
Maine,Bucksport,Donald Trump,REP,1481,True
Maine,Bucksport,Joe Biden,DEM,1278,False
Maine,Castine,Joe Biden,DEM,346,True
Maine,Castine,Donald Trump,REP,136,False
Maine,Cranberry Isles,Joe Biden,DEM,95,True
Maine,Cranberry Isles,Donald Trump,REP,36,False
Maine,Dedham,Donald Trump,REP,582,True
Maine,Dedham,Joe Biden,DEM,545,False
Maine,Deer Isle,Joe Biden,DEM,806,True
Maine,Deer Isle,Donald Trump,REP,496,False
Maine,Eastbrook,Donald Trump,REP,148,True
Maine,Eastbrook,Joe Biden,DEM,65,False
Maine,Ellsworth,Donald Trump,REP,2359,True
Maine,Ellsworth,Joe Biden,DEM,2274,False
Maine,Franklin,Donald Trump,REP,459,True
Maine,Franklin,Joe Biden,DEM,381,False
Maine,Frenchboro,Donald Trump,REP,19,True
Maine,Frenchboro,Joe Biden,DEM,12,False
Maine,Gouldsboro,Donald Trump,REP,612,True
Maine,Gouldsboro,Joe Biden,DEM,477,False
Maine,Great Pond,Donald Trump,REP,25,True
Maine,Great Pond,Joe Biden,DEM,18,False
Maine,Hancock,Donald Trump,REP,778,True
Maine,Hancock,Joe Biden,DEM,659,False
Maine,Lamoine,Joe Biden,DEM,616,True
Maine,Lamoine,Donald Trump,REP,576,False
Maine,Mariaville,Donald Trump,REP,191,True
Maine,Mariaville,Joe Biden,DEM,113,False
Maine,Mount Desert,Joe Biden,DEM,1066,True
Maine,Mount Desert,Donald Trump,REP,381,False
Maine,Orland,Donald Trump,REP,693,True
Maine,Orland,Joe Biden,DEM,691,False
Maine,Osborn,Donald Trump,REP,31,True
Maine,Osborn,Joe Biden,DEM,10,False
Maine,Otis,Donald Trump,REP,323,True
Maine,Otis,Joe Biden,DEM,153,False
Maine,Penobscot,Joe Biden,DEM,512,True
Maine,Penobscot,Donald Trump,REP,306,False
Maine,Sedgwick,Joe Biden,DEM,511,True
Maine,Sedgwick,Donald Trump,REP,321,False
Maine,Sorrento,Donald Trump,REP,94,True
Maine,Sorrento,Joe Biden,DEM,89,False
Maine,Southwest Harbor,Joe Biden,DEM,728,True
Maine,Southwest Harbor,Donald Trump,REP,381,False
Maine,Stonington,Joe Biden,DEM,409,True
Maine,Stonington,Donald Trump,REP,220,False
Maine,Sullivan,Joe Biden,DEM,354,True
Maine,Sullivan,Donald Trump,REP,348,False
Maine,Surry,Joe Biden,DEM,596,True
Maine,Surry,Donald Trump,REP,464,False
Maine,Swan's Island,Joe Biden,DEM,132,True
Maine,Swan's Island,Donald Trump,REP,129,False
Maine,Tremont,Joe Biden,DEM,590,True
Maine,Tremont,Donald Trump,REP,422,False
Maine,Trenton,Joe Biden,DEM,509,True
Maine,Trenton,Donald Trump,REP,451,False
Maine,Verona,Donald Trump,REP,182,True
Maine,Verona,Joe Biden,DEM,158,False
Maine,Waltham,Donald Trump,REP,159,True
Maine,Waltham,Joe Biden,DEM,68,False
Maine,Winter Harbor,Donald Trump,REP,179,True
Maine,Winter Harbor,Joe Biden,DEM,145,False
Maine,Albion,Donald Trump,REP,801,True
Maine,Albion,Joe Biden,DEM,385,False
Maine,Augusta,Joe Biden,DEM,5248,True
Maine,Augusta,Donald Trump,REP,4155,False
Maine,Belgrade,Donald Trump,REP,1166,True
Maine,Belgrade,Joe Biden,DEM,994,False
Maine,Benton,Donald Trump,REP,984,True
Maine,Benton,Joe Biden,DEM,607,False
Maine,Chelsea,Donald Trump,REP,917,True
Maine,Chelsea,Joe Biden,DEM,605,False
Maine,China,Donald Trump,REP,1395,True
Maine,China,Joe Biden,DEM,1107,False
Maine,Clinton,Donald Trump,REP,1098,True
Maine,Clinton,Joe Biden,DEM,641,False
Maine,Farmingdale,Joe Biden,DEM,903,True
Maine,Farmingdale,Donald Trump,REP,768,False
Maine,Fayette,Donald Trump,REP,421,True
Maine,Fayette,Joe Biden,DEM,388,False
Maine,Gardiner,Joe Biden,DEM,1694,True
Maine,Gardiner,Donald Trump,REP,1471,False
Maine,Hallowell,Joe Biden,DEM,1277,True
Maine,Hallowell,Donald Trump,REP,445,False
Maine,Litchfield,Donald Trump,REP,1260,True
Maine,Litchfield,Joe Biden,DEM,850,False
Maine,Manchester,Joe Biden,DEM,832,True
Maine,Manchester,Donald Trump,REP,810,False
Maine,Monmouth,Donald Trump,REP,1397,True
Maine,Monmouth,Joe Biden,DEM,1079,False
Maine,Mount Vernon,Joe Biden,DEM,576,True
Maine,Mount Vernon,Donald Trump,REP,560,False
Maine,Oakland,Donald Trump,REP,1853,True
Maine,Oakland,Joe Biden,DEM,1681,False
Maine,Pittston,Donald Trump,REP,1034,True
Maine,Pittston,Joe Biden,DEM,691,False
Maine,Randolph,Donald Trump,REP,533,True
Maine,Randolph,Joe Biden,DEM,467,False
Maine,Readfield,Joe Biden,DEM,943,True
Maine,Readfield,Donald Trump,REP,818,False
Maine,Rome,Donald Trump,REP,350,True
Maine,Rome,Joe Biden,DEM,340,False
Maine,Sidney,Donald Trump,REP,1688,True
Maine,Sidney,Joe Biden,DEM,1184,False
Maine,Unity,Donald Trump,REP,455,True
Maine,Unity,Joe Biden,DEM,444,False
Maine,Vassalboro,Donald Trump,REP,1394,True
Maine,Vassalboro,Joe Biden,DEM,1075,False
Maine,Vienna,Donald Trump,REP,208,True
Maine,Vienna,Joe Biden,DEM,186,False
Maine,Waterville,Joe Biden,DEM,5019,True
Maine,Waterville,Donald Trump,REP,2627,False
Maine,Wayne,Joe Biden,DEM,506,True
Maine,Wayne,Donald Trump,REP,343,False
Maine,West Gardiner,Donald Trump,REP,1317,True
Maine,West Gardiner,Joe Biden,DEM,1000,False
Maine,Windsor,Donald Trump,REP,899,True
Maine,Windsor,Joe Biden,DEM,477,False
Maine,Winslow,Donald Trump,REP,2360,True
Maine,Winslow,Joe Biden,DEM,2184,False
Maine,Winthrop,Joe Biden,DEM,1963,True
Maine,Winthrop,Donald Trump,REP,1649,False
Maine,Appleton,Joe Biden,DEM,478,True
Maine,Appleton,Donald Trump,REP,407,False
Maine,Camden,Joe Biden,DEM,2931,True
Maine,Camden,Donald Trump,REP,832,False
Maine,Cushing,Donald Trump,REP,520,True
Maine,Cushing,Joe Biden,DEM,424,False
Maine,Friendship,Donald Trump,REP,477,True
Maine,Friendship,Joe Biden,DEM,309,False
Maine,Hope,Joe Biden,DEM,653,True
Maine,Hope,Donald Trump,REP,443,False
Maine,Isle Au Haut,Joe Biden,DEM,54,True
Maine,Isle Au Haut,Donald Trump,REP,9,False
Maine,Matinicus Isle Plt.,Joe Biden,DEM,36,True
Maine,Matinicus Isle Plt.,Donald Trump,REP,14,False
Maine,North Haven,Joe Biden,DEM,221,True
Maine,North Haven,Donald Trump,REP,85,False
Maine,Owl's Head,Joe Biden,DEM,584,True
Maine,Owl's Head,Donald Trump,REP,454,False
Maine,Rockland,Joe Biden,DEM,2493,True
Maine,Rockland,Donald Trump,REP,1363,False
Maine,Rockport,Joe Biden,DEM,1694,True
Maine,Rockport,Donald Trump,REP,776,False
Maine,St. George,Joe Biden,DEM,1108,True
Maine,St. George,Donald Trump,REP,663,False
Maine,South Thomaston,Joe Biden,DEM,574,True
Maine,South Thomaston,Donald Trump,REP,403,False
Maine,Thomaston,Joe Biden,DEM,960,True
Maine,Thomaston,Donald Trump,REP,664,False
Maine,Union,Donald Trump,REP,786,True
Maine,Union,Joe Biden,DEM,726,False
Maine,Vinalhaven,Joe Biden,DEM,531,True
Maine,Vinalhaven,Donald Trump,REP,287,False
Maine,Warren,Donald Trump,REP,1259,True
Maine,Warren,Joe Biden,DEM,919,False
Maine,Washington,Donald Trump,REP,540,True
Maine,Washington,Joe Biden,DEM,415,False
Maine,Alna,Joe Biden,DEM,320,True
Maine,Alna,Donald Trump,REP,174,False
Maine,Boothbay,Joe Biden,DEM,1229,True
Maine,Boothbay,Donald Trump,REP,922,False
Maine,Boothbay Harbor,Joe Biden,DEM,814,True
Maine,Boothbay Harbor,Donald Trump,REP,545,False
Maine,Bremen,Joe Biden,DEM,367,True
Maine,Bremen,Donald Trump,REP,185,False
Maine,Bristol,Joe Biden,DEM,1275,True
Maine,Bristol,Donald Trump,REP,808,False
Maine,Damariscotta,Joe Biden,DEM,980,True
Maine,Damariscotta,Donald Trump,REP,463,False
Maine,Dresden,Donald Trump,REP,580,True
Maine,Dresden,Joe Biden,DEM,542,False
Maine,Edgecomb,Joe Biden,DEM,510,True
Maine,Edgecomb,Donald Trump,REP,348,False
Maine,Jefferson,Donald Trump,REP,951,True
Maine,Jefferson,Joe Biden,DEM,679,False
Maine,Monhegan Plt.,Joe Biden,DEM,51,True
Maine,Monhegan Plt.,Donald Trump,REP,7,False
Maine,Newcastle,Joe Biden,DEM,923,True
Maine,Newcastle,Donald Trump,REP,403,False
Maine,Nobleboro,Joe Biden,DEM,729,True
Maine,Nobleboro,Donald Trump,REP,559,False
Maine,Somerville,Donald Trump,REP,213,True
Maine,Somerville,Joe Biden,DEM,131,False
Maine,South Bristol,Joe Biden,DEM,429,True
Maine,South Bristol,Donald Trump,REP,261,False
Maine,Southport,Joe Biden,DEM,306,True
Maine,Southport,Donald Trump,REP,173,False
Maine,Waldoboro,Donald Trump,REP,1568,True
Maine,Waldoboro,Joe Biden,DEM,1294,False
Maine,Westport,Joe Biden,DEM,303,True
Maine,Westport,Donald Trump,REP,231,False
Maine,Whitefield,Donald Trump,REP,753,True
Maine,Whitefield,Joe Biden,DEM,688,False
Maine,Wiscasset,Joe Biden,DEM,1114,True
Maine,Wiscasset,Donald Trump,REP,1112,False
Maine,Andover,Donald Trump,REP,293,True
Maine,Andover,Joe Biden,DEM,223,False
Maine,Bethel,Joe Biden,DEM,1006,True
Maine,Bethel,Donald Trump,REP,749,False
Maine,Brownfield,Joe Biden,DEM,468,True
Maine,Brownfield,Donald Trump,REP,466,False
Maine,Buckfield,Donald Trump,REP,636,True
Maine,Buckfield,Joe Biden,DEM,436,False
Maine,Byron,Donald Trump,REP,58,True
Maine,Byron,Joe Biden,DEM,31,False
Maine,Canton,Donald Trump,REP,374,True
Maine,Canton,Joe Biden,DEM,154,False
Maine,Denmark,Joe Biden,DEM,404,True
Maine,Denmark,Donald Trump,REP,392,False
Maine,Dixfield,Donald Trump,REP,803,True
Maine,Dixfield,Joe Biden,DEM,460,False
Maine,Fryeburg,Joe Biden,DEM,1060,True
Maine,Fryeburg,Donald Trump,REP,813,False
Maine,Gilead,Donald Trump,REP,66,True
Maine,Gilead,Joe Biden,DEM,48,False
Maine,Greenwood,Joe Biden,DEM,278,True
Maine,Greenwood,Donald Trump,REP,242,False
Maine,Hanover,Joe Biden,DEM,101,True
Maine,Hanover,Donald Trump,REP,92,False
Maine,Hartford,Donald Trump,REP,428,True
Maine,Hartford,Joe Biden,DEM,278,False
Maine,Hebron,Donald Trump,REP,427,True
Maine,Hebron,Joe Biden,DEM,323,False
Maine,Hiram,Donald Trump,REP,528,True
Maine,Hiram,Joe Biden,DEM,373,False
Maine,Lincoln Plt.,Donald Trump,REP,20,True
Maine,Lincoln Plt.,Joe Biden,DEM,12,False
Maine,Lovell,Joe Biden,DEM,399,True
Maine,Lovell,Donald Trump,REP,353,False
Maine,Magalloway Plt.,Donald Trump,REP,10,True
Maine,Magalloway Plt.,Joe Biden,DEM,6,False
Maine,Mexico,Donald Trump,REP,676,True
Maine,Mexico,Joe Biden,DEM,556,False
Maine,Newry,Joe Biden,DEM,163,True
Maine,Newry,Donald Trump,REP,119,False
Maine,Norway,Joe Biden,DEM,1400,True
Maine,Norway,Donald Trump,REP,1363,False
Maine,Otisfield,Donald Trump,REP,605,True
Maine,Otisfield,Joe Biden,DEM,535,False
Maine,Oxford,Donald Trump,REP,1456,True
Maine,Oxford,Joe Biden,DEM,807,False
Maine,Paris,Donald Trump,REP,1494,True
Maine,Paris,Joe Biden,DEM,1280,False
Maine,Peru,Donald Trump,REP,561,True
Maine,Peru,Joe Biden,DEM,322,False
Maine,Porter,Donald Trump,REP,521,True
Maine,Porter,Joe Biden,DEM,328,False
Maine,Roxbury,Donald Trump,REP,147,True
Maine,Roxbury,Joe Biden,DEM,89,False
Maine,Rumford,Donald Trump,REP,1502,True
Maine,Rumford,Joe Biden,DEM,1275,False
Maine,Stoneham,Donald Trump,REP,102,True
Maine,Stoneham,Joe Biden,DEM,83,False
Maine,Stow,Joe Biden,DEM,126,True
Maine,Stow,Donald Trump,REP,121,False
Maine,Sumner,Donald Trump,REP,324,True
Maine,Sumner,Joe Biden,DEM,206,False
Maine,Sweden,Joe Biden,DEM,165,True
Maine,Sweden,Donald Trump,REP,108,False
Maine,Upton,Donald Trump,REP,47,True
Maine,Upton,Joe Biden,DEM,16,False
Maine,Waterford,Donald Trump,REP,557,True
Maine,Waterford,Joe Biden,DEM,452,False
Maine,West Paris,Donald Trump,REP,552,True
Maine,West Paris,Joe Biden,DEM,372,False
Maine,Woodstock,Donald Trump,REP,534,True
Maine,Woodstock,Joe Biden,DEM,368,False
Maine,Alton,Donald Trump,REP,293,True
Maine,Alton,Joe Biden,DEM,169,False
Maine,Bangor,Joe Biden,DEM,9452,True
Maine,Bangor,Donald Trump,REP,6065,False
Maine,Bradford,Donald Trump,REP,485,True
Maine,Bradford,Joe Biden,DEM,188,False
Maine,Bradley,Donald Trump,REP,485,True
Maine,Bradley,Joe Biden,DEM,378,False
Maine,Brewer,Donald Trump,REP,2568,True
Maine,Brewer,Joe Biden,DEM,2533,False
Maine,Burlington,Donald Trump,REP,145,True
Maine,Burlington,Joe Biden,DEM,56,False
Maine,Carmel,Donald Trump,REP,1183,True
Maine,Carmel,Joe Biden,DEM,560,False
Maine,Carroll Plt.,Donald Trump,REP,73,True
Maine,Carroll Plt.,Joe Biden,DEM,14,False
Maine,Charleston,Donald Trump,REP,580,True
Maine,Charleston,Joe Biden,DEM,164,False
Maine,Chester,Donald Trump,REP,261,True
Maine,Chester,Joe Biden,DEM,61,False
Maine,Clifton,Donald Trump,REP,324,True
Maine,Clifton,Joe Biden,DEM,187,False
Maine,Corinna,Donald Trump,REP,847,True
Maine,Corinna,Joe Biden,DEM,363,False
Maine,Corinth,Donald Trump,REP,1147,True
Maine,Corinth,Joe Biden,DEM,390,False
Maine,Dexter,Donald Trump,REP,1169,True
Maine,Dexter,Joe Biden,DEM,617,False
Maine,Dixmont,Donald Trump,REP,446,True
Maine,Dixmont,Joe Biden,DEM,265,False
Maine,Drew Plt.,Donald Trump,REP,13,True
Maine,Drew Plt.,Joe Biden,DEM,5,False
Maine,East Millinocket,Donald Trump,REP,567,True
Maine,East Millinocket,Joe Biden,DEM,370,False
Maine,Eddington,Donald Trump,REP,903,True
Maine,Eddington,Joe Biden,DEM,503,False
Maine,Edinburg,Donald Trump,REP,66,True
Maine,Edinburg,Joe Biden,DEM,36,False
Maine,Enfield,Donald Trump,REP,585,True
Maine,Enfield,Joe Biden,DEM,279,False
Maine,Etna,Donald Trump,REP,495,True
Maine,Etna,Joe Biden,DEM,216,False
Maine,Exeter,Donald Trump,REP,366,True
Maine,Exeter,Joe Biden,DEM,190,False
Maine,Garland,Donald Trump,REP,409,True
Maine,Garland,Joe Biden,DEM,177,False
Maine,Glenburn,Donald Trump,REP,1612,True
Maine,Glenburn,Joe Biden,DEM,1108,False
Maine,Greenbush,Donald Trump,REP,499,True
Maine,Greenbush,Joe Biden,DEM,193,False
Maine,Hampden,Joe Biden,DEM,2451,True
Maine,Hampden,Donald Trump,REP,2265,False
Maine,Hermon,Donald Trump,REP,2427,True
Maine,Hermon,Joe Biden,DEM,1447,False
Maine,Holden,Donald Trump,REP,1200,True
Maine,Holden,Joe Biden,DEM,871,False
Maine,Howland,Donald Trump,REP,390,True
Maine,Howland,Joe Biden,DEM,221,False
Maine,Hudson,Donald Trump,REP,484,True
Maine,Hudson,Joe Biden,DEM,120,False
Maine,Kenduskeag,Donald Trump,REP,514,True
Maine,Kenduskeag,Joe Biden,DEM,242,False
Maine,LaGrange,Donald Trump,REP,248,True
Maine,LaGrange,Joe Biden,DEM,101,False
Maine,Lakeville,Donald Trump,REP,38,True
Maine,Lakeville,Joe Biden,DEM,29,False
Maine,Lee,Donald Trump,REP,350,True
Maine,Lee,Joe Biden,DEM,140,False
Maine,Levant,Donald Trump,REP,1149,True
Maine,Levant,Joe Biden,DEM,477,False
Maine,Lincoln,Donald Trump,REP,1723,True
Maine,Lincoln,Joe Biden,DEM,813,False
Maine,Lowell,Donald Trump,REP,193,True
Maine,Lowell,Joe Biden,DEM,56,False
Maine,Mattawamkeag,Donald Trump,REP,257,True
Maine,Mattawamkeag,Joe Biden,DEM,120,False
Maine,Maxfield,Donald Trump,REP,48,True
Maine,Maxfield,Joe Biden,DEM,17,False
Maine,Medway,Donald Trump,REP,550,True
Maine,Medway,Joe Biden,DEM,195,False
Maine,Milford,Donald Trump,REP,922,True
Maine,Milford,Joe Biden,DEM,861,False
Maine,Millinocket,Donald Trump,REP,1310,True
Maine,Millinocket,Joe Biden,DEM,1049,False
Maine,Mount Chase,Donald Trump,REP,81,True
Maine,Mount Chase,Joe Biden,DEM,39,False
Maine,Newburgh,Donald Trump,REP,599,True
Maine,Newburgh,Joe Biden,DEM,366,False
Maine,Newport,Donald Trump,REP,1118,True
Maine,Newport,Joe Biden,DEM,584,False
Maine,Old Town,Joe Biden,DEM,2365,True
Maine,Old Town,Donald Trump,REP,1668,False
Maine,Orono,Joe Biden,DEM,3728,True
Maine,Orono,Donald Trump,REP,1200,False
Maine,Orrington,Donald Trump,REP,1405,True
Maine,Orrington,Joe Biden,DEM,1089,False
Maine,Passadumkeag,Donald Trump,REP,165,True
Maine,Passadumkeag,Joe Biden,DEM,55,False
Maine,Patten,Donald Trump,REP,362,True
Maine,Patten,Joe Biden,DEM,149,False
Maine,Plymouth,Donald Trump,REP,505,True
Maine,Plymouth,Joe Biden,DEM,230,False
Maine,Seboeis Plt.,Joe Biden,DEM,22,True
Maine,Seboeis Plt.,Donald Trump,REP,19,False
Maine,Springfield,Donald Trump,REP,135,True
Maine,Springfield,Joe Biden,DEM,26,False
Maine,Stacyville,Donald Trump,REP,169,True
Maine,Stacyville,Joe Biden,DEM,38,False
Maine,Stetson,Donald Trump,REP,524,True
Maine,Stetson,Joe Biden,DEM,217,False
Maine,Veazie,Joe Biden,DEM,646,True
Maine,Veazie,Donald Trump,REP,525,False
Maine,Webster Plt.,Donald Trump,REP,33,True
Maine,Webster Plt.,Joe Biden,DEM,9,False
Maine,Winn,Donald Trump,REP,145,True
Maine,Winn,Joe Biden,DEM,60,False
Maine,Woodville,Donald Trump,REP,116,True
Maine,Woodville,Joe Biden,DEM,19,False
Maine,Abbot,Donald Trump,REP,288,True
Maine,Abbot,Joe Biden,DEM,121,False
Maine,Atkinson,Donald Trump,REP,122,True
Maine,Atkinson,Joe Biden,DEM,49,False
Maine,Beaver Cove,Donald Trump,REP,60,True
Maine,Beaver Cove,Joe Biden,DEM,59,False
Maine,Bowerbank,Donald Trump,REP,76,True
Maine,Bowerbank,Joe Biden,DEM,41,False
Maine,Brownville,Donald Trump,REP,467,True
Maine,Brownville,Joe Biden,DEM,280,False
Maine,Dover-Foxcroft,Donald Trump,REP,1356,True
Maine,Dover-Foxcroft,Joe Biden,DEM,914,False
Maine,Greenville,Donald Trump,REP,644,True
Maine,Greenville,Joe Biden,DEM,486,False
Maine,Guilford,Donald Trump,REP,466,True
Maine,Guilford,Joe Biden,DEM,248,False
Maine,Lake View Plt.,Donald Trump,REP,71,True
Maine,Lake View Plt.,Joe Biden,DEM,40,False
Maine,Medford,Donald Trump,REP,112,True
Maine,Medford,Joe Biden,DEM,46,False
Maine,Milo,Donald Trump,REP,781,True
Maine,Milo,Joe Biden,DEM,410,False
Maine,Monson,Donald Trump,REP,289,True
Maine,Monson,Joe Biden,DEM,173,False
Maine,Parkman,Donald Trump,REP,333,True
Maine,Parkman,Joe Biden,DEM,148,False
Maine,Sangerville,Donald Trump,REP,479,True
Maine,Sangerville,Joe Biden,DEM,255,False
Maine,Sebec,Donald Trump,REP,305,True
Maine,Sebec,Joe Biden,DEM,117,False
Maine,Shirley,Donald Trump,REP,96,True
Maine,Shirley,Joe Biden,DEM,34,False
Maine,Wellington,Donald Trump,REP,67,True
Maine,Wellington,Joe Biden,DEM,50,False
Maine,Willimantic,Donald Trump,REP,70,True
Maine,Willimantic,Joe Biden,DEM,20,False
Maine,Arrowsic,Joe Biden,DEM,260,True
Maine,Arrowsic,Donald Trump,REP,104,False
Maine,Bath,Joe Biden,DEM,3421,True
Maine,Bath,Donald Trump,REP,1540,False
Maine,Bowdoin,Donald Trump,REP,1079,True
Maine,Bowdoin,Joe Biden,DEM,755,False
Maine,Bowdoinham,Joe Biden,DEM,1123,True
Maine,Bowdoinham,Donald Trump,REP,856,False
Maine,Georgetown,Joe Biden,DEM,525,True
Maine,Georgetown,Donald Trump,REP,294,False
Maine,Phippsburg,Joe Biden,DEM,794,True
Maine,Phippsburg,Donald Trump,REP,745,False
Maine,Richmond,Donald Trump,REP,1056,True
Maine,Richmond,Joe Biden,DEM,934,False
Maine,Topsham,Joe Biden,DEM,3944,True
Maine,Topsham,Donald Trump,REP,2390,False
Maine,West Bath,Joe Biden,DEM,737,True
Maine,West Bath,Donald Trump,REP,629,False
Maine,Woolwich,Donald Trump,REP,1062,True
Maine,Woolwich,Joe Biden,DEM,1035,False
Maine,Anson,Donald Trump,REP,796,True
Maine,Anson,Joe Biden,DEM,398,False
Maine,Athens,Donald Trump,REP,332,True
Maine,Athens,Joe Biden,DEM,167,False
Maine,Bingham,Donald Trump,REP,349,True
Maine,Bingham,Joe Biden,DEM,215,False
Maine,Brighton Plt.,Donald Trump,REP,29,True
Maine,Brighton Plt.,Joe Biden,DEM,16,False
Maine,Cambridge,Donald Trump,REP,176,True
Maine,Cambridge,Joe Biden,DEM,72,False
Maine,Canaan,Donald Trump,REP,749,True
Maine,Canaan,Joe Biden,DEM,384,False
Maine,Caratunk,Donald Trump,REP,36,True
Maine,Caratunk,Joe Biden,DEM,24,False
Maine,Cornville,Donald Trump,REP,471,True
Maine,Cornville,Joe Biden,DEM,283,False
Maine,Dennistown Plt.,Donald Trump,REP,19,True
Maine,Dennistown Plt.,Joe Biden,DEM,5,False
Maine,Detroit,Donald Trump,REP,276,True
Maine,Detroit,Joe Biden,DEM,151,False
Maine,Embden,Donald Trump,REP,374,True
Maine,Embden,Joe Biden,DEM,181,False
Maine,Fairfield,Donald Trump,REP,1845,True
Maine,Fairfield,Joe Biden,DEM,1428,False
Maine,Harmony,Donald Trump,REP,326,True
Maine,Harmony,Joe Biden,DEM,151,False
Maine,Hartland,Donald Trump,REP,610,True
Maine,Hartland,Joe Biden,DEM,266,False
Maine,Highland Plt.,Donald Trump,REP,71,True
Maine,Highland Plt.,Joe Biden,DEM,42,False
Maine,Jackman,Donald Trump,REP,387,True
Maine,Jackman,Joe Biden,DEM,144,False
Maine,Madison,Donald Trump,REP,1411,True
Maine,Madison,Joe Biden,DEM,928,False
Maine,Mercer,Donald Trump,REP,283,True
Maine,Mercer,Joe Biden,DEM,183,False
Maine,Moose River,Donald Trump,REP,107,True
Maine,Moose River,Joe Biden,DEM,13,False
Maine,Moscow,Donald Trump,REP,199,True
Maine,Moscow,Joe Biden,DEM,74,False
Maine,New Portland,Donald Trump,REP,266,True
Maine,New Portland,Joe Biden,DEM,185,False
Maine,Norridgewock,Donald Trump,REP,1128,True
Maine,Norridgewock,Joe Biden,DEM,687,False
Maine,Palmyra,Donald Trump,REP,800,True
Maine,Palmyra,Joe Biden,DEM,325,False
Maine,Pittsfield,Donald Trump,REP,1156,True
Maine,Pittsfield,Joe Biden,DEM,817,False
Maine,Pleasant Ridge Plt.,Donald Trump,REP,40,True
Maine,Pleasant Ridge Plt.,Joe Biden,DEM,12,False
Maine,Ripley,Donald Trump,REP,195,True
Maine,Ripley,Joe Biden,DEM,100,False
Maine,St. Albans,Donald Trump,REP,833,True
Maine,St. Albans,Joe Biden,DEM,321,False
Maine,Skowhegan,Donald Trump,REP,2215,True
Maine,Skowhegan,Joe Biden,DEM,1876,False
Maine,Smithfield,Donald Trump,REP,342,True
Maine,Smithfield,Joe Biden,DEM,269,False
Maine,Solon,Donald Trump,REP,365,True
Maine,Solon,Joe Biden,DEM,243,False
Maine,Starks,Donald Trump,REP,237,True
Maine,Starks,Joe Biden,DEM,137,False
Maine,The Forks Plt.,Joe Biden,DEM,18,True
Maine,The Forks Plt.,Donald Trump,REP,18,False
Maine,West Forks Plt.,Donald Trump,REP,30,True
Maine,West Forks Plt.,Joe Biden,DEM,21,False
Maine,Belfast,Joe Biden,DEM,2847,True
Maine,Belfast,Donald Trump,REP,1259,False
Maine,Belmont,Donald Trump,REP,319,True
Maine,Belmont,Joe Biden,DEM,259,False
Maine,Brooks,Donald Trump,REP,317,True
Maine,Brooks,Joe Biden,DEM,246,False
Maine,Burnham,Donald Trump,REP,389,True
Maine,Burnham,Joe Biden,DEM,234,False
Maine,Frankfort,Donald Trump,REP,441,True
Maine,Frankfort,Joe Biden,DEM,220,False
Maine,Freedom,Donald Trump,REP,236,True
Maine,Freedom,Joe Biden,DEM,201,False
Maine,Islesboro,Joe Biden,DEM,309,True
Maine,Islesboro,Donald Trump,REP,120,False
Maine,Jackson,Donald Trump,REP,191,True
Maine,Jackson,Joe Biden,DEM,134,False
Maine,Knox,Donald Trump,REP,315,True
Maine,Knox,Joe Biden,DEM,147,False
Maine,Liberty,Donald Trump,REP,308,True
Maine,Liberty,Joe Biden,DEM,265,False
Maine,Lincolnville,Joe Biden,DEM,1059,True
Maine,Lincolnville,Donald Trump,REP,551,False
Maine,Monroe,Joe Biden,DEM,308,True
Maine,Monroe,Donald Trump,REP,266,False
Maine,Montville,Joe Biden,DEM,346,True
Maine,Montville,Donald Trump,REP,266,False
Maine,Morrill,Donald Trump,REP,355,True
Maine,Morrill,Joe Biden,DEM,242,False
Maine,Northport,Joe Biden,DEM,670,True
Maine,Northport,Donald Trump,REP,408,False
Maine,Palermo,Donald Trump,REP,537,True
Maine,Palermo,Joe Biden,DEM,381,False
Maine,Prospect,Donald Trump,REP,242,True
Maine,Prospect,Joe Biden,DEM,170,False
Maine,Searsmont,Donald Trump,REP,481,True
Maine,Searsmont,Joe Biden,DEM,430,False
Maine,Searsport,Joe Biden,DEM,843,True
Maine,Searsport,Donald Trump,REP,721,False
Maine,Stockton Springs,Joe Biden,DEM,529,True
Maine,Stockton Springs,Donald Trump,REP,508,False
Maine,Swanville,Donald Trump,REP,454,True
Maine,Swanville,Joe Biden,DEM,339,False
Maine,Thorndike,Joe Biden,DEM,228,True
Maine,Thorndike,Donald Trump,REP,211,False
Maine,Troy,Donald Trump,REP,340,True
Maine,Troy,Joe Biden,DEM,233,False
Maine,Waldo,Donald Trump,REP,261,True
Maine,Waldo,Joe Biden,DEM,227,False
Maine,Winterport,Donald Trump,REP,1245,True
Maine,Winterport,Joe Biden,DEM,1034,False
Maine,Addison,Donald Trump,REP,451,True
Maine,Addison,Joe Biden,DEM,235,False
Maine,Alexander,Donald Trump,REP,224,True
Maine,Alexander,Joe Biden,DEM,73,False
Maine,Baileyville,Donald Trump,REP,421,True
Maine,Baileyville,Joe Biden,DEM,239,False
Maine,Baring Plt.,Donald Trump,REP,68,True
Maine,Baring Plt.,Joe Biden,DEM,42,False
Maine,Beals,Donald Trump,REP,191,True
Maine,Beals,Joe Biden,DEM,98,False
Maine,Beddington,Donald Trump,REP,36,True
Maine,Beddington,Joe Biden,DEM,13,False
Maine,Calais,Donald Trump,REP,856,True
Maine,Calais,Joe Biden,DEM,626,False
Maine,Charlotte,Donald Trump,REP,145,True
Maine,Charlotte,Joe Biden,DEM,68,False
Maine,Cherryfield,Donald Trump,REP,417,True
Maine,Cherryfield,Joe Biden,DEM,212,False
Maine,Columbia,Donald Trump,REP,156,True
Maine,Columbia,Joe Biden,DEM,67,False
Maine,Columbia Falls,Donald Trump,REP,204,True
Maine,Columbia Falls,Joe Biden,DEM,119,False
Maine,Cooper,Donald Trump,REP,60,True
Maine,Cooper,Joe Biden,DEM,33,False
Maine,Crawford,Donald Trump,REP,45,True
Maine,Crawford,Joe Biden,DEM,18,False
Maine,Cutler,Donald Trump,REP,218,True
Maine,Cutler,Joe Biden,DEM,86,False
Maine,Danforth,Donald Trump,REP,314,True
Maine,Danforth,Joe Biden,DEM,98,False
Maine,Deblois,Donald Trump,REP,35,True
Maine,Deblois,Joe Biden,DEM,5,False
Maine,Dennysville,Donald Trump,REP,214,True
Maine,Dennysville,Joe Biden,DEM,137,False
Maine,East Machias,Donald Trump,REP,528,True
Maine,East Machias,Joe Biden,DEM,270,False
Maine,Eastport,Joe Biden,DEM,474,True
Maine,Eastport,Donald Trump,REP,339,False
Maine,Grand Lake Stream Plt,Donald Trump,REP,60,True
Maine,Grand Lake Stream Plt,Joe Biden,DEM,37,False
Maine,Harrington,Donald Trump,REP,363,True
Maine,Harrington,Joe Biden,DEM,168,False
Maine,Jonesboro,Donald Trump,REP,212,True
Maine,Jonesboro,Joe Biden,DEM,124,False
Maine,Jonesport,Donald Trump,REP,447,True
Maine,Jonesport,Joe Biden,DEM,243,False
Maine,Lubec,Joe Biden,DEM,457,True
Maine,Lubec,Donald Trump,REP,406,False
Maine,Machias,Donald Trump,REP,461,True
Maine,Machias,Joe Biden,DEM,395,False
Maine,Machiasport,Donald Trump,REP,337,True
Maine,Machiasport,Joe Biden,DEM,216,False
Maine,Marshfield,Donald Trump,REP,208,True
Maine,Marshfield,Joe Biden,DEM,102,False
Maine,Meddybemps,Donald Trump,REP,70,True
Maine,Meddybemps,Joe Biden,DEM,28,False
Maine,Milbridge,Donald Trump,REP,391,True
Maine,Milbridge,Joe Biden,DEM,326,False
Maine,Northfield,Donald Trump,REP,81,True
Maine,Northfield,Joe Biden,DEM,38,False
Maine,Pembroke,Donald Trump,REP,267,True
Maine,Pembroke,Joe Biden,DEM,208,False
Maine,Perry,Donald Trump,REP,258,True
Maine,Perry,Joe Biden,DEM,206,False
Maine,Princeton,Donald Trump,REP,340,True
Maine,Princeton,Joe Biden,DEM,118,False
Maine,Robbinston,Donald Trump,REP,221,True
Maine,Robbinston,Joe Biden,DEM,128,False
Maine,Roque Bluffs,Joe Biden,DEM,101,True
Maine,Roque Bluffs,Donald Trump,REP,80,False
Maine,Steuben,Donald Trump,REP,409,True
Maine,Steuben,Joe Biden,DEM,245,False
Maine,Talmadge,Donald Trump,REP,18,True
Maine,Talmadge,Joe Biden,DEM,13,False
Maine,Topsfield,Donald Trump,REP,100,True
Maine,Topsfield,Joe Biden,DEM,24,False
Maine,Vanceboro,Donald Trump,REP,65,True
Maine,Vanceboro,Joe Biden,DEM,28,False
Maine,Waite,Donald Trump,REP,33,True
Maine,Waite,Joe Biden,DEM,18,False
Maine,Wesley,Donald Trump,REP,45,True
Maine,Wesley,Joe Biden,DEM,27,False
Maine,Whiting,Donald Trump,REP,205,True
Maine,Whiting,Joe Biden,DEM,147,False
Maine,Whitneyville,Donald Trump,REP,70,True
Maine,Whitneyville,Joe Biden,DEM,55,False
Maine,Acton,Donald Trump,REP,930,True
Maine,Acton,Joe Biden,DEM,651,False
Maine,Alfred,Joe Biden,DEM,983,True
Maine,Alfred,Donald Trump,REP,948,False
Maine,Arundel,Joe Biden,DEM,1405,True
Maine,Arundel,Donald Trump,REP,1347,False
Maine,Berwick,Donald Trump,REP,2229,True
Maine,Berwick,Joe Biden,DEM,1999,False
Maine,Biddeford,Joe Biden,DEM,7022,True
Maine,Biddeford,Donald Trump,REP,3705,False
Maine,Buxton,Donald Trump,REP,2686,True
Maine,Buxton,Joe Biden,DEM,2416,False
Maine,Cornish,Donald Trump,REP,478,True
Maine,Cornish,Joe Biden,DEM,429,False
Maine,Dayton,Donald Trump,REP,756,True
Maine,Dayton,Joe Biden,DEM,582,False
Maine,Eliot,Joe Biden,DEM,2839,True
Maine,Eliot,Donald Trump,REP,1788,False
Maine,Hollis,Donald Trump,REP,1535,True
Maine,Hollis,Joe Biden,DEM,1268,False
Maine,Kennebunk,Joe Biden,DEM,5368,True
Maine,Kennebunk,Donald Trump,REP,2682,False
Maine,Kennebunkport,Joe Biden,DEM,1777,True
Maine,Kennebunkport,Donald Trump,REP,926,False
Maine,Kittery,Joe Biden,DEM,4418,True
Maine,Kittery,Donald Trump,REP,1809,False
Maine,Lebanon,Donald Trump,REP,2178,True
Maine,Lebanon,Joe Biden,DEM,1232,False
Maine,Limerick,Donald Trump,REP,948,True
Maine,Limerick,Joe Biden,DEM,813,False
Maine,Limington,Donald Trump,REP,1357,True
Maine,Limington,Joe Biden,DEM,856,False
Maine,Lyman,Donald Trump,REP,1537,True
Maine,Lyman,Joe Biden,DEM,1315,False
Maine,Newfield,Donald Trump,REP,575,True
Maine,Newfield,Joe Biden,DEM,362,False
Maine,North Berwick,Donald Trump,REP,1557,True
Maine,North Berwick,Joe Biden,DEM,1465,False
Maine,Ogunquit,Joe Biden,DEM,731,True
Maine,Ogunquit,Donald Trump,REP,311,False
Maine,Old Orchrd Bch,Joe Biden,DEM,3708,True
Maine,Old Orchrd Bch,Donald Trump,REP,2368,False
Maine,Parsonsfield,Donald Trump,REP,564,True
Maine,Parsonsfield,Joe Biden,DEM,469,False
Maine,Saco,Joe Biden,DEM,7794,True
Maine,Saco,Donald Trump,REP,4497,False
Maine,Sanford,Joe Biden,DEM,5392,True
Maine,Sanford,Donald Trump,REP,5182,False
Maine,Shapleigh,Donald Trump,REP,1034,True
Maine,Shapleigh,Joe Biden,DEM,704,False
Maine,South Berwick,Joe Biden,DEM,2748,True
Maine,South Berwick,Donald Trump,REP,1734,False
Maine,Waterboro,Donald Trump,REP,2471,True
Maine,Waterboro,Joe Biden,DEM,1861,False
Maine,Wells,Joe Biden,DEM,4465,True
Maine,Wells,Donald Trump,REP,3333,False
Maine,York,Joe Biden,DEM,6117,True
Maine,York,Donald Trump,REP,3352,False
Maryland,Allegany County,Donald Trump,REP,20886,True
Maryland,Allegany County,Joe Biden,DEM,9158,False
Maryland,Anne Arundel County,Joe Biden,DEM,172823,True
Maryland,Anne Arundel County,Donald Trump,REP,127821,False
Maryland,Baltimore County,Joe Biden,DEM,258409,True
Maryland,Baltimore County,Donald Trump,REP,146202,False
Maryland,Calvert County,Donald Trump,REP,25346,True
Maryland,Calvert County,Joe Biden,DEM,22587,False
Maryland,Caroline County,Donald Trump,REP,10283,True
Maryland,Caroline County,Joe Biden,DEM,5095,False
Maryland,Carroll County,Donald Trump,REP,60218,True
Maryland,Carroll County,Joe Biden,DEM,36456,False
Maryland,Cecil County,Donald Trump,REP,29439,True
Maryland,Cecil County,Joe Biden,DEM,16809,False
Maryland,Charles County,Joe Biden,DEM,62171,True
Maryland,Charles County,Donald Trump,REP,25579,False
Maryland,Dorchester County,Donald Trump,REP,8764,True
Maryland,Dorchester County,Joe Biden,DEM,6857,False
Maryland,Frederick County,Joe Biden,DEM,77675,True
Maryland,Frederick County,Donald Trump,REP,63682,False
Maryland,Garrett County,Donald Trump,REP,12002,True
Maryland,Garrett County,Joe Biden,DEM,3281,False
Maryland,Harford County,Donald Trump,REP,80930,True
Maryland,Harford County,Joe Biden,DEM,63095,False
Maryland,Howard County,Joe Biden,DEM,129433,True
Maryland,Howard County,Donald Trump,REP,48390,False
Maryland,Kent County,Joe Biden,DEM,5329,True
Maryland,Kent County,Donald Trump,REP,5195,False
Maryland,Montgomery County,Joe Biden,DEM,419569,True
Maryland,Montgomery County,Donald Trump,REP,101222,False
Maryland,Prince George's County,Joe Biden,DEM,379208,True
Maryland,Prince George's County,Donald Trump,REP,37090,False
Maryland,Queen Anne's County,Donald Trump,REP,18741,True
Maryland,Queen Anne's County,Joe Biden,DEM,10709,False
Maryland,St. Mary's County,Donald Trump,REP,30826,True
Maryland,St. Mary's County,Joe Biden,DEM,23138,False
Maryland,Somerset County,Donald Trump,REP,5739,True
Maryland,Somerset County,Joe Biden,DEM,4241,False
Maryland,Talbot County,Joe Biden,DEM,11062,True
Maryland,Talbot County,Donald Trump,REP,10946,False
Maryland,Washington County,Donald Trump,REP,40224,True
Maryland,Washington County,Joe Biden,DEM,26044,False
Maryland,Wicomico County,Donald Trump,REP,22944,True
Maryland,Wicomico County,Joe Biden,DEM,22054,False
Maryland,Worcester County,Donald Trump,REP,18571,True
Maryland,Worcester County,Joe Biden,DEM,12560,False
Maryland,Baltimore city,Joe Biden,DEM,207260,True
Maryland,Baltimore city,Donald Trump,REP,25374,False
Massachusetts,Barnstable,Joe Biden,DEM,16491,True
Massachusetts,Barnstable,Donald Trump,REP,11436,False
Massachusetts,Bourne,Joe Biden,DEM,6527,True
Massachusetts,Bourne,Donald Trump,REP,5331,False
Massachusetts,Brewster,Joe Biden,DEM,4940,True
Massachusetts,Brewster,Donald Trump,REP,2338,False
Massachusetts,Chatham,Joe Biden,DEM,3107,True
Massachusetts,Chatham,Donald Trump,REP,1834,False
Massachusetts,Dennis,Joe Biden,DEM,6181,True
Massachusetts,Dennis,Donald Trump,REP,3938,False
Massachusetts,Eastham,Joe Biden,DEM,2864,True
Massachusetts,Eastham,Donald Trump,REP,1151,False
Massachusetts,Falmouth,Joe Biden,DEM,14134,True
Massachusetts,Falmouth,Donald Trump,REP,7319,False
Massachusetts,Harwich,Joe Biden,DEM,5833,True
Massachusetts,Harwich,Donald Trump,REP,3365,False
Massachusetts,Mashpee,Joe Biden,DEM,5982,True
Massachusetts,Mashpee,Donald Trump,REP,4086,False
Massachusetts,Orleans,Joe Biden,DEM,3288,True
Massachusetts,Orleans,Donald Trump,REP,1458,False
Massachusetts,Provincetown,Joe Biden,DEM,2402,True
Massachusetts,Provincetown,Donald Trump,REP,182,False
Massachusetts,Sandwich,Joe Biden,DEM,7739,True
Massachusetts,Sandwich,Donald Trump,REP,6044,False
Massachusetts,Truro,Joe Biden,DEM,1386,True
Massachusetts,Truro,Donald Trump,REP,340,False
Massachusetts,Wellfleet,Joe Biden,DEM,1971,True
Massachusetts,Wellfleet,Donald Trump,REP,496,False
Massachusetts,Yarmouth,Joe Biden,DEM,9149,True
Massachusetts,Yarmouth,Donald Trump,REP,5993,False
Massachusetts,Adams,Joe Biden,DEM,2894,True
Massachusetts,Adams,Donald Trump,REP,1428,False
Massachusetts,Alford,Joe Biden,DEM,271,True
Massachusetts,Alford,Donald Trump,REP,50,False
Massachusetts,Becket,Joe Biden,DEM,757,True
Massachusetts,Becket,Donald Trump,REP,413,False
Massachusetts,Cheshire,Joe Biden,DEM,1124,True
Massachusetts,Cheshire,Donald Trump,REP,775,False
Massachusetts,Clarksburg,Joe Biden,DEM,583,True
Massachusetts,Clarksburg,Donald Trump,REP,390,False
Massachusetts,Dalton,Joe Biden,DEM,2682,True
Massachusetts,Dalton,Donald Trump,REP,1039,False
Massachusetts,Egremont,Joe Biden,DEM,783,True
Massachusetts,Egremont,Donald Trump,REP,174,False
Massachusetts,Florida,Joe Biden,DEM,209,True
Massachusetts,Florida,Donald Trump,REP,203,False
Massachusetts,Great Barrington,Joe Biden,DEM,3368,True
Massachusetts,Great Barrington,Donald Trump,REP,654,False
Massachusetts,Hancock,Joe Biden,DEM,257,True
Massachusetts,Hancock,Donald Trump,REP,207,False
Massachusetts,Hinsdale,Joe Biden,DEM,771,True
Massachusetts,Hinsdale,Donald Trump,REP,402,False
Massachusetts,Lanesborough,Joe Biden,DEM,1237,True
Massachusetts,Lanesborough,Donald Trump,REP,604,False
Massachusetts,Lee,Joe Biden,DEM,2415,True
Massachusetts,Lee,Donald Trump,REP,985,False
Massachusetts,Lenox,Joe Biden,DEM,2701,True
Massachusetts,Lenox,Donald Trump,REP,602,False
Massachusetts,Monterey,Joe Biden,DEM,481,True
Massachusetts,Monterey,Donald Trump,REP,102,False
Massachusetts,Mount Washington,Joe Biden,DEM,102,True
Massachusetts,Mount Washington,Donald Trump,REP,16,False
Massachusetts,New Ashford,Joe Biden,DEM,98,True
Massachusetts,New Ashford,Donald Trump,REP,48,False
Massachusetts,New Marlborough,Joe Biden,DEM,678,True
Massachusetts,New Marlborough,Donald Trump,REP,264,False
Massachusetts,North Adams,Joe Biden,DEM,4216,True
Massachusetts,North Adams,Donald Trump,REP,1600,False
Massachusetts,Otis,Joe Biden,DEM,550,True
Massachusetts,Otis,Donald Trump,REP,441,False
Massachusetts,Peru,Joe Biden,DEM,299,True
Massachusetts,Peru,Donald Trump,REP,216,False
Massachusetts,Pittsfield,Joe Biden,DEM,16404,True
Massachusetts,Pittsfield,Donald Trump,REP,5017,False
Massachusetts,Richmond,Joe Biden,DEM,828,True
Massachusetts,Richmond,Donald Trump,REP,215,False
Massachusetts,Sandisfield,Joe Biden,DEM,306,True
Massachusetts,Sandisfield,Donald Trump,REP,200,False
Massachusetts,Savoy,Joe Biden,DEM,226,True
Massachusetts,Savoy,Donald Trump,REP,161,False
Massachusetts,Sheffield,Joe Biden,DEM,1542,True
Massachusetts,Sheffield,Donald Trump,REP,578,False
Massachusetts,Stockbridge,Joe Biden,DEM,1099,True
Massachusetts,Stockbridge,Donald Trump,REP,237,False
Massachusetts,Tyringham,Joe Biden,DEM,234,True
Massachusetts,Tyringham,Donald Trump,REP,72,False
Massachusetts,Washington,Joe Biden,DEM,240,True
Massachusetts,Washington,Donald Trump,REP,107,False
Massachusetts,West Stockbridge,Joe Biden,DEM,784,True
Massachusetts,West Stockbridge,Donald Trump,REP,164,False
Massachusetts,Williamstown,Joe Biden,DEM,3196,True
Massachusetts,Williamstown,Donald Trump,REP,499,False
Massachusetts,Windsor,Joe Biden,DEM,370,True
Massachusetts,Windsor,Donald Trump,REP,201,False
Massachusetts,Acushnet,Donald Trump,REP,3290,True
Massachusetts,Acushnet,Joe Biden,DEM,2664,False
Massachusetts,Attleboro,Joe Biden,DEM,13661,True
Massachusetts,Attleboro,Donald Trump,REP,9272,False
Massachusetts,Berkley,Donald Trump,REP,2251,True
Massachusetts,Berkley,Joe Biden,DEM,1764,False
Massachusetts,Dartmouth,Joe Biden,DEM,9792,True
Massachusetts,Dartmouth,Donald Trump,REP,7778,False
Massachusetts,Dighton,Donald Trump,REP,2473,True
Massachusetts,Dighton,Joe Biden,DEM,2139,False
Massachusetts,Easton,Joe Biden,DEM,8715,True
Massachusetts,Easton,Donald Trump,REP,5467,False
Massachusetts,Fairhaven,Joe Biden,DEM,5093,True
Massachusetts,Fairhaven,Donald Trump,REP,4275,False
Massachusetts,Fall River,Joe Biden,DEM,17459,True
Massachusetts,Fall River,Donald Trump,REP,13571,False
Massachusetts,Freetown,Donald Trump,REP,2906,True
Massachusetts,Freetown,Joe Biden,DEM,2483,False
Massachusetts,Mansfield,Joe Biden,DEM,9024,True
Massachusetts,Mansfield,Donald Trump,REP,5149,False
Massachusetts,New Bedford,Joe Biden,DEM,21267,True
Massachusetts,New Bedford,Donald Trump,REP,12964,False
Massachusetts,North Attleborough,Joe Biden,DEM,9724,True
Massachusetts,North Attleborough,Donald Trump,REP,7050,False
Massachusetts,Norton,Joe Biden,DEM,5918,True
Massachusetts,Norton,Donald Trump,REP,4735,False
Massachusetts,Raynham,Joe Biden,DEM,4372,True
Massachusetts,Raynham,Donald Trump,REP,4243,False
Massachusetts,Rehoboth,Donald Trump,REP,4076,True
Massachusetts,Rehoboth,Joe Biden,DEM,3650,False
Massachusetts,Seekonk,Joe Biden,DEM,4786,True
Massachusetts,Seekonk,Donald Trump,REP,3970,False
Massachusetts,Somerset,Joe Biden,DEM,5815,True
Massachusetts,Somerset,Donald Trump,REP,5113,False
Massachusetts,Swansea,Donald Trump,REP,5123,True
Massachusetts,Swansea,Joe Biden,DEM,4736,False
Massachusetts,Taunton,Joe Biden,DEM,14996,True
Massachusetts,Taunton,Donald Trump,REP,11148,False
Massachusetts,Westport,Joe Biden,DEM,5319,True
Massachusetts,Westport,Donald Trump,REP,5018,False
Massachusetts,Aquinnah,Joe Biden,DEM,311,True
Massachusetts,Aquinnah,Donald Trump,REP,34,False
Massachusetts,Chilmark,Joe Biden,DEM,796,True
Massachusetts,Chilmark,Donald Trump,REP,111,False
Massachusetts,Edgartown,Joe Biden,DEM,2185,True
Massachusetts,Edgartown,Donald Trump,REP,854,False
Massachusetts,Gosnold,Joe Biden,DEM,56,True
Massachusetts,Gosnold,Donald Trump,REP,22,False
Massachusetts,Oak Bluffs,Joe Biden,DEM,2420,True
Massachusetts,Oak Bluffs,Donald Trump,REP,730,False
Massachusetts,Tisbury,Joe Biden,DEM,2225,True
Massachusetts,Tisbury,Donald Trump,REP,542,False
Massachusetts,West Tisbury,Joe Biden,DEM,1921,True
Massachusetts,West Tisbury,Donald Trump,REP,338,False
Massachusetts,Amesbury,Joe Biden,DEM,6786,True
Massachusetts,Amesbury,Donald Trump,REP,3326,False
Massachusetts,Andover,Joe Biden,DEM,14503,True
Massachusetts,Andover,Donald Trump,REP,6693,False
Massachusetts,Beverly,Joe Biden,DEM,16703,True
Massachusetts,Beverly,Donald Trump,REP,7205,False
Massachusetts,Boxford,Joe Biden,DEM,3117,True
Massachusetts,Boxford,Donald Trump,REP,2271,False
Massachusetts,Danvers,Joe Biden,DEM,9833,True
Massachusetts,Danvers,Donald Trump,REP,6725,False
Massachusetts,Essex,Joe Biden,DEM,1650,True
Massachusetts,Essex,Donald Trump,REP,796,False
Massachusetts,Georgetown,Joe Biden,DEM,3051,True
Massachusetts,Georgetown,Donald Trump,REP,2388,False
Massachusetts,Gloucester,Joe Biden,DEM,12138,True
Massachusetts,Gloucester,Donald Trump,REP,5595,False
Massachusetts,Groveland,Joe Biden,DEM,2421,True
Massachusetts,Groveland,Donald Trump,REP,1976,False
Massachusetts,Hamilton,Joe Biden,DEM,3364,True
Massachusetts,Hamilton,Donald Trump,REP,1458,False
Massachusetts,Haverhill,Joe Biden,DEM,19020,True
Massachusetts,Haverhill,Donald Trump,REP,12571,False
Massachusetts,Ipswich,Joe Biden,DEM,6273,True
Massachusetts,Ipswich,Donald Trump,REP,3109,False
Massachusetts,Lawrence,Joe Biden,DEM,17023,True
Massachusetts,Lawrence,Donald Trump,REP,5803,False
Massachusetts,Lynn,Joe Biden,DEM,24662,True
Massachusetts,Lynn,Donald Trump,REP,10425,False
Massachusetts,Lynnfield,Joe Biden,DEM,4213,True
Massachusetts,Lynnfield,Donald Trump,REP,3969,False
Massachusetts,Manchester,Joe Biden,DEM,2712,True
Massachusetts,Manchester,Donald Trump,REP,1014,False
Massachusetts,Marblehead,Joe Biden,DEM,10128,True
Massachusetts,Marblehead,Donald Trump,REP,3790,False
Massachusetts,Merrimac,Joe Biden,DEM,2549,True
Massachusetts,Merrimac,Donald Trump,REP,1725,False
Massachusetts,Methuen,Joe Biden,DEM,14328,True
Massachusetts,Methuen,Donald Trump,REP,11127,False
Massachusetts,Middleton,Donald Trump,REP,2966,True
Massachusetts,Middleton,Joe Biden,DEM,2764,False
Massachusetts,Nahant,Joe Biden,DEM,1629,True
Massachusetts,Nahant,Donald Trump,REP,842,False
Massachusetts,Newbury,Joe Biden,DEM,3138,True
Massachusetts,Newbury,Donald Trump,REP,1754,False
Massachusetts,Newburyport,Joe Biden,DEM,9224,True
Massachusetts,Newburyport,Donald Trump,REP,3253,False
Massachusetts,North Andover,Joe Biden,DEM,11022,True
Massachusetts,North Andover,Donald Trump,REP,6548,False
Massachusetts,Peabody,Joe Biden,DEM,16860,True
Massachusetts,Peabody,Donald Trump,REP,12704,False
Massachusetts,Rockport,Joe Biden,DEM,3861,True
Massachusetts,Rockport,Donald Trump,REP,1306,False
Massachusetts,Rowley,Joe Biden,DEM,2180,True
Massachusetts,Rowley,Donald Trump,REP,1942,False
Massachusetts,Salem,Joe Biden,DEM,18023,True
Massachusetts,Salem,Donald Trump,REP,5433,False
Massachusetts,Salisbury,Joe Biden,DEM,2845,True
Massachusetts,Salisbury,Donald Trump,REP,2597,False
Massachusetts,Saugus,Joe Biden,DEM,8001,True
Massachusetts,Saugus,Donald Trump,REP,7543,False
Massachusetts,Swampscott,Joe Biden,DEM,6845,True
Massachusetts,Swampscott,Donald Trump,REP,2555,False
Massachusetts,Topsfield,Joe Biden,DEM,2460,True
Massachusetts,Topsfield,Donald Trump,REP,1602,False
Massachusetts,Wenham,Joe Biden,DEM,1761,True
Massachusetts,Wenham,Donald Trump,REP,765,False
Massachusetts,West Newbury,Joe Biden,DEM,2111,True
Massachusetts,West Newbury,Donald Trump,REP,1061,False
Massachusetts,Ashfield,Joe Biden,DEM,993,True
Massachusetts,Ashfield,Donald Trump,REP,180,False
Massachusetts,Bernardston,Joe Biden,DEM,916,True
Massachusetts,Bernardston,Donald Trump,REP,423,False
Massachusetts,Buckland,Joe Biden,DEM,889,True
Massachusetts,Buckland,Donald Trump,REP,268,False
Massachusetts,Charlemont,Joe Biden,DEM,492,True
Massachusetts,Charlemont,Donald Trump,REP,235,False
Massachusetts,Colrain,Joe Biden,DEM,667,True
Massachusetts,Colrain,Donald Trump,REP,306,False
Massachusetts,Conway,Joe Biden,DEM,989,True
Massachusetts,Conway,Donald Trump,REP,278,False
Massachusetts,Deerfield,Joe Biden,DEM,2425,True
Massachusetts,Deerfield,Donald Trump,REP,839,False
Massachusetts,Erving,Joe Biden,DEM,550,True
Massachusetts,Erving,Donald Trump,REP,355,False
Massachusetts,Gill,Joe Biden,DEM,679,True
Massachusetts,Gill,Donald Trump,REP,279,False
Massachusetts,Greenfield,Joe Biden,DEM,6883,True
Massachusetts,Greenfield,Donald Trump,REP,2265,False
Massachusetts,Hawley,Joe Biden,DEM,155,True
Massachusetts,Hawley,Donald Trump,REP,70,False
Massachusetts,Heath,Joe Biden,DEM,294,True
Massachusetts,Heath,Donald Trump,REP,158,False
Massachusetts,Leverett,Joe Biden,DEM,1193,True
Massachusetts,Leverett,Donald Trump,REP,163,False
Massachusetts,Leyden,Joe Biden,DEM,330,True
Massachusetts,Leyden,Donald Trump,REP,155,False
Massachusetts,Monroe,Donald Trump,REP,31,True
Massachusetts,Monroe,Joe Biden,DEM,28,False
Massachusetts,Montague,Joe Biden,DEM,3520,True
Massachusetts,Montague,Donald Trump,REP,1211,False
Massachusetts,New Salem,Joe Biden,DEM,419,True
Massachusetts,New Salem,Donald Trump,REP,237,False
Massachusetts,Northfield,Joe Biden,DEM,1211,True
Massachusetts,Northfield,Donald Trump,REP,592,False
Massachusetts,Orange,Joe Biden,DEM,1984,True
Massachusetts,Orange,Donald Trump,REP,1699,False
Massachusetts,Rowe,Joe Biden,DEM,152,True
Massachusetts,Rowe,Donald Trump,REP,113,False
Massachusetts,Shelburne,Joe Biden,DEM,927,True
Massachusetts,Shelburne,Donald Trump,REP,209,False
Massachusetts,Shutesbury,Joe Biden,DEM,1154,True
Massachusetts,Shutesbury,Donald Trump,REP,144,False
Massachusetts,Sunderland,Joe Biden,DEM,1605,True
Massachusetts,Sunderland,Donald Trump,REP,394,False
Massachusetts,Warwick,Joe Biden,DEM,343,True
Massachusetts,Warwick,Donald Trump,REP,160,False
Massachusetts,Wendell,Joe Biden,DEM,487,True
Massachusetts,Wendell,Donald Trump,REP,105,False
Massachusetts,Whately,Joe Biden,DEM,745,True
Massachusetts,Whately,Donald Trump,REP,332,False
Massachusetts,Agawam,Donald Trump,REP,8073,True
Massachusetts,Agawam,Joe Biden,DEM,7794,False
Massachusetts,Blandford,Donald Trump,REP,454,True
Massachusetts,Blandford,Joe Biden,DEM,307,False
Massachusetts,Brimfield,Donald Trump,REP,1193,True
Massachusetts,Brimfield,Joe Biden,DEM,1063,False
Massachusetts,Chester,Donald Trump,REP,415,True
Massachusetts,Chester,Joe Biden,DEM,313,False
Massachusetts,Chicopee,Joe Biden,DEM,14502,True
Massachusetts,Chicopee,Donald Trump,REP,10636,False
Massachusetts,East Longmeadow,Joe Biden,DEM,5295,True
Massachusetts,East Longmeadow,Donald Trump,REP,4623,False
Massachusetts,Granville,Donald Trump,REP,565,True
Massachusetts,Granville,Joe Biden,DEM,402,False
Massachusetts,Hampden,Donald Trump,REP,1713,True
Massachusetts,Hampden,Joe Biden,DEM,1539,False
Massachusetts,Holland,Donald Trump,REP,793,True
Massachusetts,Holland,Joe Biden,DEM,698,False
Massachusetts,Holyoke,Joe Biden,DEM,11152,True
Massachusetts,Holyoke,Donald Trump,REP,4843,False
Massachusetts,Longmeadow,Joe Biden,DEM,6679,True
Massachusetts,Longmeadow,Donald Trump,REP,3493,False
Massachusetts,Ludlow,Donald Trump,REP,5695,True
Massachusetts,Ludlow,Joe Biden,DEM,5467,False
Massachusetts,Monson,Donald Trump,REP,2588,True
Massachusetts,Monson,Joe Biden,DEM,2446,False
Massachusetts,Montgomery,Donald Trump,REP,312,True
Massachusetts,Montgomery,Joe Biden,DEM,246,False
Massachusetts,Palmer,Donald Trump,REP,3240,True
Massachusetts,Palmer,Joe Biden,DEM,3108,False
Massachusetts,Russell,Donald Trump,REP,512,True
Massachusetts,Russell,Joe Biden,DEM,366,False
Massachusetts,Southwick,Donald Trump,REP,3221,True
Massachusetts,Southwick,Joe Biden,DEM,2360,False
Massachusetts,Springfield,Joe Biden,DEM,39361,True
Massachusetts,Springfield,Donald Trump,REP,13957,False
Massachusetts,Tolland,Donald Trump,REP,186,True
Massachusetts,Tolland,Joe Biden,DEM,136,False
Massachusetts,Wales,Donald Trump,REP,619,True
Massachusetts,Wales,Joe Biden,DEM,429,False
Massachusetts,Westfield,Joe Biden,DEM,10200,True
Massachusetts,Westfield,Donald Trump,REP,9858,False
Massachusetts,West Springfield,Joe Biden,DEM,7157,True
Massachusetts,West Springfield,Donald Trump,REP,6067,False
Massachusetts,Wilbraham,Joe Biden,DEM,4928,True
Massachusetts,Wilbraham,Donald Trump,REP,4262,False
Massachusetts,Amherst,Joe Biden,DEM,10718,True
Massachusetts,Amherst,Donald Trump,REP,873,False
Massachusetts,Belchertown,Joe Biden,DEM,5893,True
Massachusetts,Belchertown,Donald Trump,REP,3481,False
Massachusetts,Chesterfield,Joe Biden,DEM,510,True
Massachusetts,Chesterfield,Donald Trump,REP,287,False
Massachusetts,Cummington,Joe Biden,DEM,413,True
Massachusetts,Cummington,Donald Trump,REP,162,False
Massachusetts,Easthampton,Joe Biden,DEM,7796,True
Massachusetts,Easthampton,Donald Trump,REP,2525,False
Massachusetts,Goshen,Joe Biden,DEM,418,True
Massachusetts,Goshen,Donald Trump,REP,231,False
Massachusetts,Granby,Joe Biden,DEM,2055,True
Massachusetts,Granby,Donald Trump,REP,1815,False
Massachusetts,Hadley,Joe Biden,DEM,2476,True
Massachusetts,Hadley,Donald Trump,REP,925,False
Massachusetts,Hatfield,Joe Biden,DEM,1578,True
Massachusetts,Hatfield,Donald Trump,REP,686,False
Massachusetts,Huntington,Donald Trump,REP,593,True
Massachusetts,Huntington,Joe Biden,DEM,585,False
Massachusetts,Middlefield,Joe Biden,DEM,199,True
Massachusetts,Middlefield,Donald Trump,REP,124,False
Massachusetts,Northampton,Joe Biden,DEM,15649,True
Massachusetts,Northampton,Donald Trump,REP,1855,False
Massachusetts,Pelham,Joe Biden,DEM,819,True
Massachusetts,Pelham,Donald Trump,REP,89,False
Massachusetts,Plainfield,Joe Biden,DEM,316,True
Massachusetts,Plainfield,Donald Trump,REP,116,False
Massachusetts,Southampton,Joe Biden,DEM,2231,True
Massachusetts,Southampton,Donald Trump,REP,1811,False
Massachusetts,South Hadley,Joe Biden,DEM,6590,True
Massachusetts,South Hadley,Donald Trump,REP,3230,False
Massachusetts,Ware,Donald Trump,REP,2444,True
Massachusetts,Ware,Joe Biden,DEM,2353,False
Massachusetts,Westhampton,Joe Biden,DEM,746,True
Massachusetts,Westhampton,Donald Trump,REP,426,False
Massachusetts,Williamsburg,Joe Biden,DEM,1446,True
Massachusetts,Williamsburg,Donald Trump,REP,337,False
Massachusetts,Worthington,Joe Biden,DEM,571,True
Massachusetts,Worthington,Donald Trump,REP,271,False
Massachusetts,Acton,Joe Biden,DEM,11105,True
Massachusetts,Acton,Donald Trump,REP,2471,False
Massachusetts,Arlington,Joe Biden,DEM,23671,True
Massachusetts,Arlington,Donald Trump,REP,4381,False
Massachusetts,Ashby,Donald Trump,REP,1008,True
Massachusetts,Ashby,Joe Biden,DEM,956,False
Massachusetts,Ashland,Joe Biden,DEM,7308,True
Massachusetts,Ashland,Donald Trump,REP,2936,False
Massachusetts,Ayer,Joe Biden,DEM,2932,True
Massachusetts,Ayer,Donald Trump,REP,1537,False
Massachusetts,Bedford,Joe Biden,DEM,6452,True
Massachusetts,Bedford,Donald Trump,REP,2180,False
Massachusetts,Belmont,Joe Biden,DEM,11999,True
Massachusetts,Belmont,Donald Trump,REP,2956,False
Massachusetts,Billerica,Joe Biden,DEM,13328,True
Massachusetts,Billerica,Donald Trump,REP,10731,False
Massachusetts,Boxborough,Joe Biden,DEM,2526,True
Massachusetts,Boxborough,Donald Trump,REP,786,False
Massachusetts,Burlington,Joe Biden,DEM,9447,True
Massachusetts,Burlington,Donald Trump,REP,5566,False
Massachusetts,Cambridge,Joe Biden,DEM,50233,True
Massachusetts,Cambridge,Donald Trump,REP,3519,False
Massachusetts,Carlisle,Joe Biden,DEM,2772,True
Massachusetts,Carlisle,Donald Trump,REP,767,False
Massachusetts,Chelmsford,Joe Biden,DEM,13901,True
Massachusetts,Chelmsford,Donald Trump,REP,7823,False
Massachusetts,Concord,Joe Biden,DEM,10024,True
Massachusetts,Concord,Donald Trump,REP,1977,False
Massachusetts,Dracut,Donald Trump,REP,8812,True
Massachusetts,Dracut,Joe Biden,DEM,8706,False
Massachusetts,Dunstable,Joe Biden,DEM,1243,True
Massachusetts,Dunstable,Donald Trump,REP,877,False
Massachusetts,Everett,Joe Biden,DEM,10492,True
Massachusetts,Everett,Donald Trump,REP,4093,False
Massachusetts,Framingham,Joe Biden,DEM,23622,True
Massachusetts,Framingham,Donald Trump,REP,7712,False
Massachusetts,Groton,Joe Biden,DEM,4941,True
Massachusetts,Groton,Donald Trump,REP,2149,False
Massachusetts,Holliston,Joe Biden,DEM,6771,True
Massachusetts,Holliston,Donald Trump,REP,2579,False
Massachusetts,Hopkinton,Joe Biden,DEM,7047,True
Massachusetts,Hopkinton,Donald Trump,REP,2981,False
Massachusetts,Hudson,Joe Biden,DEM,7414,True
Massachusetts,Hudson,Donald Trump,REP,3852,False
Massachusetts,Lexington,Joe Biden,DEM,16308,True
Massachusetts,Lexington,Donald Trump,REP,3337,False
Massachusetts,Lincoln,Joe Biden,DEM,3493,True
Massachusetts,Lincoln,Donald Trump,REP,683,False
Massachusetts,Littleton,Joe Biden,DEM,4479,True
Massachusetts,Littleton,Donald Trump,REP,1980,False
Massachusetts,Lowell,Joe Biden,DEM,25544,True
Massachusetts,Lowell,Donald Trump,REP,12346,False
Massachusetts,Malden,Joe Biden,DEM,19111,True
Massachusetts,Malden,Donald Trump,REP,6026,False
Massachusetts,Marlborough,Joe Biden,DEM,12610,True
Massachusetts,Marlborough,Donald Trump,REP,6100,False
Massachusetts,Maynard,Joe Biden,DEM,4942,True
Massachusetts,Maynard,Donald Trump,REP,1672,False
Massachusetts,Medford,Joe Biden,DEM,23495,True
Massachusetts,Medford,Donald Trump,REP,7566,False
Massachusetts,Melrose,Joe Biden,DEM,13213,True
Massachusetts,Melrose,Donald Trump,REP,4646,False
Massachusetts,Natick,Joe Biden,DEM,16330,True
Massachusetts,Natick,Donald Trump,REP,4971,False
Massachusetts,Newton,Joe Biden,DEM,40907,True
Massachusetts,Newton,Donald Trump,REP,8357,False
Massachusetts,North Reading,Joe Biden,DEM,5585,True
Massachusetts,North Reading,Donald Trump,REP,4116,False
Massachusetts,Pepperell,Joe Biden,DEM,3869,True
Massachusetts,Pepperell,Donald Trump,REP,3205,False
Massachusetts,Reading,Joe Biden,DEM,11134,True
Massachusetts,Reading,Donald Trump,REP,5444,False
Massachusetts,Sherborn,Joe Biden,DEM,2267,True
Massachusetts,Sherborn,Donald Trump,REP,579,False
Massachusetts,Shirley,Joe Biden,DEM,2100,True
Massachusetts,Shirley,Donald Trump,REP,1493,False
Massachusetts,Somerville,Joe Biden,DEM,37027,True
Massachusetts,Somerville,Donald Trump,REP,4283,False
Massachusetts,Stoneham,Joe Biden,DEM,8676,True
Massachusetts,Stoneham,Donald Trump,REP,5372,False
Massachusetts,Stow,Joe Biden,DEM,3551,True
Massachusetts,Stow,Donald Trump,REP,1258,False
Massachusetts,Sudbury,Joe Biden,DEM,9345,True
Massachusetts,Sudbury,Donald Trump,REP,2691,False
Massachusetts,Tewksbury,Joe Biden,DEM,9954,True
Massachusetts,Tewksbury,Donald Trump,REP,8783,False
Massachusetts,Townsend,Joe Biden,DEM,2687,True
Massachusetts,Townsend,Donald Trump,REP,2620,False
Massachusetts,Tyngsborough,Joe Biden,DEM,4034,True
Massachusetts,Tyngsborough,Donald Trump,REP,3375,False
Massachusetts,Wakefield,Joe Biden,DEM,10215,True
Massachusetts,Wakefield,Donald Trump,REP,6032,False
Massachusetts,Waltham,Joe Biden,DEM,20424,True
Massachusetts,Waltham,Donald Trump,REP,7787,False
Massachusetts,Watertown,Joe Biden,DEM,14970,True
Massachusetts,Watertown,Donald Trump,REP,3801,False
Massachusetts,Wayland,Joe Biden,DEM,7344,True
Massachusetts,Wayland,Donald Trump,REP,1705,False
Massachusetts,Westford,Joe Biden,DEM,10229,True
Massachusetts,Westford,Donald Trump,REP,4656,False
Massachusetts,Weston,Joe Biden,DEM,5129,True
Massachusetts,Weston,Donald Trump,REP,1712,False
Massachusetts,Wilmington,Joe Biden,DEM,8027,True
Massachusetts,Wilmington,Donald Trump,REP,6448,False
Massachusetts,Winchester,Joe Biden,DEM,9777,True
Massachusetts,Winchester,Donald Trump,REP,3736,False
Massachusetts,Woburn,Joe Biden,DEM,13530,True
Massachusetts,Woburn,Donald Trump,REP,8483,False
Massachusetts,Nantucket,Joe Biden,DEM,5241,True
Massachusetts,Nantucket,Donald Trump,REP,1914,False
Massachusetts,Avon,Joe Biden,DEM,1601,True
Massachusetts,Avon,Donald Trump,REP,1030,False
Massachusetts,Bellingham,Joe Biden,DEM,5211,True
Massachusetts,Bellingham,Donald Trump,REP,4402,False
Massachusetts,Braintree,Joe Biden,DEM,12612,True
Massachusetts,Braintree,Donald Trump,REP,8744,False
Massachusetts,Brookline,Joe Biden,DEM,27150,True
Massachusetts,Brookline,Donald Trump,REP,3418,False
Massachusetts,Canton,Joe Biden,DEM,9222,True
Massachusetts,Canton,Donald Trump,REP,4965,False
Massachusetts,Cohasset,Joe Biden,DEM,3849,True
Massachusetts,Cohasset,Donald Trump,REP,1665,False
Massachusetts,Dedham,Joe Biden,DEM,10760,True
Massachusetts,Dedham,Donald Trump,REP,4771,False
Massachusetts,Dover,Joe Biden,DEM,2761,True
Massachusetts,Dover,Donald Trump,REP,1142,False
Massachusetts,Foxborough,Joe Biden,DEM,6740,True
Massachusetts,Foxborough,Donald Trump,REP,4357,False
Massachusetts,Franklin,Joe Biden,DEM,12475,True
Massachusetts,Franklin,Donald Trump,REP,7345,False
Massachusetts,Holbrook,Joe Biden,DEM,3710,True
Massachusetts,Holbrook,Donald Trump,REP,2381,False
Massachusetts,Medfield,Joe Biden,DEM,5668,True
Massachusetts,Medfield,Donald Trump,REP,2374,False
Massachusetts,Medway,Joe Biden,DEM,5156,True
Massachusetts,Medway,Donald Trump,REP,3004,False
Massachusetts,Millis,Joe Biden,DEM,3502,True
Massachusetts,Millis,Donald Trump,REP,2001,False
Massachusetts,Milton,Joe Biden,DEM,12862,True
Massachusetts,Milton,Donald Trump,REP,4441,False
Massachusetts,Needham,Joe Biden,DEM,15573,True
Massachusetts,Needham,Donald Trump,REP,4078,False
Massachusetts,Norfolk,Joe Biden,DEM,4100,True
Massachusetts,Norfolk,Donald Trump,REP,2570,False
Massachusetts,Norwood,Joe Biden,DEM,11212,True
Massachusetts,Norwood,Donald Trump,REP,5824,False
Massachusetts,Plainville,Joe Biden,DEM,3196,True
Massachusetts,Plainville,Donald Trump,REP,2474,False
Massachusetts,Quincy,Joe Biden,DEM,30446,True
Massachusetts,Quincy,Donald Trump,REP,14340,False
Massachusetts,Randolph,Joe Biden,DEM,13676,True
Massachusetts,Randolph,Donald Trump,REP,3523,False
Massachusetts,Sharon,Joe Biden,DEM,8778,True
Massachusetts,Sharon,Donald Trump,REP,2603,False
Massachusetts,Stoughton,Joe Biden,DEM,10254,True
Massachusetts,Stoughton,Donald Trump,REP,5081,False
Massachusetts,Walpole,Joe Biden,DEM,9474,True
Massachusetts,Walpole,Donald Trump,REP,6243,False
Massachusetts,Wellesley,Joe Biden,DEM,12630,True
Massachusetts,Wellesley,Donald Trump,REP,3295,False
Massachusetts,Westwood,Joe Biden,DEM,6832,True
Massachusetts,Westwood,Donald Trump,REP,3444,False
Massachusetts,Weymouth,Joe Biden,DEM,19615,True
Massachusetts,Weymouth,Donald Trump,REP,12460,False
Massachusetts,Wrentham,Joe Biden,DEM,4247,True
Massachusetts,Wrentham,Donald Trump,REP,3319,False
Massachusetts,Abington,Joe Biden,DEM,5209,True
Massachusetts,Abington,Donald Trump,REP,4236,False
Massachusetts,Bridgewater,Joe Biden,DEM,7688,True
Massachusetts,Bridgewater,Donald Trump,REP,6572,False
Massachusetts,Brockton,Joe Biden,DEM,29475,True
Massachusetts,Brockton,Donald Trump,REP,8689,False
Massachusetts,Carver,Donald Trump,REP,3504,True
Massachusetts,Carver,Joe Biden,DEM,3277,False
Massachusetts,Duxbury,Joe Biden,DEM,6910,True
Massachusetts,Duxbury,Donald Trump,REP,4032,False
Massachusetts,East Bridgewater,Donald Trump,REP,4366,True
Massachusetts,East Bridgewater,Joe Biden,DEM,4183,False
Massachusetts,Halifax,Donald Trump,REP,2398,True
Massachusetts,Halifax,Joe Biden,DEM,2354,False
Massachusetts,Hanover,Joe Biden,DEM,4910,True
Massachusetts,Hanover,Donald Trump,REP,4507,False
Massachusetts,Hanson,Donald Trump,REP,3314,True
Massachusetts,Hanson,Joe Biden,DEM,3244,False
Massachusetts,Hingham,Joe Biden,DEM,10855,True
Massachusetts,Hingham,Donald Trump,REP,4986,False
Massachusetts,Hull,Joe Biden,DEM,4507,True
Massachusetts,Hull,Donald Trump,REP,2433,False
Massachusetts,Kingston,Joe Biden,DEM,4522,True
Massachusetts,Kingston,Donald Trump,REP,3775,False
Massachusetts,Lakeville,Donald Trump,REP,3778,True
Massachusetts,Lakeville,Joe Biden,DEM,3336,False
Massachusetts,Marion,Joe Biden,DEM,2369,True
Massachusetts,Marion,Donald Trump,REP,1244,False
Massachusetts,Marshfield,Joe Biden,DEM,9671,True
Massachusetts,Marshfield,Donald Trump,REP,7498,False
Massachusetts,Mattapoisett,Joe Biden,DEM,2730,True
Massachusetts,Mattapoisett,Donald Trump,REP,1888,False
Massachusetts,Middleborough,Donald Trump,REP,7164,True
Massachusetts,Middleborough,Joe Biden,DEM,6324,False
Massachusetts,Norwell,Joe Biden,DEM,4291,True
Massachusetts,Norwell,Donald Trump,REP,2920,False
Massachusetts,Pembroke,Joe Biden,DEM,6174,True
Massachusetts,Pembroke,Donald Trump,REP,5263,False
Massachusetts,Plymouth,Joe Biden,DEM,21266,True
Massachusetts,Plymouth,Donald Trump,REP,15152,False
Massachusetts,Plympton,Joe Biden,DEM,962,True
Massachusetts,Plympton,Donald Trump,REP,912,False
Massachusetts,Rochester,Donald Trump,REP,1991,True
Massachusetts,Rochester,Joe Biden,DEM,1762,False
Massachusetts,Rockland,Joe Biden,DEM,5400,True
Massachusetts,Rockland,Donald Trump,REP,4319,False
Massachusetts,Scituate,Joe Biden,DEM,8608,True
Massachusetts,Scituate,Donald Trump,REP,4614,False
Massachusetts,Wareham,Joe Biden,DEM,6883,True
Massachusetts,Wareham,Donald Trump,REP,5518,False
Massachusetts,West Bridgewater,Donald Trump,REP,2272,True
Massachusetts,West Bridgewater,Joe Biden,DEM,2224,False
Massachusetts,Whitman,Joe Biden,DEM,4496,True
Massachusetts,Whitman,Donald Trump,REP,3882,False
Massachusetts,Boston,Joe Biden,DEM,242717,True
Massachusetts,Boston,Donald Trump,REP,45425,False
Massachusetts,Chelsea,Joe Biden,DEM,8155,True
Massachusetts,Chelsea,Donald Trump,REP,2215,False
Massachusetts,Revere,Joe Biden,DEM,13360,True
Massachusetts,Revere,Donald Trump,REP,7203,False
Massachusetts,Winthrop,Joe Biden,DEM,6290,True
Massachusetts,Winthrop,Donald Trump,REP,3770,False
Massachusetts,Ashburnham,Joe Biden,DEM,2030,True
Massachusetts,Ashburnham,Donald Trump,REP,1667,False
Massachusetts,Athol,Joe Biden,DEM,2705,True
Massachusetts,Athol,Donald Trump,REP,2579,False
Massachusetts,Auburn,Joe Biden,DEM,5620,True
Massachusetts,Auburn,Donald Trump,REP,4306,False
Massachusetts,Barre,Joe Biden,DEM,1535,True
Massachusetts,Barre,Donald Trump,REP,1523,False
Massachusetts,Berlin,Joe Biden,DEM,1375,True
Massachusetts,Berlin,Donald Trump,REP,816,False
Massachusetts,Blackstone,Donald Trump,REP,2560,True
Massachusetts,Blackstone,Joe Biden,DEM,2450,False
Massachusetts,Bolton,Joe Biden,DEM,2529,True
Massachusetts,Bolton,Donald Trump,REP,1140,False
Massachusetts,Boylston,Joe Biden,DEM,1877,True
Massachusetts,Boylston,Donald Trump,REP,1318,False
Massachusetts,Brookfield,Donald Trump,REP,1054,True
Massachusetts,Brookfield,Joe Biden,DEM,946,False
Massachusetts,Charlton,Donald Trump,REP,4127,True
Massachusetts,Charlton,Joe Biden,DEM,3759,False
Massachusetts,Clinton,Joe Biden,DEM,4688,True
Massachusetts,Clinton,Donald Trump,REP,2886,False
Massachusetts,Douglas,Donald Trump,REP,2956,True
Massachusetts,Douglas,Joe Biden,DEM,2458,False
Massachusetts,Dudley,Donald Trump,REP,3192,True
Massachusetts,Dudley,Joe Biden,DEM,2744,False
Massachusetts,East Brookfield,Donald Trump,REP,741,True
Massachusetts,East Brookfield,Joe Biden,DEM,593,False
Massachusetts,Fitchburg,Joe Biden,DEM,9897,True
Massachusetts,Fitchburg,Donald Trump,REP,6186,False
Massachusetts,Gardner,Joe Biden,DEM,5213,True
Massachusetts,Gardner,Donald Trump,REP,3939,False
Massachusetts,Grafton,Joe Biden,DEM,7139,True
Massachusetts,Grafton,Donald Trump,REP,4011,False
Massachusetts,Hardwick,Joe Biden,DEM,749,True
Massachusetts,Hardwick,Donald Trump,REP,733,False
Massachusetts,Harvard,Joe Biden,DEM,3074,True
Massachusetts,Harvard,Donald Trump,REP,954,False
Massachusetts,Holden,Joe Biden,DEM,7325,True
Massachusetts,Holden,Donald Trump,REP,4996,False
Massachusetts,Hopedale,Joe Biden,DEM,2285,True
Massachusetts,Hopedale,Donald Trump,REP,1385,False
Massachusetts,Hubbardston,Donald Trump,REP,1442,True
Massachusetts,Hubbardston,Joe Biden,DEM,1390,False
Massachusetts,Lancaster,Joe Biden,DEM,2458,True
Massachusetts,Lancaster,Donald Trump,REP,1762,False
Massachusetts,Leicester,Donald Trump,REP,3146,True
Massachusetts,Leicester,Joe Biden,DEM,3101,False
Massachusetts,Leominster,Joe Biden,DEM,12344,True
Massachusetts,Leominster,Donald Trump,REP,8592,False
Massachusetts,Lunenburg,Joe Biden,DEM,4027,True
Massachusetts,Lunenburg,Donald Trump,REP,2936,False
Massachusetts,Mendon,Joe Biden,DEM,2067,True
Massachusetts,Mendon,Donald Trump,REP,1774,False
Massachusetts,Milford,Joe Biden,DEM,8700,True
Massachusetts,Milford,Donald Trump,REP,5544,False
Massachusetts,Millbury,Joe Biden,DEM,4196,True
Massachusetts,Millbury,Donald Trump,REP,3739,False
Massachusetts,Millville,Donald Trump,REP,976,True
Massachusetts,Millville,Joe Biden,DEM,821,False
Massachusetts,New Braintree,Donald Trump,REP,337,True
Massachusetts,New Braintree,Joe Biden,DEM,319,False
Massachusetts,Northborough,Joe Biden,DEM,6476,True
Massachusetts,Northborough,Donald Trump,REP,2913,False
Massachusetts,Northbridge,Joe Biden,DEM,4720,True
Massachusetts,Northbridge,Donald Trump,REP,4244,False
Massachusetts,North Brookfield,Donald Trump,REP,1459,True
Massachusetts,North Brookfield,Joe Biden,DEM,1181,False
Massachusetts,Oakham,Donald Trump,REP,664,True
Massachusetts,Oakham,Joe Biden,DEM,554,False
Massachusetts,Oxford,Donald Trump,REP,3765,True
Massachusetts,Oxford,Joe Biden,DEM,3593,False
Massachusetts,Paxton,Joe Biden,DEM,1625,True
Massachusetts,Paxton,Donald Trump,REP,1268,False
Massachusetts,Petersham,Joe Biden,DEM,528,True
Massachusetts,Petersham,Donald Trump,REP,321,False
Massachusetts,Phillipston,Donald Trump,REP,607,True
Massachusetts,Phillipston,Joe Biden,DEM,465,False
Massachusetts,Princeton,Joe Biden,DEM,1530,True
Massachusetts,Princeton,Donald Trump,REP,977,False
Massachusetts,Royalston,Joe Biden,DEM,408,True
Massachusetts,Royalston,Donald Trump,REP,357,False
Massachusetts,Rutland,Joe Biden,DEM,2818,True
Massachusetts,Rutland,Donald Trump,REP,2667,False
Massachusetts,Shrewsbury,Joe Biden,DEM,13590,True
Massachusetts,Shrewsbury,Donald Trump,REP,7058,False
Massachusetts,Southborough,Joe Biden,DEM,4618,True
Massachusetts,Southborough,Donald Trump,REP,1851,False
Massachusetts,Southbridge,Joe Biden,DEM,4079,True
Massachusetts,Southbridge,Donald Trump,REP,3022,False
Massachusetts,Spencer,Donald Trump,REP,3287,True
Massachusetts,Spencer,Joe Biden,DEM,2989,False
Massachusetts,Sterling,Joe Biden,DEM,2841,True
Massachusetts,Sterling,Donald Trump,REP,2444,False
Massachusetts,Sturbridge,Joe Biden,DEM,3417,True
Massachusetts,Sturbridge,Donald Trump,REP,2515,False
Massachusetts,Sutton,Joe Biden,DEM,3091,True
Massachusetts,Sutton,Donald Trump,REP,3081,False
Massachusetts,Templeton,Donald Trump,REP,2289,True
Massachusetts,Templeton,Joe Biden,DEM,2061,False
Massachusetts,Upton,Joe Biden,DEM,3173,True
Massachusetts,Upton,Donald Trump,REP,1988,False
Massachusetts,Uxbridge,Joe Biden,DEM,4351,True
Massachusetts,Uxbridge,Donald Trump,REP,4093,False
Massachusetts,Warren,Donald Trump,REP,1375,True
Massachusetts,Warren,Joe Biden,DEM,1149,False
Massachusetts,Webster,Joe Biden,DEM,4046,True
Massachusetts,Webster,Donald Trump,REP,4039,False
Massachusetts,Westborough,Joe Biden,DEM,7569,True
Massachusetts,Westborough,Donald Trump,REP,2776,False
Massachusetts,West Boylston,Joe Biden,DEM,2788,True
Massachusetts,West Boylston,Donald Trump,REP,1872,False
Massachusetts,West Brookfield,Joe Biden,DEM,1137,True
Massachusetts,West Brookfield,Donald Trump,REP,1127,False
Massachusetts,Westminster,Joe Biden,DEM,2665,True
Massachusetts,Westminster,Donald Trump,REP,2477,False
Massachusetts,Winchendon,Donald Trump,REP,2661,True
Massachusetts,Winchendon,Joe Biden,DEM,2313,False
Massachusetts,Worcester,Joe Biden,DEM,48584,True
Massachusetts,Worcester,Donald Trump,REP,21169,False
Michigan,Alcona County,Donald Trump,REP,4848,True
Michigan,Alcona County,Joe Biden,DEM,2142,False
Michigan,Alger County,Donald Trump,REP,3014,True
Michigan,Alger County,Joe Biden,DEM,2053,False
Michigan,Allegan County,Donald Trump,REP,41392,True
Michigan,Allegan County,Joe Biden,DEM,24449,False
Michigan,Alpena County,Donald Trump,REP,10686,True
Michigan,Alpena County,Joe Biden,DEM,6000,False
Michigan,Antrim County,Donald Trump,REP,9748,True
Michigan,Antrim County,Joe Biden,DEM,5960,False
Michigan,Arenac County,Donald Trump,REP,5928,True
Michigan,Arenac County,Joe Biden,DEM,2774,False
Michigan,Baraga County,Donald Trump,REP,2512,True
Michigan,Baraga County,Joe Biden,DEM,1478,False
Michigan,Barry County,Donald Trump,REP,23471,True
Michigan,Barry County,Joe Biden,DEM,11797,False
Michigan,Bay County,Donald Trump,REP,33125,True
Michigan,Bay County,Joe Biden,DEM,26151,False
Michigan,Benzie County,Donald Trump,REP,6601,True
Michigan,Benzie County,Joe Biden,DEM,5480,False
Michigan,Berrien County,Donald Trump,REP,43519,True
Michigan,Berrien County,Joe Biden,DEM,37438,False
Michigan,Branch County,Donald Trump,REP,14064,True
Michigan,Branch County,Joe Biden,DEM,6159,False
Michigan,Calhoun County,Donald Trump,REP,36221,True
Michigan,Calhoun County,Joe Biden,DEM,28877,False
Michigan,Cass County,Donald Trump,REP,16699,True
Michigan,Cass County,Joe Biden,DEM,9130,False
Michigan,Charlevoix County,Donald Trump,REP,9841,True
Michigan,Charlevoix County,Joe Biden,DEM,6939,False
Michigan,Cheboygan County,Donald Trump,REP,10186,True
Michigan,Cheboygan County,Joe Biden,DEM,5437,False
Michigan,Chippewa County,Donald Trump,REP,10681,True
Michigan,Chippewa County,Joe Biden,DEM,6648,False
Michigan,Clare County,Donald Trump,REP,10861,True
Michigan,Clare County,Joe Biden,DEM,5199,False
Michigan,Clinton County,Donald Trump,REP,25098,True
Michigan,Clinton County,Joe Biden,DEM,21968,False
Michigan,Crawford County,Donald Trump,REP,5087,True
Michigan,Crawford County,Joe Biden,DEM,2672,False
Michigan,Delta County,Donald Trump,REP,13207,True
Michigan,Delta County,Joe Biden,DEM,7606,False
Michigan,Dickinson County,Donald Trump,REP,9617,True
Michigan,Dickinson County,Joe Biden,DEM,4744,False
Michigan,Eaton County,Donald Trump,REP,31798,True
Michigan,Eaton County,Joe Biden,DEM,31299,False
Michigan,Emmet County,Donald Trump,REP,12135,True
Michigan,Emmet County,Joe Biden,DEM,9662,False
Michigan,Genesee County,Joe Biden,DEM,119390,True
Michigan,Genesee County,Donald Trump,REP,98714,False
Michigan,Gladwin County,Donald Trump,REP,9893,True
Michigan,Gladwin County,Joe Biden,DEM,4524,False
Michigan,Gogebic County,Donald Trump,REP,4600,True
Michigan,Gogebic County,Joe Biden,DEM,3570,False
Michigan,Grand Traverse County,Donald Trump,REP,30502,True
Michigan,Grand Traverse County,Joe Biden,DEM,28683,False
Michigan,Gratiot County,Donald Trump,REP,12102,True
Michigan,Gratiot County,Joe Biden,DEM,6693,False
Michigan,Hillsdale County,Donald Trump,REP,17037,True
Michigan,Hillsdale County,Joe Biden,DEM,5883,False
Michigan,Houghton County,Donald Trump,REP,10378,True
Michigan,Houghton County,Joe Biden,DEM,7750,False
Michigan,Huron County,Donald Trump,REP,12731,True
Michigan,Huron County,Joe Biden,DEM,5490,False
Michigan,Ingham County,Joe Biden,DEM,94212,True
Michigan,Ingham County,Donald Trump,REP,47639,False
Michigan,Ionia County,Donald Trump,REP,20657,True
Michigan,Ionia County,Joe Biden,DEM,10901,False
Michigan,Iosco County,Donald Trump,REP,9759,True
Michigan,Iosco County,Joe Biden,DEM,5373,False
Michigan,Iron County,Donald Trump,REP,4216,True
Michigan,Iron County,Joe Biden,DEM,2493,False
Michigan,Isabella County,Donald Trump,REP,14815,True
Michigan,Isabella County,Joe Biden,DEM,14072,False
Michigan,Jackson County,Donald Trump,REP,47372,True
Michigan,Jackson County,Joe Biden,DEM,31995,False
Michigan,Kalamazoo County,Joe Biden,DEM,83686,True
Michigan,Kalamazoo County,Donald Trump,REP,56823,False
Michigan,Kalkaska County,Donald Trump,REP,7436,True
Michigan,Kalkaska County,Joe Biden,DEM,3002,False
Michigan,Kent County,Joe Biden,DEM,187915,True
Michigan,Kent County,Donald Trump,REP,165741,False
Michigan,Keweenaw County,Donald Trump,REP,862,True
Michigan,Keweenaw County,Joe Biden,DEM,672,False
Michigan,Lake County,Donald Trump,REP,3946,True
Michigan,Lake County,Joe Biden,DEM,2288,False
Michigan,Lapeer County,Donald Trump,REP,35482,True
Michigan,Lapeer County,Joe Biden,DEM,16367,False
Michigan,Leelanau County,Joe Biden,DEM,8795,True
Michigan,Leelanau County,Donald Trump,REP,7916,False
Michigan,Lenawee County,Donald Trump,REP,31541,True
Michigan,Lenawee County,Joe Biden,DEM,20918,False
Michigan,Livingston County,Donald Trump,REP,76982,True
Michigan,Livingston County,Joe Biden,DEM,48220,False
Michigan,Luce County,Donald Trump,REP,2109,True
Michigan,Luce County,Joe Biden,DEM,842,False
Michigan,Mackinac County,Donald Trump,REP,4304,True
Michigan,Mackinac County,Joe Biden,DEM,2632,False
Michigan,Macomb County,Donald Trump,REP,263863,True
Michigan,Macomb County,Joe Biden,DEM,223952,False
Michigan,Manistee County,Donald Trump,REP,8321,True
Michigan,Manistee County,Joe Biden,DEM,6107,False
Michigan,Marquette County,Joe Biden,DEM,20465,True
Michigan,Marquette County,Donald Trump,REP,16286,False
Michigan,Mason County,Donald Trump,REP,10207,True
Michigan,Mason County,Joe Biden,DEM,6802,False
Michigan,Mecosta County,Donald Trump,REP,13267,True
Michigan,Mecosta County,Joe Biden,DEM,7375,False
Michigan,Menominee County,Donald Trump,REP,8117,True
Michigan,Menominee County,Joe Biden,DEM,4316,False
Michigan,Midland County,Donald Trump,REP,27675,True
Michigan,Midland County,Joe Biden,DEM,20493,False
Michigan,Missaukee County,Donald Trump,REP,6648,True
Michigan,Missaukee County,Joe Biden,DEM,1967,False
Michigan,Monroe County,Donald Trump,REP,52710,True
Michigan,Monroe County,Joe Biden,DEM,32975,False
Michigan,Montcalm County,Donald Trump,REP,21815,True
Michigan,Montcalm County,Joe Biden,DEM,9703,False
Michigan,Montmorency County,Donald Trump,REP,4171,True
Michigan,Montmorency County,Joe Biden,DEM,1628,False
Michigan,Muskegon County,Joe Biden,DEM,45643,True
Michigan,Muskegon County,Donald Trump,REP,45133,False
Michigan,Newaygo County,Donald Trump,REP,18857,True
Michigan,Newaygo County,Joe Biden,DEM,7873,False
Michigan,Oakland County,Joe Biden,DEM,434148,True
Michigan,Oakland County,Donald Trump,REP,325971,False
Michigan,Oceana County,Donald Trump,REP,8892,True
Michigan,Oceana County,Joe Biden,DEM,4944,False
Michigan,Ogemaw County,Donald Trump,REP,8253,True
Michigan,Ogemaw County,Joe Biden,DEM,3475,False
Michigan,Ontonagon County,Donald Trump,REP,2358,True
Michigan,Ontonagon County,Joe Biden,DEM,1391,False
Michigan,Osceola County,Donald Trump,REP,8928,True
Michigan,Osceola County,Joe Biden,DEM,3214,False
Michigan,Oscoda County,Donald Trump,REP,3466,True
Michigan,Oscoda County,Joe Biden,DEM,1342,False
Michigan,Otsego County,Donald Trump,REP,9779,True
Michigan,Otsego County,Joe Biden,DEM,4743,False
Michigan,Ottawa County,Donald Trump,REP,100913,True
Michigan,Ottawa County,Joe Biden,DEM,64705,False
Michigan,Presque Isle County,Donald Trump,REP,5342,True
Michigan,Presque Isle County,Joe Biden,DEM,2911,False
Michigan,Roscommon County,Donald Trump,REP,9670,True
Michigan,Roscommon County,Joe Biden,DEM,5166,False
Michigan,Saginaw County,Joe Biden,DEM,51088,True
Michigan,Saginaw County,Donald Trump,REP,50785,False
Michigan,St. Clair County,Donald Trump,REP,59185,True
Michigan,St. Clair County,Joe Biden,DEM,31363,False
Michigan,St. Joseph County,Donald Trump,REP,18127,True
Michigan,St. Joseph County,Joe Biden,DEM,9262,False
Michigan,Sanilac County,Donald Trump,REP,16194,True
Michigan,Sanilac County,Joe Biden,DEM,5966,False
Michigan,Schoolcraft County,Donald Trump,REP,3090,True
Michigan,Schoolcraft County,Joe Biden,DEM,1589,False
Michigan,Shiawassee County,Donald Trump,REP,23149,True
Michigan,Shiawassee County,Joe Biden,DEM,15347,False
Michigan,Tuscola County,Donald Trump,REP,20297,True
Michigan,Tuscola County,Joe Biden,DEM,8712,False
Michigan,Van Buren County,Donald Trump,REP,21591,True
Michigan,Van Buren County,Joe Biden,DEM,16803,False
Michigan,Washtenaw County,Joe Biden,DEM,157136,True
Michigan,Washtenaw County,Donald Trump,REP,56241,False
Michigan,Wayne County,Joe Biden,DEM,597170,True
Michigan,Wayne County,Donald Trump,REP,264553,False
Michigan,Wexford County,Donald Trump,REP,12102,True
Michigan,Wexford County,Joe Biden,DEM,5838,False
Minnesota,Aitkin County,Donald Trump,REP,6258,True
Minnesota,Aitkin County,Joe Biden,DEM,3607,False
Minnesota,Anoka County,Donald Trump,REP,104902,True
Minnesota,Anoka County,Joe Biden,DEM,100893,False
Minnesota,Becker County,Donald Trump,REP,12438,True
Minnesota,Becker County,Joe Biden,DEM,6589,False
Minnesota,Beltrami County,Donald Trump,REP,12188,True
Minnesota,Beltrami County,Joe Biden,DEM,11426,False
Minnesota,Benton County,Donald Trump,REP,14382,True
Minnesota,Benton County,Joe Biden,DEM,7280,False
Minnesota,Big Stone County,Donald Trump,REP,1863,True
Minnesota,Big Stone County,Joe Biden,DEM,1053,False
Minnesota,Blue Earth County,Joe Biden,DEM,18330,True
Minnesota,Blue Earth County,Donald Trump,REP,16731,False
Minnesota,Brown County,Donald Trump,REP,9552,True
Minnesota,Brown County,Joe Biden,DEM,4753,False
Minnesota,Carlton County,Joe Biden,DEM,10098,True
Minnesota,Carlton County,Donald Trump,REP,9791,False
Minnesota,Carver County,Donald Trump,REP,34009,True
Minnesota,Carver County,Joe Biden,DEM,30774,False
Minnesota,Cass County,Donald Trump,REP,11620,True
Minnesota,Cass County,Joe Biden,DEM,6342,False
Minnesota,Chippewa County,Donald Trump,REP,4250,True
Minnesota,Chippewa County,Joe Biden,DEM,2226,False
Minnesota,Chisago County,Donald Trump,REP,21916,True
Minnesota,Chisago County,Joe Biden,DEM,11806,False
Minnesota,Clay County,Joe Biden,DEM,16357,True
Minnesota,Clay County,Donald Trump,REP,15043,False
Minnesota,Clearwater County,Donald Trump,REP,3372,True
Minnesota,Clearwater County,Joe Biden,DEM,1260,False
Minnesota,Cook County,Joe Biden,DEM,2496,True
Minnesota,Cook County,Donald Trump,REP,1203,False
Minnesota,Cottonwood County,Donald Trump,REP,4165,True
Minnesota,Cottonwood County,Joe Biden,DEM,1834,False
Minnesota,Crow Wing County,Donald Trump,REP,25676,True
Minnesota,Crow Wing County,Joe Biden,DEM,13726,False
Minnesota,Dakota County,Joe Biden,DEM,146155,True
Minnesota,Dakota County,Donald Trump,REP,109638,False
Minnesota,Dodge County,Donald Trump,REP,7783,True
Minnesota,Dodge County,Joe Biden,DEM,4079,False
Minnesota,Douglas County,Donald Trump,REP,15799,True
Minnesota,Douglas County,Joe Biden,DEM,7868,False
Minnesota,Faribault County,Donald Trump,REP,5191,True
Minnesota,Faribault County,Joe Biden,DEM,2531,False
Minnesota,Fillmore County,Donald Trump,REP,7301,True
Minnesota,Fillmore County,Joe Biden,DEM,4551,False
Minnesota,Freeborn County,Donald Trump,REP,9578,True
Minnesota,Freeborn County,Joe Biden,DEM,6889,False
Minnesota,Goodhue County,Donald Trump,REP,16052,True
Minnesota,Goodhue County,Joe Biden,DEM,11806,False
Minnesota,Grant County,Donald Trump,REP,2269,True
Minnesota,Grant County,Joe Biden,DEM,1300,False
Minnesota,Hennepin County,Joe Biden,DEM,532623,True
Minnesota,Hennepin County,Donald Trump,REP,205973,False
Minnesota,Houston County,Donald Trump,REP,6334,True
Minnesota,Houston County,Joe Biden,DEM,4853,False
Minnesota,Hubbard County,Donald Trump,REP,8202,True
Minnesota,Hubbard County,Joe Biden,DEM,4462,False
Minnesota,Isanti County,Donald Trump,REP,16491,True
Minnesota,Isanti County,Joe Biden,DEM,7138,False
Minnesota,Itasca County,Donald Trump,REP,15239,True
Minnesota,Itasca County,Joe Biden,DEM,10786,False
Minnesota,Jackson County,Donald Trump,REP,3948,True
Minnesota,Jackson County,Joe Biden,DEM,1745,False
Minnesota,Kanabec County,Donald Trump,REP,6278,True
Minnesota,Kanabec County,Joe Biden,DEM,2774,False
Minnesota,Kandiyohi County,Donald Trump,REP,14437,True
Minnesota,Kandiyohi County,Joe Biden,DEM,8440,False
Minnesota,Kittson County,Donald Trump,REP,1546,True
Minnesota,Kittson County,Joe Biden,DEM,1006,False
Minnesota,Koochiching County,Donald Trump,REP,4131,True
Minnesota,Koochiching County,Joe Biden,DEM,2659,False
Minnesota,Lac qui Parle County,Donald Trump,REP,2528,True
Minnesota,Lac qui Parle County,Joe Biden,DEM,1446,False
Minnesota,Lake County,Joe Biden,DEM,3647,True
Minnesota,Lake County,Donald Trump,REP,3393,False
Minnesota,Lake of the Woods County,Donald Trump,REP,1704,True
Minnesota,Lake of the Woods County,Joe Biden,DEM,671,False
Minnesota,Le Sueur County,Donald Trump,REP,10775,True
Minnesota,Le Sueur County,Joe Biden,DEM,5672,False
Minnesota,Lincoln County,Donald Trump,REP,2121,True
Minnesota,Lincoln County,Joe Biden,DEM,937,False
Minnesota,Lyon County,Donald Trump,REP,7979,True
Minnesota,Lyon County,Joe Biden,DEM,4634,False
Minnesota,McLeod County,Donald Trump,REP,13986,True
Minnesota,McLeod County,Joe Biden,DEM,6413,False
Minnesota,Mahnomen County,Donald Trump,REP,1142,True
Minnesota,Mahnomen County,Joe Biden,DEM,1112,False
Minnesota,Marshall County,Donald Trump,REP,3721,True
Minnesota,Marshall County,Joe Biden,DEM,1295,False
Minnesota,Martin County,Donald Trump,REP,7480,True
Minnesota,Martin County,Joe Biden,DEM,3305,False
Minnesota,Meeker County,Donald Trump,REP,9359,True
Minnesota,Meeker County,Joe Biden,DEM,3867,False
Minnesota,Mille Lacs County,Donald Trump,REP,9952,True
Minnesota,Mille Lacs County,Joe Biden,DEM,4404,False
Minnesota,Morrison County,Donald Trump,REP,14821,True
Minnesota,Morrison County,Joe Biden,DEM,4367,False
Minnesota,Mower County,Donald Trump,REP,10025,True
Minnesota,Mower County,Joe Biden,DEM,8899,False
Minnesota,Murray County,Donald Trump,REP,3363,True
Minnesota,Murray County,Joe Biden,DEM,1449,False
Minnesota,Nicollet County,Joe Biden,DEM,9622,True
Minnesota,Nicollet County,Donald Trump,REP,9018,False
Minnesota,Nobles County,Donald Trump,REP,5600,True
Minnesota,Nobles County,Joe Biden,DEM,2933,False
Minnesota,Norman County,Donald Trump,REP,1953,True
Minnesota,Norman County,Joe Biden,DEM,1404,False
Minnesota,Olmsted County,Joe Biden,DEM,49491,True
Minnesota,Olmsted County,Donald Trump,REP,39692,False
Minnesota,Otter Tail County,Donald Trump,REP,23800,True
Minnesota,Otter Tail County,Joe Biden,DEM,11958,False
Minnesota,Pennington County,Donald Trump,REP,4532,True
Minnesota,Pennington County,Joe Biden,DEM,2568,False
Minnesota,Pine County,Donald Trump,REP,10256,True
Minnesota,Pine County,Joe Biden,DEM,5419,False
Minnesota,Pipestone County,Donald Trump,REP,3553,True
Minnesota,Pipestone County,Joe Biden,DEM,1306,False
Minnesota,Polk County,Donald Trump,REP,9865,True
Minnesota,Polk County,Joe Biden,DEM,5439,False
Minnesota,Pope County,Donald Trump,REP,4417,True
Minnesota,Pope County,Joe Biden,DEM,2477,False
Minnesota,Ramsey County,Joe Biden,DEM,211620,True
Minnesota,Ramsey County,Donald Trump,REP,77376,False
Minnesota,Red Lake County,Donald Trump,REP,1454,True
Minnesota,Red Lake County,Joe Biden,DEM,691,False
Minnesota,Redwood County,Donald Trump,REP,5771,True
Minnesota,Redwood County,Joe Biden,DEM,2355,False
Minnesota,Renville County,Donald Trump,REP,5467,True
Minnesota,Renville County,Joe Biden,DEM,2496,False
Minnesota,Rice County,Donald Trump,REP,17464,True
Minnesota,Rice County,Joe Biden,DEM,17402,False
Minnesota,Rock County,Donald Trump,REP,3583,True
Minnesota,Rock County,Joe Biden,DEM,1556,False
Minnesota,Roseau County,Donald Trump,REP,6065,True
Minnesota,Roseau County,Joe Biden,DEM,2188,False
Minnesota,St. Louis County,Joe Biden,DEM,67704,True
Minnesota,St. Louis County,Donald Trump,REP,49017,False
Minnesota,Scott County,Donald Trump,REP,45872,True
Minnesota,Scott County,Joe Biden,DEM,40040,False
Minnesota,Sherburne County,Donald Trump,REP,36222,True
Minnesota,Sherburne County,Joe Biden,DEM,18065,False
Minnesota,Sibley County,Donald Trump,REP,5864,True
Minnesota,Sibley County,Joe Biden,DEM,2417,False
Minnesota,Stearns County,Donald Trump,REP,50959,True
Minnesota,Stearns County,Joe Biden,DEM,31879,False
Minnesota,Steele County,Donald Trump,REP,12656,True
Minnesota,Steele County,Joe Biden,DEM,7917,False
Minnesota,Stevens County,Donald Trump,REP,3044,True
Minnesota,Stevens County,Joe Biden,DEM,1922,False
Minnesota,Swift County,Donald Trump,REP,3316,True
Minnesota,Swift County,Joe Biden,DEM,1784,False
Minnesota,Todd County,Donald Trump,REP,9753,True
Minnesota,Todd County,Joe Biden,DEM,3286,False
Minnesota,Traverse County,Donald Trump,REP,1172,True
Minnesota,Traverse County,Joe Biden,DEM,661,False
Minnesota,Wabasha County,Donald Trump,REP,8153,True
Minnesota,Wabasha County,Joe Biden,DEM,4696,False
Minnesota,Wadena County,Donald Trump,REP,5520,True
Minnesota,Wadena County,Joe Biden,DEM,2023,False
Minnesota,Waseca County,Donald Trump,REP,6624,True
Minnesota,Waseca County,Joe Biden,DEM,3496,False
Minnesota,Washington County,Joe Biden,DEM,89165,True
Minnesota,Washington County,Donald Trump,REP,73764,False
Minnesota,Watonwan County,Donald Trump,REP,3103,True
Minnesota,Watonwan County,Joe Biden,DEM,1987,False
Minnesota,Wilkin County,Donald Trump,REP,2328,True
Minnesota,Wilkin County,Joe Biden,DEM,1026,False
Minnesota,Winona County,Joe Biden,DEM,13333,True
Minnesota,Winona County,Donald Trump,REP,13227,False
Minnesota,Wright County,Donald Trump,REP,51973,True
Minnesota,Wright County,Joe Biden,DEM,28430,False
Minnesota,Yellow Medicine County,Donald Trump,REP,3734,True
Minnesota,Yellow Medicine County,Joe Biden,DEM,1688,False
Mississippi,Adams County,Joe Biden,DEM,7917,True
Mississippi,Adams County,Donald Trump,REP,5696,False
Mississippi,Alcorn County,Donald Trump,REP,12818,True
Mississippi,Alcorn County,Joe Biden,DEM,2782,False
Mississippi,Amite County,Donald Trump,REP,4503,True
Mississippi,Amite County,Joe Biden,DEM,2620,False
Mississippi,Attala County,Donald Trump,REP,5178,True
Mississippi,Attala County,Joe Biden,DEM,3542,False
Mississippi,Benton County,Donald Trump,REP,2570,True
Mississippi,Benton County,Joe Biden,DEM,1679,False
Mississippi,Bolivar County,Joe Biden,DEM,8904,True
Mississippi,Bolivar County,Donald Trump,REP,4671,False
Mississippi,Calhoun County,Donald Trump,REP,4625,True
Mississippi,Calhoun County,Joe Biden,DEM,1902,False
Mississippi,Carroll County,Donald Trump,REP,3924,True
Mississippi,Carroll County,Joe Biden,DEM,1729,False
Mississippi,Chickasaw County,Donald Trump,REP,4175,True
Mississippi,Chickasaw County,Joe Biden,DEM,3810,False
Mississippi,Choctaw County,Donald Trump,REP,3001,True
Mississippi,Choctaw County,Joe Biden,DEM,1185,False
Mississippi,Claiborne County,Joe Biden,DEM,3772,True
Mississippi,Claiborne County,Donald Trump,REP,603,False
Mississippi,Clarke County,Donald Trump,REP,5417,True
Mississippi,Clarke County,Joe Biden,DEM,2838,False
Mississippi,Clay County,Joe Biden,DEM,5844,True
Mississippi,Clay County,Donald Trump,REP,4181,False
Mississippi,Coahoma County,Joe Biden,DEM,6020,True
Mississippi,Coahoma County,Donald Trump,REP,2375,False
Mississippi,Copiah County,Joe Biden,DEM,6470,True
Mississippi,Copiah County,Donald Trump,REP,6250,False
Mississippi,Covington County,Donald Trump,REP,5854,True
Mississippi,Covington County,Joe Biden,DEM,3416,False
Mississippi,DeSoto County,Donald Trump,REP,46462,True
Mississippi,DeSoto County,Joe Biden,DEM,28265,False
Mississippi,Forrest County,Donald Trump,REP,17290,True
Mississippi,Forrest County,Joe Biden,DEM,13755,False
Mississippi,Franklin County,Donald Trump,REP,2923,True
Mississippi,Franklin County,Joe Biden,DEM,1480,False
Mississippi,George County,Donald Trump,REP,9713,True
Mississippi,George County,Joe Biden,DEM,1218,False
Mississippi,Greene County,Donald Trump,REP,4794,True
Mississippi,Greene County,Joe Biden,DEM,966,False
Mississippi,Grenada County,Donald Trump,REP,6081,True
Mississippi,Grenada County,Joe Biden,DEM,4734,False
Mississippi,Hancock County,Donald Trump,REP,16132,True
Mississippi,Hancock County,Joe Biden,DEM,4504,False
Mississippi,Harrison County,Donald Trump,REP,46822,True
Mississippi,Harrison County,Joe Biden,DEM,27728,False
Mississippi,Hinds County,Joe Biden,DEM,73550,True
Mississippi,Hinds County,Donald Trump,REP,25141,False
Mississippi,Holmes County,Joe Biden,DEM,6588,True
Mississippi,Holmes County,Donald Trump,REP,1369,False
Mississippi,Humphreys County,Joe Biden,DEM,3016,True
Mississippi,Humphreys County,Donald Trump,REP,1118,False
Mississippi,Issaquena County,Joe Biden,DEM,355,True
Mississippi,Issaquena County,Donald Trump,REP,308,False
Mississippi,Itawamba County,Donald Trump,REP,9438,True
Mississippi,Itawamba County,Joe Biden,DEM,1249,False
Mississippi,Jackson County,Donald Trump,REP,36295,True
Mississippi,Jackson County,Joe Biden,DEM,17375,False
Mississippi,Jasper County,Joe Biden,DEM,4341,True
Mississippi,Jasper County,Donald Trump,REP,4302,False
Mississippi,Jefferson County,Joe Biden,DEM,3327,True
Mississippi,Jefferson County,Donald Trump,REP,531,False
Mississippi,Jefferson Davis County,Joe Biden,DEM,3599,True
Mississippi,Jefferson Davis County,Donald Trump,REP,2534,False
Mississippi,Jones County,Donald Trump,REP,21226,True
Mississippi,Jones County,Joe Biden,DEM,8517,False
Mississippi,Kemper County,Joe Biden,DEM,2887,True
Mississippi,Kemper County,Donald Trump,REP,1787,False
Mississippi,Lafayette County,Donald Trump,REP,12949,True
Mississippi,Lafayette County,Joe Biden,DEM,10070,False
Mississippi,Lamar County,Donald Trump,REP,20704,True
Mississippi,Lamar County,Joe Biden,DEM,7340,False
Mississippi,Lauderdale County,Donald Trump,REP,17967,True
Mississippi,Lauderdale County,Joe Biden,DEM,12960,False
Mississippi,Lawrence County,Donald Trump,REP,4285,True
Mississippi,Lawrence County,Joe Biden,DEM,2260,False
Mississippi,Leake County,Donald Trump,REP,5228,True
Mississippi,Leake County,Joe Biden,DEM,3897,False
Mississippi,Lee County,Donald Trump,REP,24207,True
Mississippi,Lee County,Joe Biden,DEM,12189,False
Mississippi,Leflore County,Joe Biden,DEM,7648,True
Mississippi,Leflore County,Donald Trump,REP,3129,False
Mississippi,Lincoln County,Donald Trump,REP,11596,True
Mississippi,Lincoln County,Joe Biden,DEM,5040,False
Mississippi,Lowndes County,Donald Trump,REP,13800,True
Mississippi,Lowndes County,Joe Biden,DEM,13087,False
Mississippi,Madison County,Donald Trump,REP,31091,True
Mississippi,Madison County,Joe Biden,DEM,24440,False
Mississippi,Marion County,Donald Trump,REP,8273,True
Mississippi,Marion County,Joe Biden,DEM,3787,False
Mississippi,Marshall County,Joe Biden,DEM,8057,True
Mississippi,Marshall County,Donald Trump,REP,7566,False
Mississippi,Monroe County,Donald Trump,REP,11177,True
Mississippi,Monroe County,Joe Biden,DEM,5874,False
Mississippi,Montgomery County,Donald Trump,REP,2917,True
Mississippi,Montgomery County,Joe Biden,DEM,2121,False
Mississippi,Neshoba County,Donald Trump,REP,8320,True
Mississippi,Neshoba County,Joe Biden,DEM,3260,False
Mississippi,Newton County,Donald Trump,REP,6997,True
Mississippi,Newton County,Joe Biden,DEM,3075,False
Mississippi,Noxubee County,Joe Biden,DEM,4040,True
Mississippi,Noxubee County,Donald Trump,REP,1240,False
Mississippi,Oktibbeha County,Joe Biden,DEM,10299,True
Mississippi,Oktibbeha County,Donald Trump,REP,9004,False
Mississippi,Panola County,Donald Trump,REP,8060,True
Mississippi,Panola County,Joe Biden,DEM,7403,False
Mississippi,Pearl River County,Donald Trump,REP,19595,True
Mississippi,Pearl River County,Joe Biden,DEM,4148,False
Mississippi,Perry County,Donald Trump,REP,4500,True
Mississippi,Perry County,Joe Biden,DEM,1362,False
Mississippi,Pike County,Joe Biden,DEM,8646,True
Mississippi,Pike County,Donald Trump,REP,8479,False
Mississippi,Pontotoc County,Donald Trump,REP,11550,True
Mississippi,Pontotoc County,Joe Biden,DEM,2614,False
Mississippi,Prentiss County,Donald Trump,REP,8370,True
Mississippi,Prentiss County,Joe Biden,DEM,2153,False
Mississippi,Quitman County,Joe Biden,DEM,2150,True
Mississippi,Quitman County,Donald Trump,REP,1026,False
Mississippi,Rankin County,Donald Trump,REP,50895,True
Mississippi,Rankin County,Joe Biden,DEM,18847,False
Mississippi,Scott County,Donald Trump,REP,6285,True
Mississippi,Scott County,Joe Biden,DEM,4330,False
Mississippi,Sharkey County,Joe Biden,DEM,1465,True
Mississippi,Sharkey County,Donald Trump,REP,688,False
Mississippi,Simpson County,Donald Trump,REP,7635,True
Mississippi,Simpson County,Joe Biden,DEM,4037,False
Mississippi,Smith County,Donald Trump,REP,6458,True
Mississippi,Smith County,Joe Biden,DEM,1791,False
Mississippi,Stone County,Donald Trump,REP,5964,True
Mississippi,Stone County,Joe Biden,DEM,1802,False
Mississippi,Sunflower County,Joe Biden,DEM,6781,True
Mississippi,Sunflower County,Donald Trump,REP,2799,False
Mississippi,Tallahatchie County,Joe Biden,DEM,3105,True
Mississippi,Tallahatchie County,Donald Trump,REP,2488,False
Mississippi,Tate County,Donald Trump,REP,8707,True
Mississippi,Tate County,Joe Biden,DEM,4183,False
Mississippi,Tippah County,Donald Trump,REP,8054,True
Mississippi,Tippah County,Joe Biden,DEM,1937,False
Mississippi,Tishomingo County,Donald Trump,REP,7933,True
Mississippi,Tishomingo County,Joe Biden,DEM,1059,False
Mississippi,Tunica County,Joe Biden,DEM,2580,True
Mississippi,Tunica County,Donald Trump,REP,926,False
Mississippi,Union County,Donald Trump,REP,10373,True
Mississippi,Union County,Joe Biden,DEM,2160,False
Mississippi,Walthall County,Donald Trump,REP,4220,True
Mississippi,Walthall County,Joe Biden,DEM,2835,False
Mississippi,Warren County,Joe Biden,DEM,10442,True
Mississippi,Warren County,Donald Trump,REP,10365,False
Mississippi,Washington County,Joe Biden,DEM,12503,True
Mississippi,Washington County,Donald Trump,REP,5300,False
Mississippi,Wayne County,Donald Trump,REP,6307,True
Mississippi,Wayne County,Joe Biden,DEM,3624,False
Mississippi,Webster County,Donald Trump,REP,4291,True
Mississippi,Webster County,Joe Biden,DEM,1043,False
Mississippi,Wilkinson County,Joe Biden,DEM,2749,True
Mississippi,Wilkinson County,Donald Trump,REP,1324,False
Mississippi,Winston County,Donald Trump,REP,5112,True
Mississippi,Winston County,Joe Biden,DEM,4040,False
Mississippi,Yalobusha County,Donald Trump,REP,3671,True
Mississippi,Yalobusha County,Joe Biden,DEM,2785,False
Mississippi,Yazoo County,Joe Biden,DEM,5496,True
Mississippi,Yazoo County,Donald Trump,REP,4832,False
Missouri,Adair County,Donald Trump,REP,6413,True
Missouri,Adair County,Joe Biden,DEM,3710,False
Missouri,Andrew County,Donald Trump,REP,7255,True
Missouri,Andrew County,Joe Biden,DEM,2351,False
Missouri,Atchison County,Donald Trump,REP,2199,True
Missouri,Atchison County,Joe Biden,DEM,564,False
Missouri,Audrain County,Donald Trump,REP,7732,True
Missouri,Audrain County,Joe Biden,DEM,2704,False
Missouri,Barry County,Donald Trump,REP,12425,True
Missouri,Barry County,Joe Biden,DEM,2948,False
Missouri,Barton County,Donald Trump,REP,5168,True
Missouri,Barton County,Joe Biden,DEM,844,False
Missouri,Bates County,Donald Trump,REP,6597,True
Missouri,Bates County,Joe Biden,DEM,1672,False
Missouri,Benton County,Donald Trump,REP,8109,True
Missouri,Benton County,Joe Biden,DEM,2180,False
Missouri,Bollinger County,Donald Trump,REP,5167,True
Missouri,Bollinger County,Joe Biden,DEM,750,False
Missouri,Boone County,Joe Biden,DEM,50064,True
Missouri,Boone County,Donald Trump,REP,38646,False
Missouri,Buchanan County,Donald Trump,REP,22450,True
Missouri,Buchanan County,Joe Biden,DEM,13445,False
Missouri,Butler County,Donald Trump,REP,14602,True
Missouri,Butler County,Joe Biden,DEM,3301,False
Missouri,Caldwell County,Donald Trump,REP,3725,True
Missouri,Caldwell County,Joe Biden,DEM,897,False
Missouri,Callaway County,Donald Trump,REP,14815,True
Missouri,Callaway County,Joe Biden,DEM,5870,False
Missouri,Camden County,Donald Trump,REP,18850,True
Missouri,Camden County,Joe Biden,DEM,5652,False
Missouri,Cape Girardeau County,Donald Trump,REP,28907,True
Missouri,Cape Girardeau County,Joe Biden,DEM,10760,False
Missouri,Carroll County,Donald Trump,REP,3706,True
Missouri,Carroll County,Joe Biden,DEM,786,False
Missouri,Carter County,Donald Trump,REP,2451,True
Missouri,Carter County,Joe Biden,DEM,418,False
Missouri,Cass County,Donald Trump,REP,37197,True
Missouri,Cass County,Joe Biden,DEM,19052,False
Missouri,Cedar County,Donald Trump,REP,5788,True
Missouri,Cedar County,Joe Biden,DEM,1145,False
Missouri,Chariton County,Donald Trump,REP,3111,True
Missouri,Chariton County,Joe Biden,DEM,916,False
Missouri,Christian County,Donald Trump,REP,34920,True
Missouri,Christian County,Joe Biden,DEM,11131,False
Missouri,Clark County,Donald Trump,REP,2672,True
Missouri,Clark County,Joe Biden,DEM,678,False
Missouri,Clay County,Donald Trump,REP,64605,True
Missouri,Clay County,Joe Biden,DEM,59400,False
Missouri,Clinton County,Donald Trump,REP,7799,True
Missouri,Clinton County,Joe Biden,DEM,2896,False
Missouri,Cole County,Donald Trump,REP,26086,True
Missouri,Cole County,Joe Biden,DEM,12694,False
Missouri,Cooper County,Donald Trump,REP,6272,True
Missouri,Cooper County,Joe Biden,DEM,2249,False
Missouri,Crawford County,Donald Trump,REP,8725,True
Missouri,Crawford County,Joe Biden,DEM,2113,False
Missouri,Dade County,Donald Trump,REP,3414,True
Missouri,Dade County,Joe Biden,DEM,656,False
Missouri,Dallas County,Donald Trump,REP,6619,True
Missouri,Dallas County,Joe Biden,DEM,1380,False
Missouri,Daviess County,Donald Trump,REP,3102,True
Missouri,Daviess County,Joe Biden,DEM,746,False
Missouri,DeKalb County,Donald Trump,REP,3828,True
Missouri,DeKalb County,Joe Biden,DEM,930,False
Missouri,Dent County,Donald Trump,REP,5987,True
Missouri,Dent County,Joe Biden,DEM,1056,False
Missouri,Douglas County,Donald Trump,REP,5898,True
Missouri,Douglas County,Joe Biden,DEM,1016,False
Missouri,Dunklin County,Donald Trump,REP,8135,True
Missouri,Dunklin County,Joe Biden,DEM,2200,False
Missouri,Franklin County,Donald Trump,REP,38058,True
Missouri,Franklin County,Joe Biden,DEM,14569,False
Missouri,Gasconade County,Donald Trump,REP,6222,True
Missouri,Gasconade County,Joe Biden,DEM,1601,False
Missouri,Gentry County,Donald Trump,REP,2581,True
Missouri,Gentry County,Joe Biden,DEM,613,False
Missouri,Greene County,Donald Trump,REP,83630,True
Missouri,Greene County,Joe Biden,DEM,55068,False
Missouri,Grundy County,Donald Trump,REP,3585,True
Missouri,Grundy County,Joe Biden,DEM,799,False
Missouri,Harrison County,Donald Trump,REP,3198,True
Missouri,Harrison County,Joe Biden,DEM,597,False
Missouri,Henry County,Donald Trump,REP,8027,True
Missouri,Henry County,Joe Biden,DEM,2619,False
Missouri,Hickory County,Donald Trump,REP,3966,True
Missouri,Hickory County,Joe Biden,DEM,1056,False
Missouri,Holt County,Donald Trump,REP,1976,True
Missouri,Holt County,Joe Biden,DEM,338,False
Missouri,Howard County,Donald Trump,REP,3553,True
Missouri,Howard County,Joe Biden,DEM,1413,False
Missouri,Howell County,Donald Trump,REP,15181,True
Missouri,Howell County,Joe Biden,DEM,3218,False
Missouri,Iron County,Donald Trump,REP,3596,True
Missouri,Iron County,Joe Biden,DEM,945,False
Missouri,Jackson County,Joe Biden,DEM,199842,True
Missouri,Jackson County,Donald Trump,REP,126535,False
Missouri,Jasper County,Donald Trump,REP,37728,True
Missouri,Jasper County,Joe Biden,DEM,13549,False
Missouri,Jefferson County,Donald Trump,REP,77046,True
Missouri,Jefferson County,Joe Biden,DEM,37523,False
Missouri,Johnson County,Donald Trump,REP,15489,True
Missouri,Johnson County,Joe Biden,DEM,6974,False
Missouri,Knox County,Donald Trump,REP,1486,True
Missouri,Knox County,Joe Biden,DEM,340,False
Missouri,Laclede County,Donald Trump,REP,13762,True
Missouri,Laclede County,Joe Biden,DEM,2780,False
Missouri,Lafayette County,Donald Trump,REP,12273,True
Missouri,Lafayette County,Joe Biden,DEM,4472,False
Missouri,Lawrence County,Donald Trump,REP,14426,True
Missouri,Lawrence County,Joe Biden,DEM,3214,False
Missouri,Lewis County,Donald Trump,REP,3553,True
Missouri,Lewis County,Joe Biden,DEM,984,False
Missouri,Lincoln County,Donald Trump,REP,21848,True
Missouri,Lincoln County,Joe Biden,DEM,6607,False
Missouri,Linn County,Donald Trump,REP,4363,True
Missouri,Linn County,Joe Biden,DEM,1275,False
Missouri,Livingston County,Donald Trump,REP,5267,True
Missouri,Livingston County,Joe Biden,DEM,1410,False
Missouri,McDonald County,Donald Trump,REP,7465,True
Missouri,McDonald County,Joe Biden,DEM,1439,False
Missouri,Macon County,Donald Trump,REP,6076,True
Missouri,Macon County,Joe Biden,DEM,1662,False
Missouri,Madison County,Donald Trump,REP,4584,True
Missouri,Madison County,Joe Biden,DEM,1019,False
Missouri,Maries County,Donald Trump,REP,3892,True
Missouri,Maries County,Joe Biden,DEM,814,False
Missouri,Marion County,Donald Trump,REP,9915,True
Missouri,Marion County,Joe Biden,DEM,3202,False
Missouri,Mercer County,Donald Trump,REP,1541,True
Missouri,Mercer County,Joe Biden,DEM,222,False
Missouri,Miller County,Donald Trump,REP,10176,True
Missouri,Miller County,Joe Biden,DEM,2038,False
Missouri,Mississippi County,Donald Trump,REP,3537,True
Missouri,Mississippi County,Joe Biden,DEM,1178,False
Missouri,Moniteau County,Donald Trump,REP,5744,True
Missouri,Moniteau County,Joe Biden,DEM,1308,False
Missouri,Monroe County,Donald Trump,REP,3477,True
Missouri,Monroe County,Joe Biden,DEM,936,False
Missouri,Montgomery County,Donald Trump,REP,4465,True
Missouri,Montgomery County,Joe Biden,DEM,1208,False
Missouri,Morgan County,Donald Trump,REP,7442,True
Missouri,Morgan County,Joe Biden,DEM,1924,False
Missouri,New Madrid County,Donald Trump,REP,5447,True
Missouri,New Madrid County,Joe Biden,DEM,1748,False
Missouri,Newton County,Donald Trump,REP,22120,True
Missouri,Newton County,Joe Biden,DEM,5818,False
Missouri,Nodaway County,Donald Trump,REP,6865,True
Missouri,Nodaway County,Joe Biden,DEM,2853,False
Missouri,Oregon County,Donald Trump,REP,3847,True
Missouri,Oregon County,Joe Biden,DEM,823,False
Missouri,Osage County,Donald Trump,REP,6425,True
Missouri,Osage County,Joe Biden,DEM,1037,False
Missouri,Ozark County,Donald Trump,REP,4064,True
Missouri,Ozark County,Joe Biden,DEM,752,False
Missouri,Pemiscot County,Donald Trump,REP,4120,True
Missouri,Pemiscot County,Joe Biden,DEM,1560,False
Missouri,Perry County,Donald Trump,REP,7657,True
Missouri,Perry County,Joe Biden,DEM,1664,False
Missouri,Pettis County,Donald Trump,REP,13854,True
Missouri,Pettis County,Joe Biden,DEM,4783,False
Missouri,Phelps County,Donald Trump,REP,13480,True
Missouri,Phelps County,Joe Biden,DEM,5637,False
Missouri,Pike County,Donald Trump,REP,5863,True
Missouri,Pike County,Joe Biden,DEM,1717,False
Missouri,Platte County,Donald Trump,REP,28917,True
Missouri,Platte County,Joe Biden,DEM,27179,False
Missouri,Polk County,Donald Trump,REP,11850,True
Missouri,Polk County,Joe Biden,DEM,2885,False
Missouri,Pulaski County,Donald Trump,REP,10329,True
Missouri,Pulaski County,Joe Biden,DEM,3740,False
Missouri,Putnam County,Donald Trump,REP,1984,True
Missouri,Putnam County,Joe Biden,DEM,361,False
Missouri,Ralls County,Donald Trump,REP,4396,True
Missouri,Ralls County,Joe Biden,DEM,1205,False
Missouri,Randolph County,Donald Trump,REP,8018,True
Missouri,Randolph County,Joe Biden,DEM,2485,False
Missouri,Ray County,Donald Trump,REP,8345,True
Missouri,Ray County,Joe Biden,DEM,3109,False
Missouri,Reynolds County,Donald Trump,REP,2733,True
Missouri,Reynolds County,Joe Biden,DEM,529,False
Missouri,Ripley County,Donald Trump,REP,4839,True
Missouri,Ripley County,Joe Biden,DEM,833,False
Missouri,St. Charles County,Donald Trump,REP,128389,True
Missouri,St. Charles County,Joe Biden,DEM,89530,False
Missouri,St. Clair County,Donald Trump,REP,3932,True
Missouri,St. Clair County,Joe Biden,DEM,988,False
Missouri,Ste. Genevieve County,Donald Trump,REP,6630,True
Missouri,Ste. Genevieve County,Joe Biden,DEM,2713,False
Missouri,St. Francois County,Donald Trump,REP,20511,True
Missouri,St. Francois County,Joe Biden,DEM,7044,False
Missouri,St. Louis County,Joe Biden,DEM,328151,True
Missouri,St. Louis County,Donald Trump,REP,199493,False
Missouri,Saline County,Donald Trump,REP,6451,True
Missouri,Saline County,Joe Biden,DEM,2904,False
Missouri,Schuyler County,Donald Trump,REP,1606,True
Missouri,Schuyler County,Joe Biden,DEM,373,False
Missouri,Scotland County,Donald Trump,REP,1560,True
Missouri,Scotland County,Joe Biden,DEM,388,False
Missouri,Scott County,Donald Trump,REP,13769,True
Missouri,Scott County,Joe Biden,DEM,3753,False
Missouri,Shannon County,Donald Trump,REP,3165,True
Missouri,Shannon County,Joe Biden,DEM,706,False
Missouri,Shelby County,Donald Trump,REP,2700,True
Missouri,Shelby County,Joe Biden,DEM,592,False
Missouri,Stoddard County,Donald Trump,REP,11484,True
Missouri,Stoddard County,Joe Biden,DEM,1819,False
Missouri,Stone County,Donald Trump,REP,14800,True
Missouri,Stone County,Joe Biden,DEM,3506,False
Missouri,Sullivan County,Donald Trump,REP,1974,True
Missouri,Sullivan County,Joe Biden,DEM,478,False
Missouri,Taney County,Donald Trump,REP,20508,True
Missouri,Taney County,Joe Biden,DEM,5339,False
Missouri,Texas County,Donald Trump,REP,9478,True
Missouri,Texas County,Joe Biden,DEM,1716,False
Missouri,Vernon County,Donald Trump,REP,7155,True
Missouri,Vernon County,Joe Biden,DEM,1903,False
Missouri,Warren County,Donald Trump,REP,13222,True
Missouri,Warren County,Joe Biden,DEM,4769,False
Missouri,Washington County,Donald Trump,REP,8047,True
Missouri,Washington County,Joe Biden,DEM,1804,False
Missouri,Wayne County,Donald Trump,REP,4987,True
Missouri,Wayne County,Joe Biden,DEM,845,False
Missouri,Webster County,Donald Trump,REP,14880,True
Missouri,Webster County,Joe Biden,DEM,3573,False
Missouri,Worth County,Donald Trump,REP,877,True
Missouri,Worth County,Joe Biden,DEM,215,False
Missouri,Wright County,Donald Trump,REP,7453,True
Missouri,Wright County,Joe Biden,DEM,1168,False
Missouri,St. Louis city,Joe Biden,DEM,110089,True
Missouri,St. Louis city,Donald Trump,REP,21474,False
Montana,Beaverhead County,Donald Trump,REP,3923,True
Montana,Beaverhead County,Joe Biden,DEM,1608,False
Montana,Big Horn County,Joe Biden,DEM,2491,True
Montana,Big Horn County,Donald Trump,REP,2207,False
Montana,Blaine County,Joe Biden,DEM,1589,True
Montana,Blaine County,Donald Trump,REP,1469,False
Montana,Broadwater County,Donald Trump,REP,3173,True
Montana,Broadwater County,Joe Biden,DEM,835,False
Montana,Carbon County,Donald Trump,REP,4468,True
Montana,Carbon County,Joe Biden,DEM,2421,False
Montana,Carter County,Donald Trump,REP,775,True
Montana,Carter County,Joe Biden,DEM,74,False
Montana,Cascade County,Donald Trump,REP,23315,True
Montana,Cascade County,Joe Biden,DEM,15456,False
Montana,Chouteau County,Donald Trump,REP,1891,True
Montana,Chouteau County,Joe Biden,DEM,991,False
Montana,Custer County,Donald Trump,REP,4205,True
Montana,Custer County,Joe Biden,DEM,1514,False
Montana,Daniels County,Donald Trump,REP,799,True
Montana,Daniels County,Joe Biden,DEM,195,False
Montana,Dawson County,Donald Trump,REP,3758,True
Montana,Dawson County,Joe Biden,DEM,962,False
Montana,Deer Lodge County,Joe Biden,DEM,2562,True
Montana,Deer Lodge County,Donald Trump,REP,2186,False
Montana,Fallon County,Donald Trump,REP,1375,True
Montana,Fallon County,Joe Biden,DEM,172,False
Montana,Fergus County,Donald Trump,REP,4869,True
Montana,Fergus County,Joe Biden,DEM,1496,False
Montana,Flathead County,Donald Trump,REP,38321,True
Montana,Flathead County,Joe Biden,DEM,20274,False
Montana,Gallatin County,Joe Biden,DEM,37044,True
Montana,Gallatin County,Donald Trump,REP,31696,False
Montana,Garfield County,Donald Trump,REP,764,True
Montana,Garfield County,Joe Biden,DEM,41,False
Montana,Glacier County,Joe Biden,DEM,3610,True
Montana,Glacier County,Donald Trump,REP,1884,False
Montana,Golden Valley County,Donald Trump,REP,414,True
Montana,Golden Valley County,Joe Biden,DEM,78,False
Montana,Granite County,Donald Trump,REP,1419,True
Montana,Granite County,Joe Biden,DEM,638,False
Montana,Hill County,Donald Trump,REP,3957,True
Montana,Hill County,Joe Biden,DEM,2981,False
Montana,Jefferson County,Donald Trump,REP,5345,True
Montana,Jefferson County,Joe Biden,DEM,2625,False
Montana,Judith Basin County,Donald Trump,REP,1040,True
Montana,Judith Basin County,Joe Biden,DEM,275,False
Montana,Lake County,Donald Trump,REP,9322,True
Montana,Lake County,Joe Biden,DEM,6916,False
Montana,Lewis and Clark County,Donald Trump,REP,21409,True
Montana,Lewis and Clark County,Joe Biden,DEM,19743,False
Montana,Liberty County,Donald Trump,REP,821,True
Montana,Liberty County,Joe Biden,DEM,249,False
Montana,Lincoln County,Donald Trump,REP,8672,True
Montana,Lincoln County,Joe Biden,DEM,2835,False
Montana,McCone County,Donald Trump,REP,956,True
Montana,McCone County,Joe Biden,DEM,155,False
Montana,Madison County,Donald Trump,REP,4191,True
Montana,Madison County,Joe Biden,DEM,1771,False
Montana,Meagher County,Donald Trump,REP,833,True
Montana,Meagher County,Joe Biden,DEM,258,False
Montana,Mineral County,Donald Trump,REP,1828,True
Montana,Mineral County,Joe Biden,DEM,686,False
Montana,Missoula County,Joe Biden,DEM,43357,True
Montana,Missoula County,Donald Trump,REP,26347,False
Montana,Musselshell County,Donald Trump,REP,2423,True
Montana,Musselshell County,Joe Biden,DEM,413,False
Montana,Park County,Donald Trump,REP,6025,True
Montana,Park County,Joe Biden,DEM,5280,False
Montana,Petroleum County,Donald Trump,REP,298,True
Montana,Petroleum County,Joe Biden,DEM,39,False
Montana,Phillips County,Donald Trump,REP,1936,True
Montana,Phillips County,Joe Biden,DEM,416,False
Montana,Pondera County,Donald Trump,REP,2031,True
Montana,Pondera County,Joe Biden,DEM,903,False
Montana,Powder River County,Donald Trump,REP,970,True
Montana,Powder River County,Joe Biden,DEM,154,False
Montana,Powell County,Donald Trump,REP,2355,True
Montana,Powell County,Joe Biden,DEM,752,False
Montana,Prairie County,Donald Trump,REP,603,True
Montana,Prairie County,Joe Biden,DEM,126,False
Montana,Ravalli County,Donald Trump,REP,19114,True
Montana,Ravalli County,Joe Biden,DEM,8763,False
Montana,Richland County,Donald Trump,REP,4800,True
Montana,Richland County,Joe Biden,DEM,875,False
Montana,Roosevelt County,Donald Trump,REP,1996,True
Montana,Roosevelt County,Joe Biden,DEM,1910,False
Montana,Rosebud County,Donald Trump,REP,2486,True
Montana,Rosebud County,Joe Biden,DEM,1199,False
Montana,Sanders County,Donald Trump,REP,5660,True
Montana,Sanders County,Joe Biden,DEM,1820,False
Montana,Sheridan County,Donald Trump,REP,1403,True
Montana,Sheridan County,Joe Biden,DEM,574,False
Montana,Silver Bow County,Joe Biden,DEM,10392,True
Montana,Silver Bow County,Donald Trump,REP,7745,False
Montana,Stillwater County,Donald Trump,REP,4462,True
Montana,Stillwater County,Joe Biden,DEM,1156,False
Montana,Sweet Grass County,Donald Trump,REP,1840,True
Montana,Sweet Grass County,Joe Biden,DEM,549,False
Montana,Teton County,Donald Trump,REP,2608,True
Montana,Teton County,Joe Biden,DEM,1007,False
Montana,Toole County,Donald Trump,REP,1596,True
Montana,Toole County,Joe Biden,DEM,467,False
Montana,Treasure County,Donald Trump,REP,373,True
Montana,Treasure County,Joe Biden,DEM,78,False
Montana,Valley County,Donald Trump,REP,3135,True
Montana,Valley County,Joe Biden,DEM,1030,False
Montana,Wheatland County,Donald Trump,REP,823,True
Montana,Wheatland County,Joe Biden,DEM,225,False
Montana,Wibaux County,Donald Trump,REP,516,True
Montana,Wibaux County,Joe Biden,DEM,77,False
Montana,Yellowstone County,Donald Trump,REP,50772,True
Montana,Yellowstone County,Joe Biden,DEM,30679,False
Nebraska,Adams County,Donald Trump,REP,10085,True
Nebraska,Adams County,Joe Biden,DEM,4213,False
Nebraska,Antelope County,Donald Trump,REP,3093,True
Nebraska,Antelope County,Joe Biden,DEM,452,False
Nebraska,Arthur County,Donald Trump,REP,260,True
Nebraska,Arthur County,Joe Biden,DEM,21,False
Nebraska,Banner County,Donald Trump,REP,362,True
Nebraska,Banner County,Joe Biden,DEM,43,False
Nebraska,Blaine County,Donald Trump,REP,280,True
Nebraska,Blaine County,Joe Biden,DEM,35,False
Nebraska,Boone County,Donald Trump,REP,2653,True
Nebraska,Boone County,Joe Biden,DEM,499,False
Nebraska,Box Butte County,Donald Trump,REP,4002,True
Nebraska,Box Butte County,Joe Biden,DEM,1051,False
Nebraska,Boyd County,Donald Trump,REP,1010,True
Nebraska,Boyd County,Joe Biden,DEM,135,False
Nebraska,Brown County,Donald Trump,REP,1470,True
Nebraska,Brown County,Joe Biden,DEM,191,False
Nebraska,Buffalo County,Donald Trump,REP,16640,True
Nebraska,Buffalo County,Joe Biden,DEM,6350,False
Nebraska,Burt County,Donald Trump,REP,2580,True
Nebraska,Burt County,Joe Biden,DEM,1063,False
Nebraska,Butler County,Donald Trump,REP,3542,True
Nebraska,Butler County,Joe Biden,DEM,873,False
Nebraska,Cass County,Donald Trump,REP,10121,True
Nebraska,Cass County,Joe Biden,DEM,4737,False
Nebraska,Cedar County,Donald Trump,REP,4174,True
Nebraska,Cedar County,Joe Biden,DEM,725,False
Nebraska,Chase County,Donald Trump,REP,1740,True
Nebraska,Chase County,Joe Biden,DEM,226,False
Nebraska,Cherry County,Donald Trump,REP,2844,True
Nebraska,Cherry County,Joe Biden,DEM,373,False
Nebraska,Cheyenne County,Donald Trump,REP,3813,True
Nebraska,Cheyenne County,Joe Biden,DEM,855,False
Nebraska,Clay County,Donald Trump,REP,2848,True
Nebraska,Clay County,Joe Biden,DEM,632,False
Nebraska,Colfax County,Donald Trump,REP,2636,True
Nebraska,Colfax County,Joe Biden,DEM,1025,False
Nebraska,Cuming County,Donald Trump,REP,3507,True
Nebraska,Cuming County,Joe Biden,DEM,870,False
Nebraska,Custer County,Donald Trump,REP,5090,True
Nebraska,Custer County,Joe Biden,DEM,786,False
Nebraska,Dakota County,Donald Trump,REP,3926,True
Nebraska,Dakota County,Joe Biden,DEM,2744,False
Nebraska,Dawes County,Donald Trump,REP,2931,True
Nebraska,Dawes County,Joe Biden,DEM,1082,False
Nebraska,Dawson County,Donald Trump,REP,6524,True
Nebraska,Dawson County,Joe Biden,DEM,2497,False
Nebraska,Deuel County,Donald Trump,REP,871,True
Nebraska,Deuel County,Joe Biden,DEM,141,False
Nebraska,Dixon County,Donald Trump,REP,2335,True
Nebraska,Dixon County,Joe Biden,DEM,651,False
Nebraska,Dodge County,Donald Trump,REP,10984,True
Nebraska,Dodge County,Joe Biden,DEM,5544,False
Nebraska,Douglas County,Joe Biden,DEM,150350,True
Nebraska,Douglas County,Donald Trump,REP,119159,False
Nebraska,Dundy County,Donald Trump,REP,883,True
Nebraska,Dundy County,Joe Biden,DEM,105,False
Nebraska,Fillmore County,Donald Trump,REP,2359,True
Nebraska,Fillmore County,Joe Biden,DEM,693,False
Nebraska,Franklin County,Donald Trump,REP,1437,True
Nebraska,Franklin County,Joe Biden,DEM,276,False
Nebraska,Frontier County,Donald Trump,REP,1229,True
Nebraska,Frontier County,Joe Biden,DEM,189,False
Nebraska,Furnas County,Donald Trump,REP,2163,True
Nebraska,Furnas County,Joe Biden,DEM,399,False
Nebraska,Gage County,Donald Trump,REP,7445,True
Nebraska,Gage County,Joe Biden,DEM,3385,False
Nebraska,Garden County,Donald Trump,REP,1016,True
Nebraska,Garden County,Joe Biden,DEM,161,False
Nebraska,Garfield County,Donald Trump,REP,933,True
Nebraska,Garfield County,Joe Biden,DEM,133,False
Nebraska,Gosper County,Donald Trump,REP,893,True
Nebraska,Gosper County,Joe Biden,DEM,215,False
Nebraska,Grant County,Donald Trump,REP,375,True
Nebraska,Grant County,Joe Biden,DEM,20,False
Nebraska,Greeley County,Donald Trump,REP,1016,True
Nebraska,Greeley County,Joe Biden,DEM,229,False
Nebraska,Hall County,Donald Trump,REP,16189,True
Nebraska,Hall County,Joe Biden,DEM,7681,False
Nebraska,Hamilton County,Donald Trump,REP,4309,True
Nebraska,Hamilton County,Joe Biden,DEM,1118,False
Nebraska,Harlan County,Donald Trump,REP,1615,True
Nebraska,Harlan County,Joe Biden,DEM,282,False
Nebraska,Hayes County,Donald Trump,REP,494,True
Nebraska,Hayes County,Joe Biden,DEM,34,False
Nebraska,Hitchcock County,Donald Trump,REP,1264,True
Nebraska,Hitchcock County,Joe Biden,DEM,175,False
Nebraska,Holt County,Donald Trump,REP,4769,True
Nebraska,Holt County,Joe Biden,DEM,686,False
Nebraska,Hooker County,Donald Trump,REP,376,True
Nebraska,Hooker County,Joe Biden,DEM,59,False
Nebraska,Howard County,Donald Trump,REP,2786,True
Nebraska,Howard County,Joe Biden,DEM,648,False
Nebraska,Jefferson County,Donald Trump,REP,2616,True
Nebraska,Jefferson County,Joe Biden,DEM,1016,False
Nebraska,Johnson County,Donald Trump,REP,1518,True
Nebraska,Johnson County,Joe Biden,DEM,647,False
Nebraska,Kearney County,Donald Trump,REP,2822,True
Nebraska,Kearney County,Joe Biden,DEM,701,False
Nebraska,Keith County,Donald Trump,REP,3544,True
Nebraska,Keith County,Joe Biden,DEM,763,False
Nebraska,Keya Paha County,Donald Trump,REP,476,True
Nebraska,Keya Paha County,Joe Biden,DEM,49,False
Nebraska,Kimball County,Donald Trump,REP,1563,True
Nebraska,Kimball County,Joe Biden,DEM,268,False
Nebraska,Knox County,Donald Trump,REP,3721,True
Nebraska,Knox County,Joe Biden,DEM,905,False
Nebraska,Lancaster County,Joe Biden,DEM,82293,True
Nebraska,Lancaster County,Donald Trump,REP,70092,False
Nebraska,Lincoln County,Donald Trump,REP,13071,True
Nebraska,Lincoln County,Joe Biden,DEM,3692,False
Nebraska,Logan County,Donald Trump,REP,407,True
Nebraska,Logan County,Joe Biden,DEM,38,False
Nebraska,Loup County,Donald Trump,REP,370,True
Nebraska,Loup County,Joe Biden,DEM,75,False
Nebraska,McPherson County,Donald Trump,REP,275,True
Nebraska,McPherson County,Joe Biden,DEM,17,False
Nebraska,Madison County,Donald Trump,REP,11940,True
Nebraska,Madison County,Joe Biden,DEM,3478,False
Nebraska,Merrick County,Donald Trump,REP,3419,True
Nebraska,Merrick County,Joe Biden,DEM,743,False
Nebraska,Morrill County,Donald Trump,REP,2113,True
Nebraska,Morrill County,Joe Biden,DEM,386,False
Nebraska,Nance County,Donald Trump,REP,1437,True
Nebraska,Nance County,Joe Biden,DEM,359,False
Nebraska,Nemaha County,Donald Trump,REP,2428,True
Nebraska,Nemaha County,Joe Biden,DEM,921,False
Nebraska,Nuckolls County,Donald Trump,REP,1857,True
Nebraska,Nuckolls County,Joe Biden,DEM,409,False
Nebraska,Otoe County,Donald Trump,REP,5649,True
Nebraska,Otoe County,Joe Biden,DEM,2490,False
Nebraska,Pawnee County,Donald Trump,REP,1071,True
Nebraska,Pawnee County,Joe Biden,DEM,322,False
Nebraska,Perkins County,Donald Trump,REP,1321,True
Nebraska,Perkins County,Joe Biden,DEM,199,False
Nebraska,Phelps County,Donald Trump,REP,4157,True
Nebraska,Phelps County,Joe Biden,DEM,752,False
Nebraska,Pierce County,Donald Trump,REP,3462,True
Nebraska,Pierce County,Joe Biden,DEM,480,False
Nebraska,Platte County,Donald Trump,REP,12186,True
Nebraska,Platte County,Joe Biden,DEM,3260,False
Nebraska,Polk County,Donald Trump,REP,2291,True
Nebraska,Polk County,Joe Biden,DEM,530,False
Nebraska,Red Willow County,Donald Trump,REP,4525,True
Nebraska,Red Willow County,Joe Biden,DEM,811,False
Nebraska,Richardson County,Donald Trump,REP,3073,True
Nebraska,Richardson County,Joe Biden,DEM,996,False
Nebraska,Rock County,Donald Trump,REP,744,True
Nebraska,Rock County,Joe Biden,DEM,84,False
Nebraska,Saline County,Donald Trump,REP,3631,True
Nebraska,Saline County,Joe Biden,DEM,1986,False
Nebraska,Sarpy County,Donald Trump,REP,51979,True
Nebraska,Sarpy County,Joe Biden,DEM,41206,False
Nebraska,Saunders County,Donald Trump,REP,9108,True
Nebraska,Saunders County,Joe Biden,DEM,3331,False
Nebraska,Scotts Bluff County,Donald Trump,REP,10952,True
Nebraska,Scotts Bluff County,Joe Biden,DEM,4196,False
Nebraska,Seward County,Donald Trump,REP,6490,True
Nebraska,Seward County,Joe Biden,DEM,2438,False
Nebraska,Sheridan County,Donald Trump,REP,2292,True
Nebraska,Sheridan County,Joe Biden,DEM,340,False
Nebraska,Sherman County,Donald Trump,REP,1322,True
Nebraska,Sherman County,Joe Biden,DEM,343,False
Nebraska,Sioux County,Donald Trump,REP,642,True
Nebraska,Sioux County,Joe Biden,DEM,72,False
Nebraska,Stanton County,Donald Trump,REP,2561,True
Nebraska,Stanton County,Joe Biden,DEM,532,False
Nebraska,Thayer County,Donald Trump,REP,2308,True
Nebraska,Thayer County,Joe Biden,DEM,624,False
Nebraska,Thomas County,Donald Trump,REP,377,True
Nebraska,Thomas County,Joe Biden,DEM,45,False
Nebraska,Thurston County,Donald Trump,REP,1180,True
Nebraska,Thurston County,Joe Biden,DEM,1122,False
Nebraska,Valley County,Donald Trump,REP,1901,True
Nebraska,Valley County,Joe Biden,DEM,412,False
Nebraska,Washington County,Donald Trump,REP,8583,True
Nebraska,Washington County,Joe Biden,DEM,3554,False
Nebraska,Wayne County,Donald Trump,REP,3055,True
Nebraska,Wayne County,Joe Biden,DEM,1022,False
Nebraska,Webster County,Donald Trump,REP,1511,True
Nebraska,Webster County,Joe Biden,DEM,335,False
Nebraska,Wheeler County,Donald Trump,REP,438,True
Nebraska,Wheeler County,Joe Biden,DEM,59,False
Nebraska,York County,Donald Trump,REP,5337,True
Nebraska,York County,Joe Biden,DEM,1630,False
Nevada,Churchill County,Donald Trump,REP,9372,True
Nevada,Churchill County,Joe Biden,DEM,3051,False
Nevada,Clark County,Joe Biden,DEM,521852,True
Nevada,Clark County,Donald Trump,REP,430930,False
Nevada,Douglas County,Donald Trump,REP,21630,True
Nevada,Douglas County,Joe Biden,DEM,11571,False
Nevada,Elko County,Donald Trump,REP,16741,True
Nevada,Elko County,Joe Biden,DEM,4557,False
Nevada,Esmeralda County,Donald Trump,REP,400,True
Nevada,Esmeralda County,Joe Biden,DEM,74,False
Nevada,Eureka County,Donald Trump,REP,895,True
Nevada,Eureka County,Joe Biden,DEM,105,False
Nevada,Humboldt County,Donald Trump,REP,5877,True
Nevada,Humboldt County,Joe Biden,DEM,1689,False
Nevada,Lander County,Donald Trump,REP,2198,True
Nevada,Lander County,Joe Biden,DEM,496,False
Nevada,Lincoln County,Donald Trump,REP,2067,True
Nevada,Lincoln County,Joe Biden,DEM,330,False
Nevada,Lyon County,Donald Trump,REP,20914,True
Nevada,Lyon County,Joe Biden,DEM,8473,False
Nevada,Mineral County,Donald Trump,REP,1423,True
Nevada,Mineral County,Joe Biden,DEM,829,False
Nevada,Nye County,Donald Trump,REP,17528,True
Nevada,Nye County,Joe Biden,DEM,7288,False
Nevada,Pershing County,Donald Trump,REP,1731,True
Nevada,Pershing County,Joe Biden,DEM,547,False
Nevada,Storey County,Donald Trump,REP,1908,True
Nevada,Storey County,Joe Biden,DEM,902,False
Nevada,Washoe County,Joe Biden,DEM,128128,True
Nevada,Washoe County,Donald Trump,REP,116760,False
Nevada,White Pine County,Donald Trump,REP,3403,True
Nevada,White Pine County,Joe Biden,DEM,859,False
Nevada,Carson City,Donald Trump,REP,16113,True
Nevada,Carson City,Joe Biden,DEM,12735,False
New Hampshire,Alton,Donald Trump,REP,2420,True
New Hampshire,Alton,Joe Biden,DEM,1438,False
New Hampshire,Barnstead,Donald Trump,REP,1698,True
New Hampshire,Barnstead,Joe Biden,DEM,1150,False
New Hampshire,Belmont,Donald Trump,REP,2365,True
New Hampshire,Belmont,Joe Biden,DEM,1609,False
New Hampshire,Center Harbor,Donald Trump,REP,407,True
New Hampshire,Center Harbor,Joe Biden,DEM,379,False
New Hampshire,Gilford,Donald Trump,REP,2748,True
New Hampshire,Gilford,Joe Biden,DEM,2508,False
New Hampshire,Gilmanton,Donald Trump,REP,1423,True
New Hampshire,Gilmanton,Joe Biden,DEM,1020,False
New Hampshire,Laconia,Donald Trump,REP,4642,True
New Hampshire,Laconia,Joe Biden,DEM,4141,False
New Hampshire,Meredith,Donald Trump,REP,2208,True
New Hampshire,Meredith,Joe Biden,DEM,2139,False
New Hampshire,New Hampton,Donald Trump,REP,810,True
New Hampshire,New Hampton,Joe Biden,DEM,697,False
New Hampshire,Sanbornton,Donald Trump,REP,1134,True
New Hampshire,Sanbornton,Joe Biden,DEM,875,False
New Hampshire,Tilton,Donald Trump,REP,1044,True
New Hampshire,Tilton,Joe Biden,DEM,938,False
New Hampshire,Albany,Joe Biden,DEM,250,True
New Hampshire,Albany,Donald Trump,REP,190,False
New Hampshire,Bartlett,Joe Biden,DEM,1374,True
New Hampshire,Bartlett,Donald Trump,REP,773,False
New Hampshire,Brookfield,Donald Trump,REP,315,True
New Hampshire,Brookfield,Joe Biden,DEM,218,False
New Hampshire,Chatham,Donald Trump,REP,130,True
New Hampshire,Chatham,Joe Biden,DEM,106,False
New Hampshire,Conway,Joe Biden,DEM,3411,True
New Hampshire,Conway,Donald Trump,REP,2465,False
New Hampshire,Eaton,Joe Biden,DEM,188,True
New Hampshire,Eaton,Donald Trump,REP,117,False
New Hampshire,Effingham,Donald Trump,REP,526,True
New Hampshire,Effingham,Joe Biden,DEM,391,False
New Hampshire,Freedom,Joe Biden,DEM,538,True
New Hampshire,Freedom,Donald Trump,REP,538,False
New Hampshire,Harts Location,Joe Biden,DEM,23,True
New Hampshire,Harts Location,Donald Trump,REP,20,False
New Hampshire,Jackson,Joe Biden,DEM,567,True
New Hampshire,Jackson,Donald Trump,REP,212,False
New Hampshire,Madison,Joe Biden,DEM,926,True
New Hampshire,Madison,Donald Trump,REP,760,False
New Hampshire,Moultonborough,Donald Trump,REP,1997,True
New Hampshire,Moultonborough,Joe Biden,DEM,1605,False
New Hampshire,Ossipee,Donald Trump,REP,1487,True
New Hampshire,Ossipee,Joe Biden,DEM,965,False
New Hampshire,Sandwich,Joe Biden,DEM,718,True
New Hampshire,Sandwich,Donald Trump,REP,413,False
New Hampshire,Tamworth,Joe Biden,DEM,899,True
New Hampshire,Tamworth,Donald Trump,REP,838,False
New Hampshire,Tuftonboro,Donald Trump,REP,1012,True
New Hampshire,Tuftonboro,Joe Biden,DEM,875,False
New Hampshire,Wakefield,Donald Trump,REP,1986,True
New Hampshire,Wakefield,Joe Biden,DEM,1240,False
New Hampshire,Wolfeboro,Donald Trump,REP,2371,True
New Hampshire,Wolfeboro,Joe Biden,DEM,2355,False
New Hampshire,Alstead,Joe Biden,DEM,684,True
New Hampshire,Alstead,Donald Trump,REP,477,False
New Hampshire,Chesterfield,Joe Biden,DEM,1390,True
New Hampshire,Chesterfield,Donald Trump,REP,958,False
New Hampshire,Dublin,Joe Biden,DEM,687,True
New Hampshire,Dublin,Donald Trump,REP,404,False
New Hampshire,Fitzwilliam,Donald Trump,REP,682,True
New Hampshire,Fitzwilliam,Joe Biden,DEM,666,False
New Hampshire,Gilsum,Donald Trump,REP,263,True
New Hampshire,Gilsum,Joe Biden,DEM,240,False
New Hampshire,Harrisville,Joe Biden,DEM,553,True
New Hampshire,Harrisville,Donald Trump,REP,201,False
New Hampshire,Hinsdale,Joe Biden,DEM,1048,True
New Hampshire,Hinsdale,Donald Trump,REP,829,False
New Hampshire,Jaffrey,Joe Biden,DEM,1528,True
New Hampshire,Jaffrey,Donald Trump,REP,1410,False
New Hampshire,Keene,Joe Biden,DEM,8950,True
New Hampshire,Keene,Donald Trump,REP,3758,False
New Hampshire,Marlborough,Joe Biden,DEM,806,True
New Hampshire,Marlborough,Donald Trump,REP,441,False
New Hampshire,Marlow,Joe Biden,DEM,277,True
New Hampshire,Marlow,Donald Trump,REP,207,False
New Hampshire,Nelson,Joe Biden,DEM,275,True
New Hampshire,Nelson,Donald Trump,REP,164,False
New Hampshire,Richmond,Donald Trump,REP,413,True
New Hampshire,Richmond,Joe Biden,DEM,292,False
New Hampshire,Rindge,Donald Trump,REP,2144,True
New Hampshire,Rindge,Joe Biden,DEM,1443,False
New Hampshire,Roxbury,Joe Biden,DEM,92,True
New Hampshire,Roxbury,Donald Trump,REP,52,False
New Hampshire,Stoddard,Donald Trump,REP,430,True
New Hampshire,Stoddard,Joe Biden,DEM,419,False
New Hampshire,Sullivan,Joe Biden,DEM,216,True
New Hampshire,Sullivan,Donald Trump,REP,186,False
New Hampshire,Surry,Joe Biden,DEM,307,True
New Hampshire,Surry,Donald Trump,REP,252,False
New Hampshire,Swanzey,Joe Biden,DEM,2008,True
New Hampshire,Swanzey,Donald Trump,REP,1763,False
New Hampshire,Troy,Donald Trump,REP,583,True
New Hampshire,Troy,Joe Biden,DEM,509,False
New Hampshire,Walpole,Joe Biden,DEM,1470,True
New Hampshire,Walpole,Donald Trump,REP,834,False
New Hampshire,Westmoreland,Joe Biden,DEM,660,True
New Hampshire,Westmoreland,Donald Trump,REP,453,False
New Hampshire,Winchester,Donald Trump,REP,988,True
New Hampshire,Winchester,Joe Biden,DEM,986,False
New Hampshire,Berlin,Joe Biden,DEM,2147,True
New Hampshire,Berlin,Donald Trump,REP,1852,False
New Hampshire,Carroll,Donald Trump,REP,267,True
New Hampshire,Carroll,Joe Biden,DEM,266,False
New Hampshire,Clarksville,Donald Trump,REP,108,True
New Hampshire,Clarksville,Joe Biden,DEM,72,False
New Hampshire,Colebrook,Donald Trump,REP,630,True
New Hampshire,Colebrook,Joe Biden,DEM,418,False
New Hampshire,Columbia,Donald Trump,REP,235,True
New Hampshire,Columbia,Joe Biden,DEM,114,False
New Hampshire,Dalton,Donald Trump,REP,295,True
New Hampshire,Dalton,Joe Biden,DEM,231,False
New Hampshire,Dixville,Joe Biden,DEM,5,True
New Hampshire,Dummer,Donald Trump,REP,113,True
New Hampshire,Dummer,Joe Biden,DEM,67,False
New Hampshire,Errol,Donald Trump,REP,148,True
New Hampshire,Errol,Joe Biden,DEM,74,False
New Hampshire,Gorham,Joe Biden,DEM,906,True
New Hampshire,Gorham,Donald Trump,REP,748,False
New Hampshire,Jefferson,Donald Trump,REP,394,True
New Hampshire,Jefferson,Joe Biden,DEM,257,False
New Hampshire,Lancaster,Donald Trump,REP,874,True
New Hampshire,Lancaster,Joe Biden,DEM,817,False
New Hampshire,Milan,Donald Trump,REP,437,True
New Hampshire,Milan,Joe Biden,DEM,345,False
New Hampshire,Millsfield,Donald Trump,REP,16,True
New Hampshire,Millsfield,Joe Biden,DEM,5,False
New Hampshire,Northumberland,Donald Trump,REP,614,True
New Hampshire,Northumberland,Joe Biden,DEM,424,False
New Hampshire,Pittsburg,Donald Trump,REP,380,True
New Hampshire,Pittsburg,Joe Biden,DEM,158,False
New Hampshire,Randolph,Joe Biden,DEM,186,True
New Hampshire,Randolph,Donald Trump,REP,83,False
New Hampshire,Shelburne,Joe Biden,DEM,131,True
New Hampshire,Shelburne,Donald Trump,REP,122,False
New Hampshire,Stark,Donald Trump,REP,188,True
New Hampshire,Stark,Joe Biden,DEM,106,False
New Hampshire,Stewartstown,Donald Trump,REP,291,True
New Hampshire,Stewartstown,Joe Biden,DEM,117,False
New Hampshire,Stratford,Joe Biden,DEM,159,True
New Hampshire,Stratford,Donald Trump,REP,140,False
New Hampshire,Wentworth's Location,Donald Trump,REP,13,True
New Hampshire,Wentworth's Location,Joe Biden,DEM,4,False
New Hampshire,Whitefield,Donald Trump,REP,669,True
New Hampshire,Whitefield,Joe Biden,DEM,631,False
New Hampshire,Alexandria,Donald Trump,REP,616,True
New Hampshire,Alexandria,Joe Biden,DEM,440,False
New Hampshire,Ashland,Joe Biden,DEM,632,True
New Hampshire,Ashland,Donald Trump,REP,562,False
New Hampshire,Bath,Donald Trump,REP,353,True
New Hampshire,Bath,Joe Biden,DEM,259,False
New Hampshire,Benton,Donald Trump,REP,143,True
New Hampshire,Benton,Joe Biden,DEM,89,False
New Hampshire,Bethlehem,Joe Biden,DEM,1021,True
New Hampshire,Bethlehem,Donald Trump,REP,620,False
New Hampshire,Bridgewater,Donald Trump,REP,472,True
New Hampshire,Bridgewater,Joe Biden,DEM,364,False
New Hampshire,Bristol,Donald Trump,REP,994,True
New Hampshire,Bristol,Joe Biden,DEM,842,False
New Hampshire,Campton,Joe Biden,DEM,1120,True
New Hampshire,Campton,Donald Trump,REP,964,False
New Hampshire,Canaan,Joe Biden,DEM,1162,True
New Hampshire,Canaan,Donald Trump,REP,890,False
New Hampshire,Dorchester,Donald Trump,REP,124,True
New Hampshire,Dorchester,Joe Biden,DEM,105,False
New Hampshire,Easton,Joe Biden,DEM,167,True
New Hampshire,Easton,Donald Trump,REP,64,False
New Hampshire,Ellsworth,Joe Biden,DEM,45,True
New Hampshire,Ellsworth,Donald Trump,REP,32,False
New Hampshire,Enfield,Joe Biden,DEM,1777,True
New Hampshire,Enfield,Donald Trump,REP,930,False
New Hampshire,Franconia,Joe Biden,DEM,542,True
New Hampshire,Franconia,Donald Trump,REP,248,False
New Hampshire,Grafton,Donald Trump,REP,423,True
New Hampshire,Grafton,Joe Biden,DEM,345,False
New Hampshire,Groton,Donald Trump,REP,232,True
New Hampshire,Groton,Joe Biden,DEM,142,False
New Hampshire,Hanover,Joe Biden,DEM,6210,True
New Hampshire,Hanover,Donald Trump,REP,841,False
New Hampshire,Haverhill,Donald Trump,REP,1180,True
New Hampshire,Haverhill,Joe Biden,DEM,925,False
New Hampshire,Hebron,Donald Trump,REP,267,True
New Hampshire,Hebron,Joe Biden,DEM,239,False
New Hampshire,Holderness,Joe Biden,DEM,890,True
New Hampshire,Holderness,Donald Trump,REP,569,False
New Hampshire,Landaff,Donald Trump,REP,155,True
New Hampshire,Landaff,Joe Biden,DEM,126,False
New Hampshire,Lebanon,Joe Biden,DEM,5895,True
New Hampshire,Lebanon,Donald Trump,REP,1954,False
New Hampshire,Lincoln,Joe Biden,DEM,513,True
New Hampshire,Lincoln,Donald Trump,REP,397,False
New Hampshire,Lisbon,Donald Trump,REP,431,True
New Hampshire,Lisbon,Joe Biden,DEM,353,False
New Hampshire,Littleton,Joe Biden,DEM,1557,True
New Hampshire,Littleton,Donald Trump,REP,1507,False
New Hampshire,Lyman,Donald Trump,REP,208,True
New Hampshire,Lyman,Joe Biden,DEM,174,False
New Hampshire,Lyme,Joe Biden,DEM,1074,True
New Hampshire,Lyme,Donald Trump,REP,218,False
New Hampshire,Monroe,Donald Trump,REP,309,True
New Hampshire,Monroe,Joe Biden,DEM,227,False
New Hampshire,Orange,Donald Trump,REP,110,True
New Hampshire,Orange,Joe Biden,DEM,80,False
New Hampshire,Orford,Joe Biden,DEM,539,True
New Hampshire,Orford,Donald Trump,REP,269,False
New Hampshire,Piermont,Joe Biden,DEM,241,True
New Hampshire,Piermont,Donald Trump,REP,194,False
New Hampshire,Plymouth,Joe Biden,DEM,2214,True
New Hampshire,Plymouth,Donald Trump,REP,1123,False
New Hampshire,Rumney,Donald Trump,REP,527,True
New Hampshire,Rumney,Joe Biden,DEM,410,False
New Hampshire,Sugar Hill,Joe Biden,DEM,316,True
New Hampshire,Sugar Hill,Donald Trump,REP,153,False
New Hampshire,Thornton,Joe Biden,DEM,958,True
New Hampshire,Thornton,Donald Trump,REP,737,False
New Hampshire,Warren,Donald Trump,REP,275,True
New Hampshire,Warren,Joe Biden,DEM,189,False
New Hampshire,Waterville,Joe Biden,DEM,238,True
New Hampshire,Waterville,Donald Trump,REP,127,False
New Hampshire,Wentworth,Donald Trump,REP,323,True
New Hampshire,Wentworth,Joe Biden,DEM,280,False
New Hampshire,Woodstock,Joe Biden,DEM,480,True
New Hampshire,Woodstock,Donald Trump,REP,364,False
New Hampshire,Amherst,Joe Biden,DEM,4796,True
New Hampshire,Amherst,Donald Trump,REP,3208,False
New Hampshire,Antrim,Donald Trump,REP,779,True
New Hampshire,Antrim,Joe Biden,DEM,761,False
New Hampshire,Bedford,Joe Biden,DEM,7521,True
New Hampshire,Bedford,Donald Trump,REP,7052,False
New Hampshire,Bennington,Donald Trump,REP,424,True
New Hampshire,Bennington,Joe Biden,DEM,395,False
New Hampshire,Brookline,Joe Biden,DEM,1903,True
New Hampshire,Brookline,Donald Trump,REP,1647,False
New Hampshire,Deering,Donald Trump,REP,670,True
New Hampshire,Deering,Joe Biden,DEM,462,False
New Hampshire,Francestown,Joe Biden,DEM,592,True
New Hampshire,Francestown,Donald Trump,REP,534,False
New Hampshire,Goffstown,Donald Trump,REP,5040,True
New Hampshire,Goffstown,Joe Biden,DEM,4967,False
New Hampshire,Greenfield,Joe Biden,DEM,529,True
New Hampshire,Greenfield,Donald Trump,REP,466,False
New Hampshire,Greenville,Donald Trump,REP,532,True
New Hampshire,Greenville,Joe Biden,DEM,501,False
New Hampshire,Hancock,Joe Biden,DEM,875,True
New Hampshire,Hancock,Donald Trump,REP,408,False
New Hampshire,Hillsborough,Donald Trump,REP,1722,True
New Hampshire,Hillsborough,Joe Biden,DEM,1475,False
New Hampshire,Hollis,Joe Biden,DEM,3277,True
New Hampshire,Hollis,Donald Trump,REP,2468,False
New Hampshire,Hudson,Donald Trump,REP,7744,True
New Hampshire,Hudson,Joe Biden,DEM,6632,False
New Hampshire,Litchfield,Donald Trump,REP,2824,True
New Hampshire,Litchfield,Joe Biden,DEM,2497,False
New Hampshire,Lyndeborough,Joe Biden,DEM,564,True
New Hampshire,Lyndeborough,Donald Trump,REP,541,False
New Hampshire,Manchester,Joe Biden,DEM,29464,True
New Hampshire,Manchester,Donald Trump,REP,22127,False
New Hampshire,Mason,Donald Trump,REP,535,True
New Hampshire,Mason,Joe Biden,DEM,380,False
New Hampshire,Merrimack,Joe Biden,DEM,8725,True
New Hampshire,Merrimack,Donald Trump,REP,7669,False
New Hampshire,Milford,Joe Biden,DEM,4644,True
New Hampshire,Milford,Donald Trump,REP,4123,False
New Hampshire,Mont Vernon,Joe Biden,DEM,1011,True
New Hampshire,Mont Vernon,Donald Trump,REP,730,False
New Hampshire,Nashua,Joe Biden,DEM,26770,True
New Hampshire,Nashua,Donald Trump,REP,17806,False
New Hampshire,New Boston,Donald Trump,REP,2036,True
New Hampshire,New Boston,Joe Biden,DEM,1826,False
New Hampshire,New Ipswich,Donald Trump,REP,2099,True
New Hampshire,New Ipswich,Joe Biden,DEM,962,False
New Hampshire,Pelham,Donald Trump,REP,5253,True
New Hampshire,Pelham,Joe Biden,DEM,3480,False
New Hampshire,Peterborough,Joe Biden,DEM,3090,True
New Hampshire,Peterborough,Donald Trump,REP,1246,False
New Hampshire,Sharon,Joe Biden,DEM,153,True
New Hampshire,Sharon,Donald Trump,REP,116,False
New Hampshire,Temple,Joe Biden,DEM,518,True
New Hampshire,Temple,Donald Trump,REP,432,False
New Hampshire,Weare,Donald Trump,REP,3213,True
New Hampshire,Weare,Joe Biden,DEM,2211,False
New Hampshire,Wilton,Joe Biden,DEM,1330,True
New Hampshire,Wilton,Donald Trump,REP,1090,False
New Hampshire,Windsor,Donald Trump,REP,91,True
New Hampshire,Windsor,Joe Biden,DEM,33,False
New Hampshire,Allenstown,Donald Trump,REP,1233,True
New Hampshire,Allenstown,Joe Biden,DEM,1050,False
New Hampshire,Andover,Joe Biden,DEM,844,True
New Hampshire,Andover,Donald Trump,REP,726,False
New Hampshire,Boscawen,Donald Trump,REP,1064,True
New Hampshire,Boscawen,Joe Biden,DEM,931,False
New Hampshire,Bow,Joe Biden,DEM,3256,True
New Hampshire,Bow,Donald Trump,REP,2167,False
New Hampshire,Bradford,Joe Biden,DEM,563,True
New Hampshire,Bradford,Donald Trump,REP,478,False
New Hampshire,Canterbury,Joe Biden,DEM,1009,True
New Hampshire,Canterbury,Donald Trump,REP,718,False
New Hampshire,Chichester,Donald Trump,REP,930,True
New Hampshire,Chichester,Joe Biden,DEM,770,False
New Hampshire,Concord,Joe Biden,DEM,15511,True
New Hampshire,Concord,Donald Trump,REP,7983,False
New Hampshire,Danbury,Donald Trump,REP,414,True
New Hampshire,Danbury,Joe Biden,DEM,290,False
New Hampshire,Dunbarton,Donald Trump,REP,1121,True
New Hampshire,Dunbarton,Joe Biden,DEM,877,False
New Hampshire,Epsom,Donald Trump,REP,1702,True
New Hampshire,Epsom,Joe Biden,DEM,1180,False
New Hampshire,Franklin,Donald Trump,REP,2281,True
New Hampshire,Franklin,Joe Biden,DEM,1804,False
New Hampshire,Henniker,Joe Biden,DEM,1569,True
New Hampshire,Henniker,Donald Trump,REP,1075,False
New Hampshire,Hill,Donald Trump,REP,403,True
New Hampshire,Hill,Joe Biden,DEM,224,False
New Hampshire,Hooksett,Donald Trump,REP,4387,True
New Hampshire,Hooksett,Joe Biden,DEM,4060,False
New Hampshire,Hopkinton,Joe Biden,DEM,2688,True
New Hampshire,Hopkinton,Donald Trump,REP,1400,False
New Hampshire,Loudon,Donald Trump,REP,2152,True
New Hampshire,Loudon,Joe Biden,DEM,1489,False
New Hampshire,Newbury,Joe Biden,DEM,905,True
New Hampshire,Newbury,Donald Trump,REP,726,False
New Hampshire,New London,Joe Biden,DEM,2081,True
New Hampshire,New London,Donald Trump,REP,1059,False
New Hampshire,Northfield,Donald Trump,REP,1435,True
New Hampshire,Northfield,Joe Biden,DEM,1122,False
New Hampshire,Pembroke,Joe Biden,DEM,2189,True
New Hampshire,Pembroke,Donald Trump,REP,2057,False
New Hampshire,Pittsfield,Donald Trump,REP,1230,True
New Hampshire,Pittsfield,Joe Biden,DEM,807,False
New Hampshire,Salisbury,Donald Trump,REP,517,True
New Hampshire,Salisbury,Joe Biden,DEM,380,False
New Hampshire,Sutton,Joe Biden,DEM,753,True
New Hampshire,Sutton,Donald Trump,REP,574,False
New Hampshire,Warner,Joe Biden,DEM,1050,True
New Hampshire,Warner,Donald Trump,REP,844,False
New Hampshire,Webster,Donald Trump,REP,669,True
New Hampshire,Webster,Joe Biden,DEM,548,False
New Hampshire,Wilmot,Joe Biden,DEM,583,True
New Hampshire,Wilmot,Donald Trump,REP,366,False
New Hampshire,Atkinson,Donald Trump,REP,2795,True
New Hampshire,Atkinson,Joe Biden,DEM,2250,False
New Hampshire,Auburn,Donald Trump,REP,2265,True
New Hampshire,Auburn,Joe Biden,DEM,1619,False
New Hampshire,Brentwood,Joe Biden,DEM,1505,True
New Hampshire,Brentwood,Donald Trump,REP,1372,False
New Hampshire,Candia,Donald Trump,REP,1702,True
New Hampshire,Candia,Joe Biden,DEM,1039,False
New Hampshire,Chester,Donald Trump,REP,1951,True
New Hampshire,Chester,Joe Biden,DEM,1465,False
New Hampshire,Danville,Donald Trump,REP,1686,True
New Hampshire,Danville,Joe Biden,DEM,1082,False
New Hampshire,Deerfield,Donald Trump,REP,1786,True
New Hampshire,Deerfield,Joe Biden,DEM,1360,False
New Hampshire,Derry,Donald Trump,REP,9412,True
New Hampshire,Derry,Joe Biden,DEM,8215,False
New Hampshire,East Kingston,Donald Trump,REP,889,True
New Hampshire,East Kingston,Joe Biden,DEM,781,False
New Hampshire,Epping,Donald Trump,REP,2311,True
New Hampshire,Epping,Joe Biden,DEM,2047,False
New Hampshire,Exeter,Joe Biden,DEM,6820,True
New Hampshire,Exeter,Donald Trump,REP,3321,False
New Hampshire,Fremont,Donald Trump,REP,1635,True
New Hampshire,Fremont,Joe Biden,DEM,1151,False
New Hampshire,Greenland,Joe Biden,DEM,1723,True
New Hampshire,Greenland,Donald Trump,REP,1160,False
New Hampshire,Hampstead,Donald Trump,REP,3303,True
New Hampshire,Hampstead,Joe Biden,DEM,2494,False
New Hampshire,Hampton,Joe Biden,DEM,6150,True
New Hampshire,Hampton,Donald Trump,REP,5212,False
New Hampshire,Hampton Falls,Donald Trump,REP,863,True
New Hampshire,Hampton Falls,Joe Biden,DEM,845,False
New Hampshire,Kensington,Joe Biden,DEM,805,True
New Hampshire,Kensington,Donald Trump,REP,726,False
New Hampshire,Kingston,Donald Trump,REP,2311,True
New Hampshire,Kingston,Joe Biden,DEM,1731,False
New Hampshire,Londonderry,Donald Trump,REP,7905,True
New Hampshire,Londonderry,Joe Biden,DEM,7738,False
New Hampshire,New Castle,Joe Biden,DEM,619,True
New Hampshire,New Castle,Donald Trump,REP,281,False
New Hampshire,Newfields,Joe Biden,DEM,719,True
New Hampshire,Newfields,Donald Trump,REP,512,False
New Hampshire,Newington,Donald Trump,REP,325,True
New Hampshire,Newington,Joe Biden,DEM,304,False
New Hampshire,Newmarket,Joe Biden,DEM,3953,True
New Hampshire,Newmarket,Donald Trump,REP,1925,False
New Hampshire,Newton,Donald Trump,REP,1680,True
New Hampshire,Newton,Joe Biden,DEM,1277,False
New Hampshire,North Hampton,Joe Biden,DEM,1987,True
New Hampshire,North Hampton,Donald Trump,REP,1455,False
New Hampshire,Northwood,Donald Trump,REP,1483,True
New Hampshire,Northwood,Joe Biden,DEM,1329,False
New Hampshire,Nottingham,Joe Biden,DEM,1769,True
New Hampshire,Nottingham,Donald Trump,REP,1641,False
New Hampshire,Plaistow,Donald Trump,REP,2504,True
New Hampshire,Plaistow,Joe Biden,DEM,2045,False
New Hampshire,Portsmouth,Joe Biden,DEM,10663,True
New Hampshire,Portsmouth,Donald Trump,REP,3836,False
New Hampshire,Raymond,Donald Trump,REP,3517,True
New Hampshire,Raymond,Joe Biden,DEM,2378,False
New Hampshire,Rye,Joe Biden,DEM,2781,True
New Hampshire,Rye,Donald Trump,REP,1620,False
New Hampshire,Salem,Donald Trump,REP,9969,True
New Hampshire,Salem,Joe Biden,DEM,7638,False
New Hampshire,Sandown,Donald Trump,REP,2273,True
New Hampshire,Sandown,Joe Biden,DEM,1632,False
New Hampshire,Seabrook,Donald Trump,REP,2595,True
New Hampshire,Seabrook,Joe Biden,DEM,1973,False
New Hampshire,South Hampton,Donald Trump,REP,326,True
New Hampshire,South Hampton,Joe Biden,DEM,304,False
New Hampshire,Stratham,Joe Biden,DEM,3306,True
New Hampshire,Stratham,Donald Trump,REP,2115,False
New Hampshire,Windham,Donald Trump,REP,5196,True
New Hampshire,Windham,Joe Biden,DEM,4567,False
New Hampshire,Barrington,Joe Biden,DEM,3142,True
New Hampshire,Barrington,Donald Trump,REP,2733,False
New Hampshire,Dover,Joe Biden,DEM,12508,True
New Hampshire,Dover,Donald Trump,REP,6331,False
New Hampshire,Durham,Joe Biden,DEM,5970,True
New Hampshire,Durham,Donald Trump,REP,1712,False
New Hampshire,Farmington,Donald Trump,REP,2000,True
New Hampshire,Farmington,Joe Biden,DEM,1365,False
New Hampshire,Lee,Joe Biden,DEM,1957,True
New Hampshire,Lee,Donald Trump,REP,971,False
New Hampshire,Madbury,Joe Biden,DEM,824,True
New Hampshire,Madbury,Donald Trump,REP,454,False
New Hampshire,Middleton,Donald Trump,REP,643,True
New Hampshire,Middleton,Joe Biden,DEM,378,False
New Hampshire,Milton,Donald Trump,REP,1476,True
New Hampshire,Milton,Joe Biden,DEM,1015,False
New Hampshire,New Durham,Donald Trump,REP,1109,True
New Hampshire,New Durham,Joe Biden,DEM,727,False
New Hampshire,Rochester,Donald Trump,REP,8367,True
New Hampshire,Rochester,Joe Biden,DEM,8132,False
New Hampshire,Rollinsford,Joe Biden,DEM,951,True
New Hampshire,Rollinsford,Donald Trump,REP,735,False
New Hampshire,Somersworth,Joe Biden,DEM,3422,True
New Hampshire,Somersworth,Donald Trump,REP,2550,False
New Hampshire,Strafford,Donald Trump,REP,1408,True
New Hampshire,Strafford,Joe Biden,DEM,1330,False
New Hampshire,Acworth,Joe Biden,DEM,293,True
New Hampshire,Acworth,Donald Trump,REP,269,False
New Hampshire,Charlestown,Donald Trump,REP,1239,True
New Hampshire,Charlestown,Joe Biden,DEM,1185,False
New Hampshire,Claremont,Joe Biden,DEM,2895,True
New Hampshire,Claremont,Donald Trump,REP,2788,False
New Hampshire,Cornish,Joe Biden,DEM,679,True
New Hampshire,Cornish,Donald Trump,REP,408,False
New Hampshire,Croydon,Donald Trump,REP,319,True
New Hampshire,Croydon,Joe Biden,DEM,172,False
New Hampshire,Goshen,Donald Trump,REP,284,True
New Hampshire,Goshen,Joe Biden,DEM,186,False
New Hampshire,Grantham,Joe Biden,DEM,1669,True
New Hampshire,Grantham,Donald Trump,REP,747,False
New Hampshire,Langdon,Joe Biden,DEM,206,True
New Hampshire,Langdon,Donald Trump,REP,199,False
New Hampshire,Lempster,Donald Trump,REP,440,True
New Hampshire,Lempster,Joe Biden,DEM,274,False
New Hampshire,Newport,Donald Trump,REP,1773,True
New Hampshire,Newport,Joe Biden,DEM,1301,False
New Hampshire,Plainfield,Joe Biden,DEM,1135,True
New Hampshire,Plainfield,Donald Trump,REP,522,False
New Hampshire,Springfield,Joe Biden,DEM,437,True
New Hampshire,Springfield,Donald Trump,REP,436,False
New Hampshire,Sunapee,Joe Biden,DEM,1309,True
New Hampshire,Sunapee,Donald Trump,REP,1086,False
New Hampshire,Unity,Donald Trump,REP,531,True
New Hampshire,Unity,Joe Biden,DEM,335,False
New Hampshire,Washington,Donald Trump,REP,467,True
New Hampshire,Washington,Joe Biden,DEM,314,False
New Jersey,Atlantic County,Joe Biden,DEM,73808,True
New Jersey,Atlantic County,Donald Trump,REP,64438,False
New Jersey,Bergen County,Joe Biden,DEM,285967,True
New Jersey,Bergen County,Donald Trump,REP,204417,False
New Jersey,Burlington County,Joe Biden,DEM,154595,True
New Jersey,Burlington County,Donald Trump,REP,103345,False
New Jersey,Camden County,Joe Biden,DEM,175065,True
New Jersey,Camden County,Donald Trump,REP,86207,False
New Jersey,Cape May County,Donald Trump,REP,33158,True
New Jersey,Cape May County,Joe Biden,DEM,23941,False
New Jersey,Cumberland County,Joe Biden,DEM,32742,True
New Jersey,Cumberland County,Donald Trump,REP,28952,False
New Jersey,Essex County,Joe Biden,DEM,266820,True
New Jersey,Essex County,Donald Trump,REP,75475,False
New Jersey,Gloucester County,Joe Biden,DEM,86702,True
New Jersey,Gloucester County,Donald Trump,REP,83340,False
New Jersey,Hudson County,Joe Biden,DEM,181452,True
New Jersey,Hudson County,Donald Trump,REP,65698,False
New Jersey,Hunterdon County,Donald Trump,REP,43153,True
New Jersey,Hunterdon County,Joe Biden,DEM,39457,False
New Jersey,Mercer County,Joe Biden,DEM,122532,True
New Jersey,Mercer County,Donald Trump,REP,51641,False
New Jersey,Middlesex County,Joe Biden,DEM,226250,True
New Jersey,Middlesex County,Donald Trump,REP,143467,False
New Jersey,Monmouth County,Donald Trump,REP,191808,True
New Jersey,Monmouth County,Joe Biden,DEM,181291,False
New Jersey,Morris County,Joe Biden,DEM,153881,True
New Jersey,Morris County,Donald Trump,REP,141134,False
New Jersey,Ocean County,Donald Trump,REP,217740,True
New Jersey,Ocean County,Joe Biden,DEM,119456,False
New Jersey,Passaic County,Joe Biden,DEM,129097,True
New Jersey,Passaic County,Donald Trump,REP,92009,False
New Jersey,Salem County,Donald Trump,REP,18827,True
New Jersey,Salem County,Joe Biden,DEM,14479,False
New Jersey,Somerset County,Joe Biden,DEM,111173,True
New Jersey,Somerset County,Donald Trump,REP,71996,False
New Jersey,Sussex County,Donald Trump,REP,51698,True
New Jersey,Sussex County,Joe Biden,DEM,34481,False
New Jersey,Union County,Joe Biden,DEM,170245,True
New Jersey,Union County,Donald Trump,REP,80002,False
New Jersey,Warren County,Donald Trump,REP,34769,True
New Jersey,Warren County,Joe Biden,DEM,24901,False
New Mexico,Bernalillo County,Joe Biden,DEM,193757,True
New Mexico,Bernalillo County,Donald Trump,REP,116135,False
New Mexico,Catron County,Donald Trump,REP,1698,True
New Mexico,Catron County,Joe Biden,DEM,595,False
New Mexico,Chaves County,Donald Trump,REP,15656,True
New Mexico,Chaves County,Joe Biden,DEM,6381,False
New Mexico,Cibola County,Joe Biden,DEM,4745,True
New Mexico,Cibola County,Donald Trump,REP,3975,False
New Mexico,Colfax County,Donald Trump,REP,3271,True
New Mexico,Colfax County,Joe Biden,DEM,2611,False
New Mexico,Curry County,Donald Trump,REP,10444,True
New Mexico,Curry County,Joe Biden,DEM,4307,False
New Mexico,De Baca County,Donald Trump,REP,656,True
New Mexico,De Baca County,Joe Biden,DEM,231,False
New Mexico,Do�a Ana County,Joe Biden,DEM,47957,True
New Mexico,Do�a Ana County,Donald Trump,REP,32802,False
New Mexico,Eddy County,Donald Trump,REP,17454,True
New Mexico,Eddy County,Joe Biden,DEM,5424,False
New Mexico,Grant County,Joe Biden,DEM,7590,True
New Mexico,Grant County,Donald Trump,REP,6553,False
New Mexico,Guadalupe County,Joe Biden,DEM,1234,True
New Mexico,Guadalupe County,Donald Trump,REP,917,False
New Mexico,Harding County,Donald Trump,REP,319,True
New Mexico,Harding County,Joe Biden,DEM,179,False
New Mexico,Hidalgo County,Donald Trump,REP,1120,True
New Mexico,Hidalgo County,Joe Biden,DEM,823,False
New Mexico,Lea County,Donald Trump,REP,16531,True
New Mexico,Lea County,Joe Biden,DEM,4061,False
New Mexico,Lincoln County,Donald Trump,REP,6942,True
New Mexico,Lincoln County,Joe Biden,DEM,3194,False
New Mexico,Los Alamos County,Joe Biden,DEM,7554,True
New Mexico,Los Alamos County,Donald Trump,REP,4278,False
New Mexico,Luna County,Donald Trump,REP,4408,True
New Mexico,Luna County,Joe Biden,DEM,3563,False
New Mexico,McKinley County,Joe Biden,DEM,18029,True
New Mexico,McKinley County,Donald Trump,REP,7801,False
New Mexico,Mora County,Joe Biden,DEM,1745,True
New Mexico,Mora County,Donald Trump,REP,903,False
New Mexico,Otero County,Donald Trump,REP,14521,True
New Mexico,Otero County,Joe Biden,DEM,8485,False
New Mexico,Quay County,Donald Trump,REP,2634,True
New Mexico,Quay County,Joe Biden,DEM,1170,False
New Mexico,Rio Arriba County,Joe Biden,DEM,10990,True
New Mexico,Rio Arriba County,Donald Trump,REP,5408,False
New Mexico,Roosevelt County,Donald Trump,REP,4634,True
New Mexico,Roosevelt County,Joe Biden,DEM,1802,False
New Mexico,Sandoval County,Joe Biden,DEM,40588,True
New Mexico,Sandoval County,Donald Trump,REP,34174,False
New Mexico,San Juan County,Donald Trump,REP,32874,True
New Mexico,San Juan County,Joe Biden,DEM,18083,False
New Mexico,San Miguel County,Joe Biden,DEM,7888,True
New Mexico,San Miguel County,Donald Trump,REP,3421,False
New Mexico,Santa Fe County,Joe Biden,DEM,62530,True
New Mexico,Santa Fe County,Donald Trump,REP,18329,False
New Mexico,Sierra County,Donald Trump,REP,3542,True
New Mexico,Sierra County,Joe Biden,DEM,2265,False
New Mexico,Socorro County,Joe Biden,DEM,3722,True
New Mexico,Socorro County,Donald Trump,REP,3255,False
New Mexico,Taos County,Joe Biden,DEM,13121,True
New Mexico,Taos County,Donald Trump,REP,3715,False
New Mexico,Torrance County,Donald Trump,REP,4772,True
New Mexico,Torrance County,Joe Biden,DEM,2344,False
New Mexico,Union County,Donald Trump,REP,1388,True
New Mexico,Union County,Joe Biden,DEM,383,False
New Mexico,Valencia County,Donald Trump,REP,17364,True
New Mexico,Valencia County,Joe Biden,DEM,14263,False
New York,Albany County,Joe Biden,DEM,99474,True
New York,Albany County,Donald Trump,REP,51081,False
New York,Allegany County,Donald Trump,REP,14135,True
New York,Allegany County,Joe Biden,DEM,6048,False
New York,Bronx County,Joe Biden,DEM,355374,True
New York,Bronx County,Donald Trump,REP,67740,False
New York,Broome County,Joe Biden,DEM,47010,True
New York,Broome County,Donald Trump,REP,43800,False
New York,Cattaraugus County,Donald Trump,REP,22155,True
New York,Cattaraugus County,Joe Biden,DEM,11879,False
New York,Cayuga County,Donald Trump,REP,19512,True
New York,Cayuga County,Joe Biden,DEM,16149,False
New York,Chautauqua County,Donald Trump,REP,34853,True
New York,Chautauqua County,Joe Biden,DEM,23087,False
New York,Chemung County,Donald Trump,REP,21922,True
New York,Chemung County,Joe Biden,DEM,16636,False
New York,Chenango County,Donald Trump,REP,13482,True
New York,Chenango County,Joe Biden,DEM,8290,False
New York,Clinton County,Joe Biden,DEM,18364,True
New York,Clinton County,Donald Trump,REP,16514,False
New York,Columbia County,Joe Biden,DEM,20386,True
New York,Columbia County,Donald Trump,REP,14464,False
New York,Cortland County,Donald Trump,REP,10789,True
New York,Cortland County,Joe Biden,DEM,10369,False
New York,Delaware County,Donald Trump,REP,13387,True
New York,Delaware County,Joe Biden,DEM,9143,False
New York,Dutchess County,Joe Biden,DEM,81443,True
New York,Dutchess County,Donald Trump,REP,66872,False
New York,Erie County,Joe Biden,DEM,267174,True
New York,Erie County,Donald Trump,REP,197527,False
New York,Essex County,Joe Biden,DEM,9947,True
New York,Essex County,Donald Trump,REP,8976,False
New York,Franklin County,Donald Trump,REP,9668,True
New York,Franklin County,Joe Biden,DEM,9253,False
New York,Fulton County,Donald Trump,REP,15378,True
New York,Fulton County,Joe Biden,DEM,7931,False
New York,Genesee County,Donald Trump,REP,18876,True
New York,Genesee County,Joe Biden,DEM,9625,False
New York,Greene County,Donald Trump,REP,14271,True
New York,Greene County,Joe Biden,DEM,10346,False
New York,Hamilton County,Donald Trump,REP,2225,True
New York,Hamilton County,Joe Biden,DEM,1178,False
New York,Herkimer County,Donald Trump,REP,18870,True
New York,Herkimer County,Joe Biden,DEM,9937,False
New York,Jefferson County,Donald Trump,REP,25629,True
New York,Jefferson County,Joe Biden,DEM,17307,False
New York,Kings County,Joe Biden,DEM,703310,True
New York,Kings County,Donald Trump,REP,202772,False
New York,Lewis County,Donald Trump,REP,8894,True
New York,Lewis County,Joe Biden,DEM,3824,False
New York,Livingston County,Donald Trump,REP,18182,True
New York,Livingston County,Joe Biden,DEM,12477,False
New York,Madison County,Donald Trump,REP,18408,True
New York,Madison County,Joe Biden,DEM,14807,False
New York,Monroe County,Joe Biden,DEM,225746,True
New York,Monroe County,Donald Trump,REP,145661,False
New York,Montgomery County,Donald Trump,REP,12745,True
New York,Montgomery County,Joe Biden,DEM,7977,False
New York,Nassau County,Joe Biden,DEM,396504,True
New York,Nassau County,Donald Trump,REP,326716,False
New York,New York County,Joe Biden,DEM,603040,True
New York,New York County,Donald Trump,REP,85185,False
New York,Niagara County,Donald Trump,REP,56068,True
New York,Niagara County,Joe Biden,DEM,46029,False
New York,Oneida County,Donald Trump,REP,57180,True
New York,Oneida County,Joe Biden,DEM,41567,False
New York,Onondaga County,Joe Biden,DEM,138894,True
New York,Onondaga County,Donald Trump,REP,90619,False
New York,Ontario County,Donald Trump,REP,29039,True
New York,Ontario County,Joe Biden,DEM,29025,False
New York,Orange County,Donald Trump,REP,84996,True
New York,Orange County,Joe Biden,DEM,84684,False
New York,Orleans County,Donald Trump,REP,12126,True
New York,Orleans County,Joe Biden,DEM,5587,False
New York,Oswego County,Donald Trump,REP,32138,True
New York,Oswego County,Joe Biden,DEM,21143,False
New York,Otsego County,Donald Trump,REP,14382,True
New York,Otsego County,Joe Biden,DEM,12975,False
New York,Putnam County,Donald Trump,REP,29283,True
New York,Putnam County,Joe Biden,DEM,24953,False
New York,Queens County,Joe Biden,DEM,569038,True
New York,Queens County,Donald Trump,REP,212665,False
New York,Rensselaer County,Joe Biden,DEM,40969,True
New York,Rensselaer County,Donald Trump,REP,36500,False
New York,Richmond County,Donald Trump,REP,123320,True
New York,Richmond County,Joe Biden,DEM,90997,False
New York,Rockland County,Joe Biden,DEM,75802,True
New York,Rockland County,Donald Trump,REP,73186,False
New York,St. Lawrence County,Donald Trump,REP,24608,True
New York,St. Lawrence County,Joe Biden,DEM,19361,False
New York,Saratoga County,Joe Biden,DEM,68471,True
New York,Saratoga County,Donald Trump,REP,61305,False
New York,Schenectady County,Joe Biden,DEM,42465,True
New York,Schenectady County,Donald Trump,REP,30741,False
New York,Schoharie County,Donald Trump,REP,9903,True
New York,Schoharie County,Joe Biden,DEM,5345,False
New York,Schuyler County,Donald Trump,REP,5621,True
New York,Schuyler County,Joe Biden,DEM,3903,False
New York,Seneca County,Donald Trump,REP,8329,True
New York,Seneca County,Joe Biden,DEM,6914,False
New York,Steuben County,Donald Trump,REP,29474,True
New York,Steuben County,Joe Biden,DEM,15790,False
New York,Suffolk County,Donald Trump,REP,381253,True
New York,Suffolk County,Joe Biden,DEM,381021,False
New York,Sullivan County,Donald Trump,REP,18665,True
New York,Sullivan County,Joe Biden,DEM,15489,False
New York,Tioga County,Donald Trump,REP,14791,True
New York,Tioga County,Joe Biden,DEM,9634,False
New York,Tompkins County,Joe Biden,DEM,33619,True
New York,Tompkins County,Donald Trump,REP,11096,False
New York,Ulster County,Joe Biden,DEM,57970,True
New York,Ulster County,Donald Trump,REP,37590,False
New York,Warren County,Donald Trump,REP,17699,True
New York,Warren County,Joe Biden,DEM,17642,False
New York,Washington County,Donald Trump,REP,15941,True
New York,Washington County,Joe Biden,DEM,11565,False
New York,Wayne County,Donald Trump,REP,26204,True
New York,Wayne County,Joe Biden,DEM,17456,False
New York,Westchester County,Joe Biden,DEM,312371,True
New York,Westchester County,Donald Trump,REP,144713,False
New York,Wyoming County,Donald Trump,REP,13898,True
New York,Wyoming County,Joe Biden,DEM,5073,False
New York,Yates County,Donald Trump,REP,6208,True
New York,Yates County,Joe Biden,DEM,4219,False
North Carolina,Alamance County,Donald Trump,REP,46056,True
North Carolina,Alamance County,Joe Biden,DEM,38825,False
North Carolina,Alexander County,Donald Trump,REP,15888,True
North Carolina,Alexander County,Joe Biden,DEM,4145,False
North Carolina,Alleghany County,Donald Trump,REP,4527,True
North Carolina,Alleghany County,Joe Biden,DEM,1486,False
North Carolina,Anson County,Joe Biden,DEM,5789,True
North Carolina,Anson County,Donald Trump,REP,5321,False
North Carolina,Ashe County,Donald Trump,REP,11451,True
North Carolina,Ashe County,Joe Biden,DEM,4164,False
North Carolina,Avery County,Donald Trump,REP,7172,True
North Carolina,Avery County,Joe Biden,DEM,2191,False
North Carolina,Beaufort County,Donald Trump,REP,16437,True
North Carolina,Beaufort County,Joe Biden,DEM,9633,False
North Carolina,Bertie County,Joe Biden,DEM,5939,True
North Carolina,Bertie County,Donald Trump,REP,3817,False
North Carolina,Bladen County,Donald Trump,REP,9676,True
North Carolina,Bladen County,Joe Biden,DEM,7326,False
North Carolina,Brunswick County,Donald Trump,REP,55850,True
North Carolina,Brunswick County,Joe Biden,DEM,33310,False
North Carolina,Buncombe County,Joe Biden,DEM,96515,True
North Carolina,Buncombe County,Donald Trump,REP,62412,False
North Carolina,Burke County,Donald Trump,REP,31019,True
North Carolina,Burke County,Joe Biden,DEM,13118,False
North Carolina,Cabarrus County,Donald Trump,REP,63237,True
North Carolina,Cabarrus County,Joe Biden,DEM,52162,False
North Carolina,Caldwell County,Donald Trump,REP,32119,True
North Carolina,Caldwell County,Joe Biden,DEM,10245,False
North Carolina,Camden County,Donald Trump,REP,4312,True
North Carolina,Camden County,Joe Biden,DEM,1537,False
North Carolina,Carteret County,Donald Trump,REP,30028,True
North Carolina,Carteret County,Joe Biden,DEM,12093,False
North Carolina,Caswell County,Donald Trump,REP,7089,True
North Carolina,Caswell County,Joe Biden,DEM,4860,False
North Carolina,Catawba County,Donald Trump,REP,56588,True
North Carolina,Catawba County,Joe Biden,DEM,25689,False
North Carolina,Chatham County,Joe Biden,DEM,26787,True
North Carolina,Chatham County,Donald Trump,REP,21186,False
North Carolina,Cherokee County,Donald Trump,REP,12628,True
North Carolina,Cherokee County,Joe Biden,DEM,3583,False
North Carolina,Chowan County,Donald Trump,REP,4471,True
North Carolina,Chowan County,Joe Biden,DEM,3247,False
North Carolina,Clay County,Donald Trump,REP,5112,True
North Carolina,Clay County,Joe Biden,DEM,1699,False
North Carolina,Cleveland County,Donald Trump,REP,33798,True
North Carolina,Cleveland County,Joe Biden,DEM,16955,False
North Carolina,Columbus County,Donald Trump,REP,16832,True
North Carolina,Columbus County,Joe Biden,DEM,9446,False
North Carolina,Craven County,Donald Trump,REP,31032,True
North Carolina,Craven County,Joe Biden,DEM,21148,False
North Carolina,Cumberland County,Joe Biden,DEM,84469,True
North Carolina,Cumberland County,Donald Trump,REP,60032,False
North Carolina,Currituck County,Donald Trump,REP,11657,True
North Carolina,Currituck County,Joe Biden,DEM,4195,False
North Carolina,Dare County,Donald Trump,REP,13938,True
North Carolina,Dare County,Joe Biden,DEM,9936,False
North Carolina,Davidson County,Donald Trump,REP,64658,True
North Carolina,Davidson County,Joe Biden,DEM,22636,False
North Carolina,Davie County,Donald Trump,REP,18228,True
North Carolina,Davie County,Joe Biden,DEM,6713,False
North Carolina,Duplin County,Donald Trump,REP,13793,True
North Carolina,Duplin County,Joe Biden,DEM,8767,False
North Carolina,Durham County,Joe Biden,DEM,144688,True
North Carolina,Durham County,Donald Trump,REP,32459,False
North Carolina,Edgecombe County,Joe Biden,DEM,16089,True
North Carolina,Edgecombe County,Donald Trump,REP,9206,False
North Carolina,Forsyth County,Joe Biden,DEM,113033,True
North Carolina,Forsyth County,Donald Trump,REP,85064,False
North Carolina,Franklin County,Donald Trump,REP,20901,True
North Carolina,Franklin County,Joe Biden,DEM,15879,False
North Carolina,Gaston County,Donald Trump,REP,73033,True
North Carolina,Gaston County,Joe Biden,DEM,40959,False
North Carolina,Gates County,Donald Trump,REP,3367,True
North Carolina,Gates County,Joe Biden,DEM,2546,False
North Carolina,Graham County,Donald Trump,REP,3710,True
North Carolina,Graham County,Joe Biden,DEM,905,False
North Carolina,Granville County,Donald Trump,REP,16647,True
North Carolina,Granville County,Joe Biden,DEM,14565,False
North Carolina,Greene County,Donald Trump,REP,4874,True
North Carolina,Greene County,Joe Biden,DEM,3832,False
North Carolina,Guilford County,Joe Biden,DEM,173086,True
North Carolina,Guilford County,Donald Trump,REP,107294,False
North Carolina,Halifax County,Joe Biden,DEM,15545,True
North Carolina,Halifax County,Donald Trump,REP,10080,False
North Carolina,Harnett County,Donald Trump,REP,35177,True
North Carolina,Harnett County,Joe Biden,DEM,22093,False
North Carolina,Haywood County,Donald Trump,REP,22834,True
North Carolina,Haywood County,Joe Biden,DEM,13144,False
North Carolina,Henderson County,Donald Trump,REP,40032,True
North Carolina,Henderson County,Joe Biden,DEM,27211,False
North Carolina,Hertford County,Joe Biden,DEM,7097,True
North Carolina,Hertford County,Donald Trump,REP,3479,False
North Carolina,Hoke County,Joe Biden,DEM,11804,True
North Carolina,Hoke County,Donald Trump,REP,9453,False
North Carolina,Hyde County,Donald Trump,REP,1418,True
North Carolina,Hyde County,Joe Biden,DEM,1046,False
North Carolina,Iredell County,Donald Trump,REP,67010,True
North Carolina,Iredell County,Joe Biden,DEM,33888,False
North Carolina,Jackson County,Donald Trump,REP,11356,True
North Carolina,Jackson County,Joe Biden,DEM,9591,False
North Carolina,Johnston County,Donald Trump,REP,68353,True
North Carolina,Johnston County,Joe Biden,DEM,41257,False
North Carolina,Jones County,Donald Trump,REP,3280,True
North Carolina,Jones County,Joe Biden,DEM,2197,False
North Carolina,Lee County,Donald Trump,REP,16469,True
North Carolina,Lee County,Joe Biden,DEM,12143,False
North Carolina,Lenoir County,Donald Trump,REP,14590,True
North Carolina,Lenoir County,Joe Biden,DEM,13605,False
North Carolina,Lincoln County,Donald Trump,REP,36341,True
North Carolina,Lincoln County,Joe Biden,DEM,13274,False
North Carolina,McDowell County,Donald Trump,REP,16883,True
North Carolina,McDowell County,Joe Biden,DEM,5832,False
North Carolina,Macon County,Donald Trump,REP,14211,True
North Carolina,Macon County,Joe Biden,DEM,6230,False
North Carolina,Madison County,Donald Trump,REP,7979,True
North Carolina,Madison County,Joe Biden,DEM,4901,False
North Carolina,Martin County,Donald Trump,REP,6532,True
North Carolina,Martin County,Joe Biden,DEM,5911,False
North Carolina,Mecklenburg County,Joe Biden,DEM,378107,True
North Carolina,Mecklenburg County,Donald Trump,REP,179211,False
North Carolina,Mitchell County,Donald Trump,REP,7090,True
North Carolina,Mitchell County,Joe Biden,DEM,1867,False
North Carolina,Montgomery County,Donald Trump,REP,8411,True
North Carolina,Montgomery County,Joe Biden,DEM,4327,False
North Carolina,Moore County,Donald Trump,REP,36764,True
North Carolina,Moore County,Joe Biden,DEM,20779,False
North Carolina,Nash County,Joe Biden,DEM,25947,True
North Carolina,Nash County,Donald Trump,REP,25827,False
North Carolina,New Hanover County,Joe Biden,DEM,66138,True
North Carolina,New Hanover County,Donald Trump,REP,63331,False
North Carolina,Northampton County,Joe Biden,DEM,6069,True
North Carolina,Northampton County,Donald Trump,REP,3989,False
North Carolina,Onslow County,Donald Trump,REP,46078,True
North Carolina,Onslow County,Joe Biden,DEM,24266,False
North Carolina,Orange County,Joe Biden,DEM,63594,True
North Carolina,Orange County,Donald Trump,REP,20176,False
North Carolina,Pamlico County,Donald Trump,REP,4849,True
North Carolina,Pamlico County,Joe Biden,DEM,2713,False
North Carolina,Pasquotank County,Joe Biden,DEM,9832,True
North Carolina,Pasquotank County,Donald Trump,REP,9770,False
North Carolina,Pender County,Donald Trump,REP,21956,True
North Carolina,Pender County,Joe Biden,DEM,11723,False
North Carolina,Perquimans County,Donald Trump,REP,4903,True
North Carolina,Perquimans County,Joe Biden,DEM,2492,False
North Carolina,Person County,Donald Trump,REP,13184,True
North Carolina,Person County,Joe Biden,DEM,8465,False
North Carolina,Pitt County,Joe Biden,DEM,47252,True
North Carolina,Pitt County,Donald Trump,REP,38982,False
North Carolina,Polk County,Donald Trump,REP,7689,True
North Carolina,Polk County,Joe Biden,DEM,4518,False
North Carolina,Randolph County,Donald Trump,REP,56894,True
North Carolina,Randolph County,Joe Biden,DEM,15618,False
North Carolina,Richmond County,Donald Trump,REP,11830,True
North Carolina,Richmond County,Joe Biden,DEM,8754,False
North Carolina,Robeson County,Donald Trump,REP,27806,True
North Carolina,Robeson County,Joe Biden,DEM,19020,False
North Carolina,Rockingham County,Donald Trump,REP,31301,True
North Carolina,Rockingham County,Joe Biden,DEM,15992,False
North Carolina,Rowan County,Donald Trump,REP,49297,True
North Carolina,Rowan County,Joe Biden,DEM,23114,False
North Carolina,Rutherford County,Donald Trump,REP,24891,True
North Carolina,Rutherford County,Joe Biden,DEM,9135,False
North Carolina,Sampson County,Donald Trump,REP,17411,True
North Carolina,Sampson County,Joe Biden,DEM,10966,False
North Carolina,Scotland County,Donald Trump,REP,7473,True
North Carolina,Scotland County,Joe Biden,DEM,7186,False
North Carolina,Stanly County,Donald Trump,REP,25458,True
North Carolina,Stanly County,Joe Biden,DEM,8129,False
North Carolina,Stokes County,Donald Trump,REP,20142,True
North Carolina,Stokes County,Joe Biden,DEM,5286,False
North Carolina,Surry County,Donald Trump,REP,27538,True
North Carolina,Surry County,Joe Biden,DEM,8721,False
North Carolina,Swain County,Donald Trump,REP,4161,True
North Carolina,Swain County,Joe Biden,DEM,2780,False
North Carolina,Transylvania County,Donald Trump,REP,11636,True
North Carolina,Transylvania County,Joe Biden,DEM,8444,False
North Carolina,Tyrrell County,Donald Trump,REP,1044,True
North Carolina,Tyrrell County,Joe Biden,DEM,758,False
North Carolina,Union County,Donald Trump,REP,80382,True
North Carolina,Union County,Joe Biden,DEM,48725,False
North Carolina,Vance County,Joe Biden,DEM,12431,True
North Carolina,Vance County,Donald Trump,REP,8391,False
North Carolina,Wake County,Joe Biden,DEM,393336,True
North Carolina,Wake County,Donald Trump,REP,226197,False
North Carolina,Warren County,Joe Biden,DEM,6400,True
North Carolina,Warren County,Donald Trump,REP,3752,False
North Carolina,Washington County,Joe Biden,DEM,3396,True
North Carolina,Washington County,Donald Trump,REP,2781,False
North Carolina,Watauga County,Joe Biden,DEM,17122,True
North Carolina,Watauga County,Donald Trump,REP,14451,False
North Carolina,Wayne County,Donald Trump,REP,30709,True
North Carolina,Wayne County,Joe Biden,DEM,24215,False
North Carolina,Wilkes County,Donald Trump,REP,27592,True
North Carolina,Wilkes County,Joe Biden,DEM,7511,False
North Carolina,Wilson County,Joe Biden,DEM,20754,True
North Carolina,Wilson County,Donald Trump,REP,19581,False
North Carolina,Yadkin County,Donald Trump,REP,15933,True
North Carolina,Yadkin County,Joe Biden,DEM,3763,False
North Carolina,Yancey County,Donald Trump,REP,7516,True
North Carolina,Yancey County,Joe Biden,DEM,3688,False
North Dakota,Adams County,Donald Trump,REP,981,True
North Dakota,Adams County,Joe Biden,DEM,258,False
North Dakota,Barnes County,Donald Trump,REP,3568,True
North Dakota,Barnes County,Joe Biden,DEM,1820,False
North Dakota,Benson County,Donald Trump,REP,1094,True
North Dakota,Benson County,Joe Biden,DEM,822,False
North Dakota,Billings County,Donald Trump,REP,541,True
North Dakota,Billings County,Joe Biden,DEM,72,False
North Dakota,Bottineau County,Donald Trump,REP,2575,True
North Dakota,Bottineau County,Joe Biden,DEM,821,False
North Dakota,Bowman County,Donald Trump,REP,1395,True
North Dakota,Bowman County,Joe Biden,DEM,228,False
North Dakota,Burke County,Donald Trump,REP,994,True
North Dakota,Burke County,Joe Biden,DEM,137,False
North Dakota,Burleigh County,Donald Trump,REP,34744,True
North Dakota,Burleigh County,Joe Biden,DEM,14348,False
North Dakota,Cass County,Donald Trump,REP,42619,True
North Dakota,Cass County,Joe Biden,DEM,40311,False
North Dakota,Cavalier County,Donald Trump,REP,1499,True
North Dakota,Cavalier County,Joe Biden,DEM,474,False
North Dakota,Dickey County,Donald Trump,REP,1742,True
North Dakota,Dickey County,Joe Biden,DEM,608,False
North Dakota,Divide County,Donald Trump,REP,904,True
North Dakota,Divide County,Joe Biden,DEM,265,False
North Dakota,Dunn County,Donald Trump,REP,1951,True
North Dakota,Dunn County,Joe Biden,DEM,342,False
North Dakota,Eddy County,Donald Trump,REP,854,True
North Dakota,Eddy County,Joe Biden,DEM,383,False
North Dakota,Emmons County,Donald Trump,REP,1738,True
North Dakota,Emmons County,Joe Biden,DEM,237,False
North Dakota,Foster County,Donald Trump,REP,1362,True
North Dakota,Foster County,Joe Biden,DEM,373,False
North Dakota,Golden Valley County,Donald Trump,REP,871,True
North Dakota,Golden Valley County,Joe Biden,DEM,137,False
North Dakota,Grand Forks County,Donald Trump,REP,16987,True
North Dakota,Grand Forks County,Joe Biden,DEM,12880,False
North Dakota,Grant County,Donald Trump,REP,1145,True
North Dakota,Grant County,Joe Biden,DEM,207,False
North Dakota,Griggs County,Donald Trump,REP,907,True
North Dakota,Griggs County,Joe Biden,DEM,308,False
North Dakota,Hettinger County,Donald Trump,REP,1091,True
North Dakota,Hettinger County,Joe Biden,DEM,196,False
North Dakota,Kidder County,Donald Trump,REP,1215,True
North Dakota,Kidder County,Joe Biden,DEM,221,False
North Dakota,LaMoure County,Donald Trump,REP,1645,True
North Dakota,LaMoure County,Joe Biden,DEM,527,False
North Dakota,Logan County,Donald Trump,REP,930,True
North Dakota,Logan County,Joe Biden,DEM,128,False
North Dakota,McHenry County,Donald Trump,REP,2364,True
North Dakota,McHenry County,Joe Biden,DEM,564,False
North Dakota,McIntosh County,Donald Trump,REP,1153,True
North Dakota,McIntosh County,Joe Biden,DEM,261,False
North Dakota,McKenzie County,Donald Trump,REP,4482,True
North Dakota,McKenzie County,Joe Biden,DEM,814,False
North Dakota,McLean County,Donald Trump,REP,4198,True
North Dakota,McLean County,Joe Biden,DEM,1230,False
North Dakota,Mercer County,Donald Trump,REP,3856,True
North Dakota,Mercer County,Joe Biden,DEM,704,False
North Dakota,Morton County,Donald Trump,REP,12243,True
North Dakota,Morton County,Joe Biden,DEM,3872,False
North Dakota,Mountrail County,Donald Trump,REP,2824,True
North Dakota,Mountrail County,Joe Biden,DEM,1256,False
North Dakota,Nelson County,Donald Trump,REP,1141,True
North Dakota,Nelson County,Joe Biden,DEM,586,False
North Dakota,Oliver County,Donald Trump,REP,918,True
North Dakota,Oliver County,Joe Biden,DEM,129,False
North Dakota,Pembina County,Donald Trump,REP,2460,True
North Dakota,Pembina County,Joe Biden,DEM,786,False
North Dakota,Pierce County,Donald Trump,REP,1585,True
North Dakota,Pierce County,Joe Biden,DEM,497,False
North Dakota,Ramsey County,Donald Trump,REP,3577,True
North Dakota,Ramsey County,Joe Biden,DEM,1639,False
North Dakota,Ransom County,Donald Trump,REP,1418,True
North Dakota,Ransom County,Joe Biden,DEM,945,False
North Dakota,Renville County,Donald Trump,REP,1065,True
North Dakota,Renville County,Joe Biden,DEM,220,False
North Dakota,Richland County,Donald Trump,REP,5072,True
North Dakota,Richland County,Joe Biden,DEM,2510,False
North Dakota,Rolette County,Joe Biden,DEM,2482,True
North Dakota,Rolette County,Donald Trump,REP,1257,False
North Dakota,Sargent County,Donald Trump,REP,1266,True
North Dakota,Sargent County,Joe Biden,DEM,738,False
North Dakota,Sheridan County,Donald Trump,REP,688,True
North Dakota,Sheridan County,Joe Biden,DEM,104,False
North Dakota,Sioux County,Joe Biden,DEM,804,True
North Dakota,Sioux County,Donald Trump,REP,258,False
North Dakota,Slope County,Donald Trump,REP,380,True
North Dakota,Slope County,Joe Biden,DEM,44,False
North Dakota,Stark County,Donald Trump,REP,12110,True
North Dakota,Stark County,Joe Biden,DEM,2499,False
North Dakota,Steele County,Donald Trump,REP,652,True
North Dakota,Steele County,Joe Biden,DEM,392,False
North Dakota,Stutsman County,Donald Trump,REP,6994,True
North Dakota,Stutsman County,Joe Biden,DEM,2676,False
North Dakota,Towner County,Donald Trump,REP,830,True
North Dakota,Towner County,Joe Biden,DEM,317,False
North Dakota,Traill County,Donald Trump,REP,2522,True
North Dakota,Traill County,Joe Biden,DEM,1493,False
North Dakota,Walsh County,Donald Trump,REP,3324,True
North Dakota,Walsh County,Joe Biden,DEM,1333,False
North Dakota,Ward County,Donald Trump,REP,19974,True
North Dakota,Ward County,Joe Biden,DEM,7293,False
North Dakota,Wells County,Donald Trump,REP,1893,True
North Dakota,Wells County,Joe Biden,DEM,442,False
North Dakota,Williams County,Donald Trump,REP,11739,True
North Dakota,Williams County,Joe Biden,DEM,2169,False
Ohio,Adams County,Donald Trump,REP,9870,True
Ohio,Adams County,Joe Biden,DEM,2156,False
Ohio,Allen County,Donald Trump,REP,33116,True
Ohio,Allen County,Joe Biden,DEM,14149,False
Ohio,Ashland County,Donald Trump,REP,19407,True
Ohio,Ashland County,Joe Biden,DEM,6541,False
Ohio,Ashtabula County,Donald Trump,REP,26890,True
Ohio,Ashtabula County,Joe Biden,DEM,16497,False
Ohio,Athens County,Joe Biden,DEM,14772,True
Ohio,Athens County,Donald Trump,REP,10862,False
Ohio,Auglaize County,Donald Trump,REP,20798,True
Ohio,Auglaize County,Joe Biden,DEM,4651,False
Ohio,Belmont County,Donald Trump,REP,23560,True
Ohio,Belmont County,Joe Biden,DEM,9138,False
Ohio,Brown County,Donald Trump,REP,16480,True
Ohio,Brown County,Joe Biden,DEM,4380,False
Ohio,Butler County,Donald Trump,REP,114392,True
Ohio,Butler County,Joe Biden,DEM,69613,False
Ohio,Carroll County,Donald Trump,REP,10745,True
Ohio,Carroll County,Joe Biden,DEM,3251,False
Ohio,Champaign County,Donald Trump,REP,14589,True
Ohio,Champaign County,Joe Biden,DEM,5062,False
Ohio,Clark County,Donald Trump,REP,39032,True
Ohio,Clark County,Joe Biden,DEM,24076,False
Ohio,Clermont County,Donald Trump,REP,74570,True
Ohio,Clermont County,Joe Biden,DEM,34092,False
Ohio,Clinton County,Donald Trump,REP,15488,True
Ohio,Clinton County,Joe Biden,DEM,4697,False
Ohio,Columbiana County,Donald Trump,REP,35726,True
Ohio,Columbiana County,Joe Biden,DEM,13359,False
Ohio,Coshocton County,Donald Trump,REP,12325,True
Ohio,Coshocton County,Joe Biden,DEM,4125,False
Ohio,Crawford County,Donald Trump,REP,15436,True
Ohio,Crawford County,Joe Biden,DEM,4916,False
Ohio,Cuyahoga County,Joe Biden,DEM,416176,True
Ohio,Cuyahoga County,Donald Trump,REP,202699,False
Ohio,Darke County,Donald Trump,REP,22004,True
Ohio,Darke County,Joe Biden,DEM,4731,False
Ohio,Defiance County,Donald Trump,REP,13038,True
Ohio,Defiance County,Joe Biden,DEM,5981,False
Ohio,Delaware County,Donald Trump,REP,66356,True
Ohio,Delaware County,Joe Biden,DEM,57735,False
Ohio,Erie County,Donald Trump,REP,22160,True
Ohio,Erie County,Joe Biden,DEM,17493,False
Ohio,Fairfield County,Donald Trump,REP,50797,True
Ohio,Fairfield County,Joe Biden,DEM,31224,False
Ohio,Fayette County,Donald Trump,REP,9473,True
Ohio,Fayette County,Joe Biden,DEM,2975,False
Ohio,Franklin County,Joe Biden,DEM,409144,True
Ohio,Franklin County,Donald Trump,REP,211237,False
Ohio,Fulton County,Donald Trump,REP,15731,True
Ohio,Fulton County,Joe Biden,DEM,6664,False
Ohio,Gallia County,Donald Trump,REP,10645,True
Ohio,Gallia County,Joe Biden,DEM,2990,False
Ohio,Geauga County,Donald Trump,REP,34143,True
Ohio,Geauga County,Joe Biden,DEM,21201,False
Ohio,Greene County,Donald Trump,REP,52072,True
Ohio,Greene County,Joe Biden,DEM,34798,False
Ohio,Guernsey County,Donald Trump,REP,13407,True
Ohio,Guernsey County,Joe Biden,DEM,4577,False
Ohio,Hamilton County,Joe Biden,DEM,246266,True
Ohio,Hamilton County,Donald Trump,REP,177886,False
Ohio,Hancock County,Donald Trump,REP,26310,True
Ohio,Hancock County,Joe Biden,DEM,11757,False
Ohio,Hardin County,Donald Trump,REP,9949,True
Ohio,Hardin County,Joe Biden,DEM,3062,False
Ohio,Harrison County,Donald Trump,REP,5792,True
Ohio,Harrison County,Joe Biden,DEM,1768,False
Ohio,Henry County,Donald Trump,REP,10479,True
Ohio,Henry County,Joe Biden,DEM,4062,False
Ohio,Highland County,Donald Trump,REP,15678,True
Ohio,Highland County,Joe Biden,DEM,3799,False
Ohio,Hocking County,Donald Trump,REP,9737,True
Ohio,Hocking County,Joe Biden,DEM,3880,False
Ohio,Holmes County,Donald Trump,REP,10796,True
Ohio,Holmes County,Joe Biden,DEM,1994,False
Ohio,Huron County,Donald Trump,REP,18956,True
Ohio,Huron County,Joe Biden,DEM,7759,False
Ohio,Jackson County,Donald Trump,REP,11309,True
Ohio,Jackson County,Joe Biden,DEM,3311,False
Ohio,Jefferson County,Donald Trump,REP,22828,True
Ohio,Jefferson County,Joe Biden,DEM,10018,False
Ohio,Knox County,Donald Trump,REP,22340,True
Ohio,Knox County,Joe Biden,DEM,8589,False
Ohio,Lake County,Donald Trump,REP,73278,True
Ohio,Lake County,Joe Biden,DEM,55514,False
Ohio,Lawrence County,Donald Trump,REP,20306,True
Ohio,Lawrence County,Joe Biden,DEM,7489,False
Ohio,Licking County,Donald Trump,REP,59514,True
Ohio,Licking County,Joe Biden,DEM,33055,False
Ohio,Logan County,Donald Trump,REP,17964,True
Ohio,Logan County,Joe Biden,DEM,5055,False
Ohio,Lorain County,Donald Trump,REP,79520,True
Ohio,Lorain County,Joe Biden,DEM,75667,False
Ohio,Lucas County,Joe Biden,DEM,115411,True
Ohio,Lucas County,Donald Trump,REP,81763,False
Ohio,Madison County,Donald Trump,REP,13835,True
Ohio,Madison County,Joe Biden,DEM,5698,False
Ohio,Mahoning County,Donald Trump,REP,59903,True
Ohio,Mahoning County,Joe Biden,DEM,57641,False
Ohio,Marion County,Donald Trump,REP,19023,True
Ohio,Marion County,Joe Biden,DEM,8269,False
Ohio,Medina County,Donald Trump,REP,64598,True
Ohio,Medina County,Joe Biden,DEM,39800,False
Ohio,Meigs County,Donald Trump,REP,8316,True
Ohio,Meigs County,Joe Biden,DEM,2492,False
Ohio,Mercer County,Donald Trump,REP,19452,True
Ohio,Mercer County,Joe Biden,DEM,4030,False
Ohio,Miami County,Donald Trump,REP,41371,True
Ohio,Miami County,Joe Biden,DEM,15663,False
Ohio,Monroe County,Donald Trump,REP,5463,True
Ohio,Monroe County,Joe Biden,DEM,1605,False
Ohio,Montgomery County,Joe Biden,DEM,135064,True
Ohio,Montgomery County,Donald Trump,REP,129034,False
Ohio,Morgan County,Donald Trump,REP,5041,True
Ohio,Morgan County,Joe Biden,DEM,1725,False
Ohio,Morrow County,Donald Trump,REP,14077,True
Ohio,Morrow County,Joe Biden,DEM,4048,False
Ohio,Muskingum County,Donald Trump,REP,27867,True
Ohio,Muskingum County,Joe Biden,DEM,11971,False
Ohio,Noble County,Donald Trump,REP,5135,True
Ohio,Noble County,Joe Biden,DEM,1170,False
Ohio,Ottawa County,Donald Trump,REP,14628,True
Ohio,Ottawa County,Joe Biden,DEM,9008,False
Ohio,Paulding County,Donald Trump,REP,7086,True
Ohio,Paulding County,Joe Biden,DEM,2213,False
Ohio,Perry County,Donald Trump,REP,12357,True
Ohio,Perry County,Joe Biden,DEM,4098,False
Ohio,Pickaway County,Donald Trump,REP,20593,True
Ohio,Pickaway County,Joe Biden,DEM,7304,False
Ohio,Pike County,Donald Trump,REP,9157,True
Ohio,Pike County,Joe Biden,DEM,3110,False
Ohio,Portage County,Donald Trump,REP,45990,True
Ohio,Portage County,Joe Biden,DEM,35661,False
Ohio,Preble County,Donald Trump,REP,17022,True
Ohio,Preble County,Joe Biden,DEM,4493,False
Ohio,Putnam County,Donald Trump,REP,16412,True
Ohio,Putnam County,Joe Biden,DEM,3195,False
Ohio,Richland County,Donald Trump,REP,41472,True
Ohio,Richland County,Joe Biden,DEM,17640,False
Ohio,Ross County,Donald Trump,REP,22278,True
Ohio,Ross County,Joe Biden,DEM,10557,False
Ohio,Sandusky County,Donald Trump,REP,18896,True
Ohio,Sandusky County,Joe Biden,DEM,10596,False
Ohio,Scioto County,Donald Trump,REP,22609,True
Ohio,Scioto County,Joe Biden,DEM,9080,False
Ohio,Seneca County,Donald Trump,REP,17086,True
Ohio,Seneca County,Joe Biden,DEM,8266,False
Ohio,Shelby County,Donald Trump,REP,20422,True
Ohio,Shelby County,Joe Biden,DEM,4465,False
Ohio,Stark County,Donald Trump,REP,111097,True
Ohio,Stark County,Joe Biden,DEM,75904,False
Ohio,Summit County,Joe Biden,DEM,151668,True
Ohio,Summit County,Donald Trump,REP,124833,False
Ohio,Trumbull County,Donald Trump,REP,55194,True
Ohio,Trumbull County,Joe Biden,DEM,44519,False
Ohio,Tuscarawas County,Donald Trump,REP,30458,True
Ohio,Tuscarawas County,Joe Biden,DEM,12889,False
Ohio,Union County,Donald Trump,REP,21669,True
Ohio,Union County,Joe Biden,DEM,11141,False
Ohio,Van Wert County,Donald Trump,REP,11650,True
Ohio,Van Wert County,Joe Biden,DEM,3067,False
Ohio,Vinton County,Donald Trump,REP,4632,True
Ohio,Vinton County,Joe Biden,DEM,1331,False
Ohio,Warren County,Donald Trump,REP,87988,True
Ohio,Warren County,Joe Biden,DEM,46069,False
Ohio,Washington County,Donald Trump,REP,22307,True
Ohio,Washington County,Joe Biden,DEM,9243,False
Ohio,Wayne County,Donald Trump,REP,36759,True
Ohio,Wayne County,Joe Biden,DEM,16660,False
Ohio,Williams County,Donald Trump,REP,13452,True
Ohio,Williams County,Joe Biden,DEM,4842,False
Ohio,Wood County,Donald Trump,REP,35757,True
Ohio,Wood County,Joe Biden,DEM,30617,False
Ohio,Wyandot County,Donald Trump,REP,8462,True
Ohio,Wyandot County,Joe Biden,DEM,2733,False
Oklahoma,Adair County,Donald Trump,REP,5585,True
Oklahoma,Adair County,Joe Biden,DEM,1387,False
Oklahoma,Alfalfa County,Donald Trump,REP,1978,True
Oklahoma,Alfalfa County,Joe Biden,DEM,232,False
Oklahoma,Atoka County,Donald Trump,REP,4557,True
Oklahoma,Atoka County,Joe Biden,DEM,765,False
Oklahoma,Beaver County,Donald Trump,REP,1968,True
Oklahoma,Beaver County,Joe Biden,DEM,190,False
Oklahoma,Beckham County,Donald Trump,REP,6767,True
Oklahoma,Beckham County,Joe Biden,DEM,1048,False
Oklahoma,Blaine County,Donald Trump,REP,3136,True
Oklahoma,Blaine County,Joe Biden,DEM,688,False
Oklahoma,Bryan County,Donald Trump,REP,12344,True
Oklahoma,Bryan County,Joe Biden,DEM,3323,False
Oklahoma,Caddo County,Donald Trump,REP,7013,True
Oklahoma,Caddo County,Joe Biden,DEM,2670,False
Oklahoma,Canadian County,Donald Trump,REP,43550,True
Oklahoma,Canadian County,Joe Biden,DEM,16742,False
Oklahoma,Carter County,Donald Trump,REP,14699,True
Oklahoma,Carter County,Joe Biden,DEM,4470,False
Oklahoma,Cherokee County,Donald Trump,REP,11223,True
Oklahoma,Cherokee County,Joe Biden,DEM,6027,False
Oklahoma,Choctaw County,Donald Trump,REP,4698,True
Oklahoma,Choctaw County,Joe Biden,DEM,1082,False
Oklahoma,Cimarron County,Donald Trump,REP,970,True
Oklahoma,Cimarron County,Joe Biden,DEM,70,False
Oklahoma,Cleveland County,Donald Trump,REP,66677,True
Oklahoma,Cleveland County,Joe Biden,DEM,49827,False
Oklahoma,Coal County,Donald Trump,REP,2091,True
Oklahoma,Coal County,Joe Biden,DEM,374,False
Oklahoma,Comanche County,Donald Trump,REP,20905,True
Oklahoma,Comanche County,Joe Biden,DEM,13747,False
Oklahoma,Cotton County,Donald Trump,REP,2117,True
Oklahoma,Cotton County,Joe Biden,DEM,393,False
Oklahoma,Craig County,Donald Trump,REP,4686,True
Oklahoma,Craig County,Joe Biden,DEM,1217,False
Oklahoma,Creek County,Donald Trump,REP,23294,True
Oklahoma,Creek County,Joe Biden,DEM,6577,False
Oklahoma,Custer County,Donald Trump,REP,8060,True
Oklahoma,Custer County,Joe Biden,DEM,2369,False
Oklahoma,Delaware County,Donald Trump,REP,13557,True
Oklahoma,Delaware County,Joe Biden,DEM,3472,False
Oklahoma,Dewey County,Donald Trump,REP,2124,True
Oklahoma,Dewey County,Joe Biden,DEM,214,False
Oklahoma,Ellis County,Donald Trump,REP,1688,True
Oklahoma,Ellis County,Joe Biden,DEM,162,False
Oklahoma,Garfield County,Donald Trump,REP,16970,True
Oklahoma,Garfield County,Joe Biden,DEM,4919,False
Oklahoma,Garvin County,Donald Trump,REP,8878,True
Oklahoma,Garvin County,Joe Biden,DEM,1865,False
Oklahoma,Grady County,Donald Trump,REP,18538,True
Oklahoma,Grady County,Joe Biden,DEM,4144,False
Oklahoma,Grant County,Donald Trump,REP,1916,True
Oklahoma,Grant County,Joe Biden,DEM,280,False
Oklahoma,Greer County,Donald Trump,REP,1605,True
Oklahoma,Greer County,Joe Biden,DEM,328,False
Oklahoma,Harmon County,Donald Trump,REP,747,True
Oklahoma,Harmon County,Joe Biden,DEM,177,False
Oklahoma,Harper County,Donald Trump,REP,1327,True
Oklahoma,Harper County,Joe Biden,DEM,136,False
Oklahoma,Haskell County,Donald Trump,REP,4165,True
Oklahoma,Haskell County,Joe Biden,DEM,783,False
Oklahoma,Hughes County,Donald Trump,REP,3875,True
Oklahoma,Hughes County,Joe Biden,DEM,919,False
Oklahoma,Jackson County,Donald Trump,REP,6392,True
Oklahoma,Jackson County,Joe Biden,DEM,1646,False
Oklahoma,Jefferson County,Donald Trump,REP,2026,True
Oklahoma,Jefferson County,Joe Biden,DEM,319,False
Oklahoma,Johnston County,Donald Trump,REP,3441,True
Oklahoma,Johnston County,Joe Biden,DEM,738,False
Oklahoma,Kay County,Donald Trump,REP,12834,True
Oklahoma,Kay County,Joe Biden,DEM,4040,False
Oklahoma,Kingfisher County,Donald Trump,REP,5521,True
Oklahoma,Kingfisher County,Joe Biden,DEM,854,False
Oklahoma,Kiowa County,Donald Trump,REP,2673,True
Oklahoma,Kiowa County,Joe Biden,DEM,699,False
Oklahoma,Latimer County,Donald Trump,REP,3437,True
Oklahoma,Latimer County,Joe Biden,DEM,762,False
Oklahoma,Le Flore County,Donald Trump,REP,15213,True
Oklahoma,Le Flore County,Joe Biden,DEM,3299,False
Oklahoma,Lincoln County,Donald Trump,REP,12013,True
Oklahoma,Lincoln County,Joe Biden,DEM,2609,False
Oklahoma,Logan County,Donald Trump,REP,15608,True
Oklahoma,Logan County,Joe Biden,DEM,5455,False
Oklahoma,Love County,Donald Trump,REP,3305,True
Oklahoma,Love County,Joe Biden,DEM,711,False
Oklahoma,McClain County,Donald Trump,REP,15295,True
Oklahoma,McClain County,Joe Biden,DEM,3582,False
Oklahoma,McCurtain County,Donald Trump,REP,9485,True
Oklahoma,McCurtain County,Joe Biden,DEM,1858,False
Oklahoma,McIntosh County,Donald Trump,REP,6172,True
Oklahoma,McIntosh County,Joe Biden,DEM,2031,False
Oklahoma,Major County,Donald Trump,REP,3084,True
Oklahoma,Major County,Joe Biden,DEM,320,False
Oklahoma,Marshall County,Donald Trump,REP,4891,True
Oklahoma,Marshall County,Joe Biden,DEM,1100,False
Oklahoma,Mayes County,Donald Trump,REP,12749,True
Oklahoma,Mayes County,Joe Biden,DEM,3581,False
Oklahoma,Murray County,Donald Trump,REP,4612,True
Oklahoma,Murray County,Joe Biden,DEM,1156,False
Oklahoma,Muskogee County,Donald Trump,REP,16526,True
Oklahoma,Muskogee County,Joe Biden,DEM,8027,False
Oklahoma,Noble County,Donald Trump,REP,3821,True
Oklahoma,Noble County,Joe Biden,DEM,1003,False
Oklahoma,Nowata County,Donald Trump,REP,3610,True
Oklahoma,Nowata County,Joe Biden,DEM,712,False
Oklahoma,Okfuskee County,Donald Trump,REP,3058,True
Oklahoma,Okfuskee County,Joe Biden,DEM,896,False
Oklahoma,Oklahoma County,Donald Trump,REP,145050,True
Oklahoma,Oklahoma County,Joe Biden,DEM,141724,False
Oklahoma,Okmulgee County,Donald Trump,REP,9668,True
Oklahoma,Okmulgee County,Joe Biden,DEM,4357,False
Oklahoma,Osage County,Donald Trump,REP,14121,True
Oklahoma,Osage County,Joe Biden,DEM,6002,False
Oklahoma,Ottawa County,Donald Trump,REP,8545,True
Oklahoma,Ottawa County,Joe Biden,DEM,2686,False
Oklahoma,Pawnee County,Donald Trump,REP,5267,True
Oklahoma,Pawnee County,Joe Biden,DEM,1363,False
Oklahoma,Payne County,Donald Trump,REP,17813,True
Oklahoma,Payne County,Joe Biden,DEM,10904,False
Oklahoma,Pittsburg County,Donald Trump,REP,13851,True
Oklahoma,Pittsburg County,Joe Biden,DEM,3768,False
Oklahoma,Pontotoc County,Donald Trump,REP,10805,True
Oklahoma,Pontotoc County,Joe Biden,DEM,4117,False
Oklahoma,Pottawatomie County,Donald Trump,REP,20240,True
Oklahoma,Pottawatomie County,Joe Biden,DEM,7275,False
Oklahoma,Pushmataha County,Donald Trump,REP,4016,True
Oklahoma,Pushmataha County,Joe Biden,DEM,668,False
Oklahoma,Roger Mills County,Donald Trump,REP,1629,True
Oklahoma,Roger Mills County,Joe Biden,DEM,168,False
Oklahoma,Rogers County,Donald Trump,REP,34031,True
Oklahoma,Rogers County,Joe Biden,DEM,9589,False
Oklahoma,Seminole County,Donald Trump,REP,6011,True
Oklahoma,Seminole County,Joe Biden,DEM,2150,False
Oklahoma,Sequoyah County,Donald Trump,REP,12113,True
Oklahoma,Sequoyah County,Joe Biden,DEM,3035,False
Oklahoma,Stephens County,Donald Trump,REP,15560,True
Oklahoma,Stephens County,Joe Biden,DEM,3154,False
Oklahoma,Texas County,Donald Trump,REP,4505,True
Oklahoma,Texas County,Joe Biden,DEM,894,False
Oklahoma,Tillman County,Donald Trump,REP,2076,True
Oklahoma,Tillman County,Joe Biden,DEM,597,False
Oklahoma,Tulsa County,Donald Trump,REP,150574,True
Oklahoma,Tulsa County,Joe Biden,DEM,108996,False
Oklahoma,Wagoner County,Donald Trump,REP,26165,True
Oklahoma,Wagoner County,Joe Biden,DEM,8464,False
Oklahoma,Washington County,Donald Trump,REP,17076,True
Oklahoma,Washington County,Joe Biden,DEM,5790,False
Oklahoma,Washita County,Donald Trump,REP,4086,True
Oklahoma,Washita County,Joe Biden,DEM,598,False
Oklahoma,Woods County,Donald Trump,REP,2993,True
Oklahoma,Woods County,Joe Biden,DEM,591,False
Oklahoma,Woodward County,Donald Trump,REP,6611,True
Oklahoma,Woodward County,Joe Biden,DEM,1005,False
Oregon,Baker County,Donald Trump,REP,7352,True
Oregon,Baker County,Joe Biden,DEM,2346,False
Oregon,Benton County,Joe Biden,DEM,35827,True
Oregon,Benton County,Donald Trump,REP,14878,False
Oregon,Clackamas County,Joe Biden,DEM,139043,True
Oregon,Clackamas County,Donald Trump,REP,110509,False
Oregon,Clatsop County,Joe Biden,DEM,12916,True
Oregon,Clatsop County,Donald Trump,REP,10218,False
Oregon,Columbia County,Donald Trump,REP,17150,True
Oregon,Columbia County,Joe Biden,DEM,13835,False
Oregon,Coos County,Donald Trump,REP,21829,True
Oregon,Coos County,Joe Biden,DEM,14243,False
Oregon,Crook County,Donald Trump,REP,11287,True
Oregon,Crook County,Joe Biden,DEM,3801,False
Oregon,Curry County,Donald Trump,REP,8484,True
Oregon,Curry County,Joe Biden,DEM,6058,False
Oregon,Deschutes County,Joe Biden,DEM,65962,True
Oregon,Deschutes County,Donald Trump,REP,55646,False
Oregon,Douglas County,Donald Trump,REP,43298,True
Oregon,Douglas County,Joe Biden,DEM,19160,False
Oregon,Gilliam County,Donald Trump,REP,834,True
Oregon,Gilliam County,Joe Biden,DEM,324,False
Oregon,Grant County,Donald Trump,REP,3545,True
Oregon,Grant County,Joe Biden,DEM,929,False
Oregon,Harney County,Donald Trump,REP,3475,True
Oregon,Harney County,Joe Biden,DEM,894,False
Oregon,Hood River County,Joe Biden,DEM,8764,True
Oregon,Hood River County,Donald Trump,REP,3955,False
Oregon,Jackson County,Donald Trump,REP,63869,True
Oregon,Jackson County,Joe Biden,DEM,59478,False
Oregon,Jefferson County,Donald Trump,REP,7189,True
Oregon,Jefferson County,Joe Biden,DEM,4393,False
Oregon,Josephine County,Donald Trump,REP,31751,True
Oregon,Josephine County,Joe Biden,DEM,18451,False
Oregon,Klamath County,Donald Trump,REP,25308,True
Oregon,Klamath County,Joe Biden,DEM,10388,False
Oregon,Lake County,Donald Trump,REP,3470,True
Oregon,Lake County,Joe Biden,DEM,792,False
Oregon,Lane County,Joe Biden,DEM,134366,True
Oregon,Lane County,Donald Trump,REP,80336,False
Oregon,Lincoln County,Joe Biden,DEM,17385,True
Oregon,Lincoln County,Donald Trump,REP,12460,False
Oregon,Linn County,Donald Trump,REP,43486,True
Oregon,Linn County,Joe Biden,DEM,26512,False
Oregon,Malheur County,Donald Trump,REP,8187,True
Oregon,Malheur County,Joe Biden,DEM,3260,False
Oregon,Marion County,Joe Biden,DEM,80872,True
Oregon,Marion County,Donald Trump,REP,79002,False
Oregon,Morrow County,Donald Trump,REP,3586,True
Oregon,Morrow County,Joe Biden,DEM,1371,False
Oregon,Multnomah County,Joe Biden,DEM,367249,True
Oregon,Multnomah County,Donald Trump,REP,82995,False
Oregon,Polk County,Donald Trump,REP,23732,True
Oregon,Polk County,Joe Biden,DEM,22917,False
Oregon,Sherman County,Donald Trump,REP,921,True
Oregon,Sherman County,Joe Biden,DEM,260,False
Oregon,Tillamook County,Donald Trump,REP,8354,True
Oregon,Tillamook County,Joe Biden,DEM,8066,False
Oregon,Umatilla County,Donald Trump,REP,21270,True
Oregon,Umatilla County,Joe Biden,DEM,10707,False
Oregon,Union County,Donald Trump,REP,10298,True
Oregon,Union County,Joe Biden,DEM,4254,False
Oregon,Wallowa County,Donald Trump,REP,3404,True
Oregon,Wallowa County,Joe Biden,DEM,1625,False
Oregon,Wasco County,Donald Trump,REP,7035,True
Oregon,Wasco County,Joe Biden,DEM,6604,False
Oregon,Washington County,Joe Biden,DEM,209940,True
Oregon,Washington County,Donald Trump,REP,99073,False
Oregon,Wheeler County,Donald Trump,REP,711,True
Oregon,Wheeler County,Joe Biden,DEM,217,False
Oregon,Yamhill County,Donald Trump,REP,29551,True
Oregon,Yamhill County,Joe Biden,DEM,27174,False
Pennsylvania,Adams County,Donald Trump,REP,37523,True
Pennsylvania,Adams County,Joe Biden,DEM,18207,False
Pennsylvania,Allegheny County,Joe Biden,DEM,430759,True
Pennsylvania,Allegheny County,Donald Trump,REP,282913,False
Pennsylvania,Armstrong County,Donald Trump,REP,27489,True
Pennsylvania,Armstrong County,Joe Biden,DEM,8457,False
Pennsylvania,Beaver County,Donald Trump,REP,54759,True
Pennsylvania,Beaver County,Joe Biden,DEM,38122,False
Pennsylvania,Bedford County,Donald Trump,REP,23025,True
Pennsylvania,Bedford County,Joe Biden,DEM,4367,False
Pennsylvania,Berks County,Donald Trump,REP,109736,True
Pennsylvania,Berks County,Joe Biden,DEM,92895,False
Pennsylvania,Blair County,Donald Trump,REP,45306,True
Pennsylvania,Blair County,Joe Biden,DEM,17636,False
Pennsylvania,Bradford County,Donald Trump,REP,21600,True
Pennsylvania,Bradford County,Joe Biden,DEM,8046,False
Pennsylvania,Bucks County,Joe Biden,DEM,204712,True
Pennsylvania,Bucks County,Donald Trump,REP,187367,False
Pennsylvania,Butler County,Donald Trump,REP,74359,True
Pennsylvania,Butler County,Joe Biden,DEM,37508,False
Pennsylvania,Cambria County,Donald Trump,REP,48085,True
Pennsylvania,Cambria County,Joe Biden,DEM,21730,False
Pennsylvania,Cameron County,Donald Trump,REP,1771,True
Pennsylvania,Cameron County,Joe Biden,DEM,634,False
Pennsylvania,Carbon County,Donald Trump,REP,21984,True
Pennsylvania,Carbon County,Joe Biden,DEM,11212,False
Pennsylvania,Centre County,Joe Biden,DEM,40055,True
Pennsylvania,Centre County,Donald Trump,REP,36372,False
Pennsylvania,Chester County,Joe Biden,DEM,182372,True
Pennsylvania,Chester County,Donald Trump,REP,128565,False
Pennsylvania,Clarion County,Donald Trump,REP,14578,True
Pennsylvania,Clarion County,Joe Biden,DEM,4678,False
Pennsylvania,Clearfield County,Donald Trump,REP,29203,True
Pennsylvania,Clearfield County,Joe Biden,DEM,9673,False
Pennsylvania,Clinton County,Donald Trump,REP,11902,True
Pennsylvania,Clinton County,Joe Biden,DEM,5502,False
Pennsylvania,Columbia County,Donald Trump,REP,20098,True
Pennsylvania,Columbia County,Joe Biden,DEM,10532,False
Pennsylvania,Crawford County,Donald Trump,REP,28559,True
Pennsylvania,Crawford County,Joe Biden,DEM,12924,False
Pennsylvania,Cumberland County,Donald Trump,REP,77212,True
Pennsylvania,Cumberland County,Joe Biden,DEM,62245,False
Pennsylvania,Dauphin County,Joe Biden,DEM,78983,True
Pennsylvania,Dauphin County,Donald Trump,REP,66408,False
Pennsylvania,Delaware County,Joe Biden,DEM,206423,True
Pennsylvania,Delaware County,Donald Trump,REP,118532,False
Pennsylvania,Elk County,Donald Trump,REP,12140,True
Pennsylvania,Elk County,Joe Biden,DEM,4522,False
Pennsylvania,Erie County,Joe Biden,DEM,68286,True
Pennsylvania,Erie County,Donald Trump,REP,66869,False
Pennsylvania,Fayette County,Donald Trump,REP,41227,True
Pennsylvania,Fayette County,Joe Biden,DEM,20444,False
Pennsylvania,Forest County,Donald Trump,REP,1882,True
Pennsylvania,Forest County,Joe Biden,DEM,728,False
Pennsylvania,Franklin County,Donald Trump,REP,57245,True
Pennsylvania,Franklin County,Joe Biden,DEM,22422,False
Pennsylvania,Fulton County,Donald Trump,REP,6824,True
Pennsylvania,Fulton County,Joe Biden,DEM,1085,False
Pennsylvania,Greene County,Donald Trump,REP,12579,True
Pennsylvania,Greene County,Joe Biden,DEM,4911,False
Pennsylvania,Huntingdon County,Donald Trump,REP,17061,True
Pennsylvania,Huntingdon County,Joe Biden,DEM,5445,False
Pennsylvania,Indiana County,Donald Trump,REP,28089,True
Pennsylvania,Indiana County,Joe Biden,DEM,12634,False
Pennsylvania,Jefferson County,Donald Trump,REP,17960,True
Pennsylvania,Jefferson County,Joe Biden,DEM,4527,False
Pennsylvania,Juniata County,Donald Trump,REP,9649,True
Pennsylvania,Juniata County,Joe Biden,DEM,2253,False
Pennsylvania,Lackawanna County,Joe Biden,DEM,61991,True
Pennsylvania,Lackawanna County,Donald Trump,REP,52334,False
Pennsylvania,Lancaster County,Donald Trump,REP,160209,True
Pennsylvania,Lancaster County,Joe Biden,DEM,115847,False
Pennsylvania,Lawrence County,Donald Trump,REP,29597,True
Pennsylvania,Lawrence County,Joe Biden,DEM,15978,False
Pennsylvania,Lebanon County,Donald Trump,REP,46731,True
Pennsylvania,Lebanon County,Joe Biden,DEM,23932,False
Pennsylvania,Lehigh County,Joe Biden,DEM,98288,True
Pennsylvania,Lehigh County,Donald Trump,REP,84259,False
Pennsylvania,Luzerne County,Donald Trump,REP,86929,True
Pennsylvania,Luzerne County,Joe Biden,DEM,64873,False
Pennsylvania,Lycoming County,Donald Trump,REP,41462,True
Pennsylvania,Lycoming County,Joe Biden,DEM,16971,False
Pennsylvania,McKean County,Donald Trump,REP,14083,True
Pennsylvania,McKean County,Joe Biden,DEM,5098,False
Pennsylvania,Mercer County,Donald Trump,REP,36143,True
Pennsylvania,Mercer County,Joe Biden,DEM,21067,False
Pennsylvania,Mifflin County,Donald Trump,REP,16670,True
Pennsylvania,Mifflin County,Joe Biden,DEM,4603,False
Pennsylvania,Monroe County,Joe Biden,DEM,44060,True
Pennsylvania,Monroe County,Donald Trump,REP,38726,False
Pennsylvania,Montgomery County,Joe Biden,DEM,319511,True
Pennsylvania,Montgomery County,Donald Trump,REP,185460,False
Pennsylvania,Montour County,Donald Trump,REP,5844,True
Pennsylvania,Montour County,Joe Biden,DEM,3771,False
Pennsylvania,Northampton County,Joe Biden,DEM,85087,True
Pennsylvania,Northampton County,Donald Trump,REP,83854,False
Pennsylvania,Northumberland County,Donald Trump,REP,28952,True
Pennsylvania,Northumberland County,Joe Biden,DEM,12677,False
Pennsylvania,Perry County,Donald Trump,REP,18293,True
Pennsylvania,Perry County,Joe Biden,DEM,5950,False
Pennsylvania,Philadelphia County,Joe Biden,DEM,603790,True
Pennsylvania,Philadelphia County,Donald Trump,REP,132740,False
Pennsylvania,Pike County,Donald Trump,REP,19213,True
Pennsylvania,Pike County,Joe Biden,DEM,13019,False
Pennsylvania,Potter County,Donald Trump,REP,7239,True
Pennsylvania,Potter County,Joe Biden,DEM,1726,False
Pennsylvania,Schuylkill County,Donald Trump,REP,48871,True
Pennsylvania,Schuylkill County,Joe Biden,DEM,20727,False
Pennsylvania,Snyder County,Donald Trump,REP,13983,True
Pennsylvania,Snyder County,Joe Biden,DEM,4910,False
Pennsylvania,Somerset County,Donald Trump,REP,31466,True
Pennsylvania,Somerset County,Joe Biden,DEM,8654,False
Pennsylvania,Sullivan County,Donald Trump,REP,2619,True
Pennsylvania,Sullivan County,Joe Biden,DEM,921,False
Pennsylvania,Susquehanna County,Donald Trump,REP,15207,True
Pennsylvania,Susquehanna County,Joe Biden,DEM,6236,False
Pennsylvania,Tioga County,Donald Trump,REP,15742,True
Pennsylvania,Tioga County,Joe Biden,DEM,4955,False
Pennsylvania,Union County,Donald Trump,REP,12356,True
Pennsylvania,Union County,Joe Biden,DEM,7475,False
Pennsylvania,Venango County,Donald Trump,REP,18569,True
Pennsylvania,Venango County,Joe Biden,DEM,7585,False
Pennsylvania,Warren County,Donald Trump,REP,14237,True
Pennsylvania,Warren County,Joe Biden,DEM,6066,False
Pennsylvania,Washington County,Donald Trump,REP,72080,True
Pennsylvania,Washington County,Joe Biden,DEM,45088,False
Pennsylvania,Wayne County,Donald Trump,REP,18637,True
Pennsylvania,Wayne County,Joe Biden,DEM,9191,False
Pennsylvania,Westmoreland County,Donald Trump,REP,130218,True
Pennsylvania,Westmoreland County,Joe Biden,DEM,72129,False
Pennsylvania,Wyoming County,Donald Trump,REP,9936,True
Pennsylvania,Wyoming County,Joe Biden,DEM,4704,False
Pennsylvania,York County,Donald Trump,REP,146733,True
Pennsylvania,York County,Joe Biden,DEM,88114,False
Rhode Island,East Providence,Joe Biden,DEM,14735,True
Rhode Island,East Providence,Donald Trump,REP,7930,False
Rhode Island,Exeter,Donald Trump,REP,2009,True
Rhode Island,Exeter,Joe Biden,DEM,1974,False
Rhode Island,Foster,Donald Trump,REP,1582,True
Rhode Island,Foster,Joe Biden,DEM,1224,False
Rhode Island,Glocester,Donald Trump,REP,3351,True
Rhode Island,Glocester,Joe Biden,DEM,2638,False
Rhode Island,Hopkinton,Donald Trump,REP,2423,True
Rhode Island,Hopkinton,Joe Biden,DEM,2298,False
Rhode Island,Jamestown,Joe Biden,DEM,2795,True
Rhode Island,Jamestown,Donald Trump,REP,1212,False
Rhode Island,Johnston,Donald Trump,REP,8222,True
Rhode Island,Johnston,Joe Biden,DEM,6838,False
Rhode Island,Lincoln,Joe Biden,DEM,6633,True
Rhode Island,Lincoln,Donald Trump,REP,5779,False
Rhode Island,Little Compton,Joe Biden,DEM,1524,True
Rhode Island,Little Compton,Donald Trump,REP,951,False
Rhode Island,Middletown,Joe Biden,DEM,5529,True
Rhode Island,Middletown,Donald Trump,REP,2885,False
Rhode Island,Barrington,Joe Biden,DEM,7713,True
Rhode Island,Barrington,Donald Trump,REP,2889,False
Rhode Island,Narragansett,Joe Biden,DEM,5333,True
Rhode Island,Narragansett,Donald Trump,REP,3551,False
Rhode Island,Newport,Joe Biden,DEM,7866,True
Rhode Island,Newport,Donald Trump,REP,2662,False
Rhode Island,New Shoreham,Joe Biden,DEM,748,True
Rhode Island,New Shoreham,Donald Trump,REP,195,False
Rhode Island,North Kingstown,Joe Biden,DEM,10534,True
Rhode Island,North Kingstown,Donald Trump,REP,6633,False
Rhode Island,North Providence,Joe Biden,DEM,9438,True
Rhode Island,North Providence,Donald Trump,REP,7129,False
Rhode Island,North Smithfield,Donald Trump,REP,3550,True
Rhode Island,North Smithfield,Joe Biden,DEM,3507,False
Rhode Island,Pawtucket,Joe Biden,DEM,18053,True
Rhode Island,Pawtucket,Donald Trump,REP,7257,False
Rhode Island,Portsmouth,Joe Biden,DEM,6649,True
Rhode Island,Portsmouth,Donald Trump,REP,3995,False
Rhode Island,Providence,Joe Biden,DEM,45941,True
Rhode Island,Providence,Donald Trump,REP,10186,False
Rhode Island,Richmond,Joe Biden,DEM,2346,True
Rhode Island,Richmond,Donald Trump,REP,2343,False
Rhode Island,Bristol,Joe Biden,DEM,6813,True
Rhode Island,Bristol,Donald Trump,REP,4595,False
Rhode Island,Scituate,Donald Trump,REP,3806,True
Rhode Island,Scituate,Joe Biden,DEM,2735,False
Rhode Island,Smithfield,Donald Trump,REP,5744,True
Rhode Island,Smithfield,Joe Biden,DEM,5566,False
Rhode Island,South Kingstown,Joe Biden,DEM,11254,True
Rhode Island,South Kingstown,Donald Trump,REP,5003,False
Rhode Island,Tiverton,Joe Biden,DEM,5123,True
Rhode Island,Tiverton,Donald Trump,REP,4017,False
Rhode Island,Warren,Joe Biden,DEM,3524,True
Rhode Island,Warren,Donald Trump,REP,2261,False
Rhode Island,Warwick,Joe Biden,DEM,25845,True
Rhode Island,Warwick,Donald Trump,REP,19578,False
Rhode Island,Westerly,Joe Biden,DEM,7153,True
Rhode Island,Westerly,Donald Trump,REP,5463,False
Rhode Island,West Greenwich,Donald Trump,REP,2242,True
Rhode Island,West Greenwich,Joe Biden,DEM,1693,False
Rhode Island,West Warwick,Joe Biden,DEM,7234,True
Rhode Island,West Warwick,Donald Trump,REP,6493,False
Rhode Island,Woonsocket,Joe Biden,DEM,7289,True
Rhode Island,Woonsocket,Donald Trump,REP,6265,False
Rhode Island,Burrillville,Donald Trump,REP,4906,True
Rhode Island,Burrillville,Joe Biden,DEM,3434,False
Rhode Island,Central Falls,Joe Biden,DEM,3073,True
Rhode Island,Central Falls,Donald Trump,REP,1113,False
Rhode Island,Charlestown,Joe Biden,DEM,2909,True
Rhode Island,Charlestown,Donald Trump,REP,2198,False
Rhode Island,Coventry,Donald Trump,REP,10461,True
Rhode Island,Coventry,Joe Biden,DEM,9123,False
Rhode Island,Cranston,Joe Biden,DEM,23039,True
Rhode Island,Cranston,Donald Trump,REP,17313,False
Rhode Island,Cumberland,Joe Biden,DEM,10869,True
Rhode Island,Cumberland,Donald Trump,REP,8418,False
Rhode Island,East Greenwich,Joe Biden,DEM,5218,True
Rhode Island,East Greenwich,Donald Trump,REP,3227,False
South Carolina,Abbeville County,Donald Trump,REP,8215,True
South Carolina,Abbeville County,Joe Biden,DEM,4101,False
South Carolina,Aiken County,Donald Trump,REP,51589,True
South Carolina,Aiken County,Joe Biden,DEM,32275,False
South Carolina,Allendale County,Joe Biden,DEM,2718,True
South Carolina,Allendale County,Donald Trump,REP,835,False
South Carolina,Anderson County,Donald Trump,REP,67565,True
South Carolina,Anderson County,Joe Biden,DEM,27169,False
South Carolina,Bamberg County,Joe Biden,DEM,4010,True
South Carolina,Bamberg County,Donald Trump,REP,2417,False
South Carolina,Barnwell County,Donald Trump,REP,5492,True
South Carolina,Barnwell County,Joe Biden,DEM,4720,False
South Carolina,Beaufort County,Donald Trump,REP,53194,True
South Carolina,Beaufort County,Joe Biden,DEM,43419,False
South Carolina,Berkeley County,Donald Trump,REP,57397,True
South Carolina,Berkeley County,Joe Biden,DEM,45223,False
South Carolina,Calhoun County,Donald Trump,REP,4305,True
South Carolina,Calhoun County,Joe Biden,DEM,3905,False
South Carolina,Charleston County,Joe Biden,DEM,121485,True
South Carolina,Charleston County,Donald Trump,REP,93297,False
South Carolina,Cherokee County,Donald Trump,REP,18043,True
South Carolina,Cherokee County,Joe Biden,DEM,6983,False
South Carolina,Chester County,Donald Trump,REP,8660,True
South Carolina,Chester County,Joe Biden,DEM,6941,False
South Carolina,Chesterfield County,Donald Trump,REP,11297,True
South Carolina,Chesterfield County,Joe Biden,DEM,7431,False
South Carolina,Clarendon County,Donald Trump,REP,8361,True
South Carolina,Clarendon County,Joe Biden,DEM,8250,False
South Carolina,Colleton County,Donald Trump,REP,10440,True
South Carolina,Colleton County,Joe Biden,DEM,8602,False
South Carolina,Darlington County,Donald Trump,REP,16832,True
South Carolina,Darlington County,Joe Biden,DEM,15220,False
South Carolina,Dillon County,Donald Trump,REP,6582,True
South Carolina,Dillon County,Joe Biden,DEM,6436,False
South Carolina,Dorchester County,Donald Trump,REP,41913,True
South Carolina,Dorchester County,Joe Biden,DEM,33824,False
South Carolina,Edgefield County,Donald Trump,REP,8184,True
South Carolina,Edgefield County,Joe Biden,DEM,4953,False
South Carolina,Fairfield County,Joe Biden,DEM,7382,True
South Carolina,Fairfield County,Donald Trump,REP,4625,False
South Carolina,Florence County,Donald Trump,REP,32615,True
South Carolina,Florence County,Joe Biden,DEM,31153,False
South Carolina,Georgetown County,Donald Trump,REP,20487,True
South Carolina,Georgetown County,Joe Biden,DEM,15822,False
South Carolina,Greenville County,Donald Trump,REP,150021,True
South Carolina,Greenville County,Joe Biden,DEM,103030,False
South Carolina,Greenwood County,Donald Trump,REP,19431,True
South Carolina,Greenwood County,Joe Biden,DEM,12145,False
South Carolina,Hampton County,Joe Biden,DEM,5323,True
South Carolina,Hampton County,Donald Trump,REP,3906,False
South Carolina,Horry County,Donald Trump,REP,118821,True
South Carolina,Horry County,Joe Biden,DEM,59180,False
South Carolina,Jasper County,Joe Biden,DEM,7185,True
South Carolina,Jasper County,Donald Trump,REP,7078,False
South Carolina,Kershaw County,Donald Trump,REP,20471,True
South Carolina,Kershaw County,Joe Biden,DEM,12699,False
South Carolina,Lancaster County,Donald Trump,REP,30312,True
South Carolina,Lancaster County,Joe Biden,DEM,18937,False
South Carolina,Laurens County,Donald Trump,REP,20004,True
South Carolina,Laurens County,Joe Biden,DEM,10159,False
South Carolina,Lee County,Joe Biden,DEM,5329,True
South Carolina,Lee County,Donald Trump,REP,3008,False
South Carolina,Lexington County,Donald Trump,REP,92817,True
South Carolina,Lexington County,Joe Biden,DEM,49301,False
South Carolina,McCormick County,Donald Trump,REP,2958,True
South Carolina,McCormick County,Joe Biden,DEM,2687,False
South Carolina,Marion County,Joe Biden,DEM,8872,True
South Carolina,Marion County,Donald Trump,REP,5711,False
South Carolina,Marlboro County,Joe Biden,DEM,6290,True
South Carolina,Marlboro County,Donald Trump,REP,5044,False
South Carolina,Newberry County,Donald Trump,REP,11443,True
South Carolina,Newberry County,Joe Biden,DEM,6958,False
South Carolina,Oconee County,Donald Trump,REP,29698,True
South Carolina,Oconee County,Joe Biden,DEM,10414,False
South Carolina,Orangeburg County,Joe Biden,DEM,27295,True
South Carolina,Orangeburg County,Donald Trump,REP,13603,False
South Carolina,Pickens County,Donald Trump,REP,42907,True
South Carolina,Pickens County,Joe Biden,DEM,13645,False
South Carolina,Richland County,Joe Biden,DEM,132570,True
South Carolina,Richland County,Donald Trump,REP,58313,False
South Carolina,Saluda County,Donald Trump,REP,6210,True
South Carolina,Saluda County,Joe Biden,DEM,2963,False
South Carolina,Spartanburg County,Donald Trump,REP,93560,True
South Carolina,Spartanburg County,Joe Biden,DEM,52926,False
South Carolina,Sumter County,Joe Biden,DEM,27379,True
South Carolina,Sumter County,Donald Trump,REP,21000,False
South Carolina,Union County,Donald Trump,REP,8183,True
South Carolina,Union County,Joe Biden,DEM,4935,False
South Carolina,Williamsburg County,Joe Biden,DEM,10289,True
South Carolina,Williamsburg County,Donald Trump,REP,5532,False
South Carolina,York County,Donald Trump,REP,82727,True
South Carolina,York County,Joe Biden,DEM,59008,False
South Dakota,Aurora County,Donald Trump,REP,1052,True
South Dakota,Aurora County,Joe Biden,DEM,317,False
South Dakota,Beadle County,Donald Trump,REP,4808,True
South Dakota,Beadle County,Joe Biden,DEM,2107,False
South Dakota,Bennett County,Donald Trump,REP,694,True
South Dakota,Bennett County,Joe Biden,DEM,466,False
South Dakota,Bon Homme County,Donald Trump,REP,2235,True
South Dakota,Bon Homme County,Joe Biden,DEM,721,False
South Dakota,Brookings County,Donald Trump,REP,8000,True
South Dakota,Brookings County,Joe Biden,DEM,6110,False
South Dakota,Brown County,Donald Trump,REP,10580,True
South Dakota,Brown County,Joe Biden,DEM,6538,False
South Dakota,Brule County,Donald Trump,REP,1750,True
South Dakota,Brule County,Joe Biden,DEM,673,False
South Dakota,Buffalo County,Joe Biden,DEM,352,True
South Dakota,Buffalo County,Donald Trump,REP,183,False
South Dakota,Butte County,Donald Trump,REP,3731,True
South Dakota,Butte County,Joe Biden,DEM,939,False
South Dakota,Campbell County,Donald Trump,REP,747,True
South Dakota,Campbell County,Joe Biden,DEM,117,False
South Dakota,Charles Mix County,Donald Trump,REP,2552,True
South Dakota,Charles Mix County,Joe Biden,DEM,1177,False
South Dakota,Clark County,Donald Trump,REP,1373,True
South Dakota,Clark County,Joe Biden,DEM,437,False
South Dakota,Clay County,Joe Biden,DEM,3083,True
South Dakota,Clay County,Donald Trump,REP,2456,False
South Dakota,Codington County,Donald Trump,REP,8958,True
South Dakota,Codington County,Joe Biden,DEM,3837,False
South Dakota,Corson County,Donald Trump,REP,647,True
South Dakota,Corson County,Joe Biden,DEM,622,False
South Dakota,Custer County,Donald Trump,REP,3852,True
South Dakota,Custer County,Joe Biden,DEM,1522,False
South Dakota,Davison County,Donald Trump,REP,5613,True
South Dakota,Davison County,Joe Biden,DEM,2648,False
South Dakota,Day County,Donald Trump,REP,1869,True
South Dakota,Day County,Joe Biden,DEM,1052,False
South Dakota,Deuel County,Donald Trump,REP,1699,True
South Dakota,Deuel County,Joe Biden,DEM,609,False
South Dakota,Dewey County,Joe Biden,DEM,1131,True
South Dakota,Dewey County,Donald Trump,REP,790,False
South Dakota,Douglas County,Donald Trump,REP,1468,True
South Dakota,Douglas County,Joe Biden,DEM,216,False
South Dakota,Edmunds County,Donald Trump,REP,1538,True
South Dakota,Edmunds County,Joe Biden,DEM,417,False
South Dakota,Fall River County,Donald Trump,REP,2878,True
South Dakota,Fall River County,Joe Biden,DEM,1053,False
South Dakota,Faulk County,Donald Trump,REP,964,True
South Dakota,Faulk County,Joe Biden,DEM,198,False
South Dakota,Grant County,Donald Trump,REP,2618,True
South Dakota,Grant County,Joe Biden,DEM,1056,False
South Dakota,Gregory County,Donald Trump,REP,1771,True
South Dakota,Gregory County,Joe Biden,DEM,455,False
South Dakota,Haakon County,Donald Trump,REP,1026,True
South Dakota,Haakon County,Joe Biden,DEM,105,False
South Dakota,Hamlin County,Donald Trump,REP,2372,True
South Dakota,Hamlin County,Joe Biden,DEM,647,False
South Dakota,Hand County,Donald Trump,REP,1433,True
South Dakota,Hand County,Joe Biden,DEM,373,False
South Dakota,Hanson County,Donald Trump,REP,1793,True
South Dakota,Hanson County,Joe Biden,DEM,557,False
South Dakota,Harding County,Donald Trump,REP,748,True
South Dakota,Harding County,Joe Biden,DEM,49,False
South Dakota,Hughes County,Donald Trump,REP,5522,True
South Dakota,Hughes County,Joe Biden,DEM,2953,False
South Dakota,Hutchinson County,Donald Trump,REP,2944,True
South Dakota,Hutchinson County,Joe Biden,DEM,762,False
South Dakota,Hyde County,Donald Trump,REP,564,True
South Dakota,Hyde County,Joe Biden,DEM,136,False
South Dakota,Jackson County,Donald Trump,REP,738,True
South Dakota,Jackson County,Joe Biden,DEM,359,False
South Dakota,Jerauld County,Donald Trump,REP,721,True
South Dakota,Jerauld County,Joe Biden,DEM,270,False
South Dakota,Jones County,Donald Trump,REP,498,True
South Dakota,Jones County,Joe Biden,DEM,90,False
South Dakota,Kingsbury County,Donald Trump,REP,1904,True
South Dakota,Kingsbury County,Joe Biden,DEM,819,False
South Dakota,Lake County,Donald Trump,REP,3681,True
South Dakota,Lake County,Joe Biden,DEM,2068,False
South Dakota,Lawrence County,Donald Trump,REP,8753,True
South Dakota,Lawrence County,Joe Biden,DEM,4537,False
South Dakota,Lincoln County,Donald Trump,REP,19617,True
South Dakota,Lincoln County,Joe Biden,DEM,11981,False
South Dakota,Lyman County,Donald Trump,REP,1042,True
South Dakota,Lyman County,Joe Biden,DEM,525,False
South Dakota,McCook County,Donald Trump,REP,2068,True
South Dakota,McCook County,Joe Biden,DEM,769,False
South Dakota,McPherson County,Donald Trump,REP,1075,True
South Dakota,McPherson County,Joe Biden,DEM,222,False
South Dakota,Marshall County,Donald Trump,REP,1287,True
South Dakota,Marshall County,Joe Biden,DEM,858,False
South Dakota,Meade County,Donald Trump,REP,9875,True
South Dakota,Meade County,Joe Biden,DEM,3285,False
South Dakota,Mellette County,Donald Trump,REP,449,True
South Dakota,Mellette County,Joe Biden,DEM,298,False
South Dakota,Miner County,Donald Trump,REP,787,True
South Dakota,Miner County,Joe Biden,DEM,320,False
South Dakota,Minnehaha County,Donald Trump,REP,49249,True
South Dakota,Minnehaha County,Joe Biden,DEM,40482,False
South Dakota,Moody County,Donald Trump,REP,1951,True
South Dakota,Moody County,Joe Biden,DEM,1179,False
South Dakota,Oglala Lakota County,Joe Biden,DEM,2829,True
South Dakota,Oglala Lakota County,Donald Trump,REP,297,False
South Dakota,Pennington County,Donald Trump,REP,35063,True
South Dakota,Pennington County,Joe Biden,DEM,20606,False
South Dakota,Perkins County,Donald Trump,REP,1401,True
South Dakota,Perkins County,Joe Biden,DEM,239,False
South Dakota,Potter County,Donald Trump,REP,1139,True
South Dakota,Potter County,Joe Biden,DEM,227,False
South Dakota,Roberts County,Donald Trump,REP,2404,True
South Dakota,Roberts County,Joe Biden,DEM,1828,False
South Dakota,Sanborn County,Donald Trump,REP,905,True
South Dakota,Sanborn County,Joe Biden,DEM,257,False
South Dakota,Spink County,Donald Trump,REP,2104,True
South Dakota,Spink County,Joe Biden,DEM,998,False
South Dakota,Stanley County,Donald Trump,REP,1203,True
South Dakota,Stanley County,Joe Biden,DEM,421,False
South Dakota,Sully County,Donald Trump,REP,726,True
South Dakota,Sully County,Joe Biden,DEM,185,False
South Dakota,Todd County,Joe Biden,DEM,1963,True
South Dakota,Todd County,Donald Trump,REP,532,False
South Dakota,Tripp County,Donald Trump,REP,2161,True
South Dakota,Tripp County,Joe Biden,DEM,495,False
South Dakota,Turner County,Donald Trump,REP,3290,True
South Dakota,Turner County,Joe Biden,DEM,1139,False
South Dakota,Union County,Donald Trump,REP,5944,True
South Dakota,Union County,Joe Biden,DEM,2725,False
South Dakota,Walworth County,Donald Trump,REP,1966,True
South Dakota,Walworth County,Joe Biden,DEM,565,False
South Dakota,Yankton County,Donald Trump,REP,6581,True
South Dakota,Yankton County,Joe Biden,DEM,4016,False
South Dakota,Ziebach County,Joe Biden,DEM,481,True
South Dakota,Ziebach County,Donald Trump,REP,404,False
Tennessee,Anderson County,Donald Trump,REP,23184,True
Tennessee,Anderson County,Joe Biden,DEM,11741,False
Tennessee,Bedford County,Donald Trump,REP,14354,True
Tennessee,Bedford County,Joe Biden,DEM,4453,False
Tennessee,Benton County,Donald Trump,REP,5668,True
Tennessee,Benton County,Joe Biden,DEM,1529,False
Tennessee,Bledsoe County,Donald Trump,REP,4725,True
Tennessee,Bledsoe County,Joe Biden,DEM,971,False
Tennessee,Blount County,Donald Trump,REP,47369,True
Tennessee,Blount County,Joe Biden,DEM,17932,False
Tennessee,Bradley County,Donald Trump,REP,35204,True
Tennessee,Bradley County,Joe Biden,DEM,9851,False
Tennessee,Campbell County,Donald Trump,REP,12331,True
Tennessee,Campbell County,Joe Biden,DEM,2441,False
Tennessee,Cannon County,Donald Trump,REP,5190,True
Tennessee,Cannon County,Joe Biden,DEM,1261,False
Tennessee,Carroll County,Donald Trump,REP,9205,True
Tennessee,Carroll County,Joe Biden,DEM,2559,False
Tennessee,Carter County,Donald Trump,REP,19584,True
Tennessee,Carter County,Joe Biden,DEM,4529,False
Tennessee,Cheatham County,Donald Trump,REP,14438,True
Tennessee,Cheatham County,Joe Biden,DEM,5514,False
Tennessee,Chester County,Donald Trump,REP,5952,True
Tennessee,Chester County,Joe Biden,DEM,1412,False
Tennessee,Claiborne County,Donald Trump,REP,10604,True
Tennessee,Claiborne County,Joe Biden,DEM,2202,False
Tennessee,Clay County,Donald Trump,REP,2733,True
Tennessee,Clay County,Joe Biden,DEM,735,False
Tennessee,Cocke County,Donald Trump,REP,12162,True
Tennessee,Cocke County,Joe Biden,DEM,2533,False
Tennessee,Coffee County,Donald Trump,REP,17883,True
Tennessee,Coffee County,Joe Biden,DEM,5705,False
Tennessee,Crockett County,Donald Trump,REP,4673,True
Tennessee,Crockett County,Joe Biden,DEM,1382,False
Tennessee,Cumberland County,Donald Trump,REP,25168,True
Tennessee,Cumberland County,Joe Biden,DEM,6728,False
Tennessee,Davidson County,Joe Biden,DEM,199703,True
Tennessee,Davidson County,Donald Trump,REP,100218,False
Tennessee,Decatur County,Donald Trump,REP,4229,True
Tennessee,Decatur County,Joe Biden,DEM,904,False
Tennessee,DeKalb County,Donald Trump,REP,6672,True
Tennessee,DeKalb County,Joe Biden,DEM,1750,False
Tennessee,Dickson County,Donald Trump,REP,17643,True
Tennessee,Dickson County,Joe Biden,DEM,6106,False
Tennessee,Dyer County,Donald Trump,REP,11768,True
Tennessee,Dyer County,Joe Biden,DEM,3158,False
Tennessee,Fayette County,Donald Trump,REP,15690,True
Tennessee,Fayette County,Joe Biden,DEM,7027,False
Tennessee,Fentress County,Donald Trump,REP,7441,True
Tennessee,Fentress County,Joe Biden,DEM,1214,False
Tennessee,Franklin County,Donald Trump,REP,13987,True
Tennessee,Franklin County,Joe Biden,DEM,4864,False
Tennessee,Gibson County,Donald Trump,REP,16259,True
Tennessee,Gibson County,Joe Biden,DEM,5771,False
Tennessee,Giles County,Donald Trump,REP,9784,True
Tennessee,Giles County,Joe Biden,DEM,3298,False
Tennessee,Grainger County,Donald Trump,REP,8565,True
Tennessee,Grainger County,Joe Biden,DEM,1467,False
Tennessee,Greene County,Donald Trump,REP,22259,True
Tennessee,Greene County,Joe Biden,DEM,5199,False
Tennessee,Grundy County,Donald Trump,REP,4802,True
Tennessee,Grundy County,Joe Biden,DEM,988,False
Tennessee,Hamblen County,Donald Trump,REP,18811,True
Tennessee,Hamblen County,Joe Biden,DEM,5500,False
Tennessee,Hamilton County,Donald Trump,REP,92108,True
Tennessee,Hamilton County,Joe Biden,DEM,75522,False
Tennessee,Hancock County,Donald Trump,REP,2372,True
Tennessee,Hancock County,Joe Biden,DEM,362,False
Tennessee,Hardeman County,Donald Trump,REP,5760,True
Tennessee,Hardeman County,Joe Biden,DEM,4180,False
Tennessee,Hardin County,Donald Trump,REP,9559,True
Tennessee,Hardin County,Joe Biden,DEM,1775,False
Tennessee,Hawkins County,Donald Trump,REP,20405,True
Tennessee,Hawkins County,Joe Biden,DEM,4083,False
Tennessee,Haywood County,Joe Biden,DEM,4012,True
Tennessee,Haywood County,Donald Trump,REP,3343,False
Tennessee,Henderson County,Donald Trump,REP,9797,True
Tennessee,Henderson County,Joe Biden,DEM,2092,False
Tennessee,Henry County,Donald Trump,REP,11239,True
Tennessee,Henry County,Joe Biden,DEM,3548,False
Tennessee,Hickman County,Donald Trump,REP,7577,True
Tennessee,Hickman County,Joe Biden,DEM,2130,False
Tennessee,Houston County,Donald Trump,REP,2718,True
Tennessee,Houston County,Joe Biden,DEM,871,False
Tennessee,Humphreys County,Donald Trump,REP,6120,True
Tennessee,Humphreys County,Joe Biden,DEM,2017,False
Tennessee,Jackson County,Donald Trump,REP,4118,True
Tennessee,Jackson County,Joe Biden,DEM,1135,False
Tennessee,Jefferson County,Donald Trump,REP,18651,True
Tennessee,Jefferson County,Joe Biden,DEM,4654,False
Tennessee,Johnson County,Donald Trump,REP,6468,True
Tennessee,Johnson County,Joe Biden,DEM,1246,False
Tennessee,Knox County,Donald Trump,REP,124540,True
Tennessee,Knox County,Joe Biden,DEM,91422,False
Tennessee,Lake County,Donald Trump,REP,1492,True
Tennessee,Lake County,Joe Biden,DEM,526,False
Tennessee,Lauderdale County,Donald Trump,REP,5674,True
Tennessee,Lauderdale County,Joe Biden,DEM,3193,False
Tennessee,Lawrence County,Donald Trump,REP,15334,True
Tennessee,Lawrence County,Joe Biden,DEM,3195,False
Tennessee,Lewis County,Donald Trump,REP,4474,True
Tennessee,Lewis County,Joe Biden,DEM,1072,False
Tennessee,Lincoln County,Donald Trump,REP,12281,True
Tennessee,Lincoln County,Joe Biden,DEM,2919,False
Tennessee,Loudon County,Donald Trump,REP,21713,True
Tennessee,Loudon County,Joe Biden,DEM,6948,False
Tennessee,McMinn County,Donald Trump,REP,18198,True
Tennessee,McMinn County,Joe Biden,DEM,4361,False
Tennessee,McNairy County,Donald Trump,REP,9093,True
Tennessee,McNairy County,Joe Biden,DEM,1943,False
Tennessee,Macon County,Donald Trump,REP,8096,True
Tennessee,Macon County,Joe Biden,DEM,1307,False
Tennessee,Madison County,Donald Trump,REP,23943,True
Tennessee,Madison County,Joe Biden,DEM,18390,False
Tennessee,Marion County,Donald Trump,REP,9911,True
Tennessee,Marion County,Joe Biden,DEM,3177,False
Tennessee,Marshall County,Donald Trump,REP,11043,True
Tennessee,Marshall County,Joe Biden,DEM,3605,False
Tennessee,Maury County,Donald Trump,REP,31464,True
Tennessee,Maury County,Joe Biden,DEM,14418,False
Tennessee,Meigs County,Donald Trump,REP,4467,True
Tennessee,Meigs County,Joe Biden,DEM,1008,False
Tennessee,Monroe County,Donald Trump,REP,16783,True
Tennessee,Monroe County,Joe Biden,DEM,3764,False
Tennessee,Montgomery County,Donald Trump,REP,42187,True
Tennessee,Montgomery County,Joe Biden,DEM,32472,False
Tennessee,Moore County,Donald Trump,REP,2888,True
Tennessee,Moore County,Joe Biden,DEM,573,False
Tennessee,Morgan County,Donald Trump,REP,6930,True
Tennessee,Morgan County,Joe Biden,DEM,1167,False
Tennessee,Obion County,Donald Trump,REP,10790,True
Tennessee,Obion County,Joe Biden,DEM,2589,False
Tennessee,Overton County,Donald Trump,REP,7918,True
Tennessee,Overton County,Joe Biden,DEM,2033,False
Tennessee,Perry County,Donald Trump,REP,2775,True
Tennessee,Perry County,Joe Biden,DEM,615,False
Tennessee,Pickett County,Donald Trump,REP,2381,True
Tennessee,Pickett County,Joe Biden,DEM,525,False
Tennessee,Polk County,Donald Trump,REP,6792,True
Tennessee,Polk County,Joe Biden,DEM,1492,False
Tennessee,Putnam County,Donald Trump,REP,23759,True
Tennessee,Putnam County,Joe Biden,DEM,9185,False
Tennessee,Rhea County,Donald Trump,REP,11050,True
Tennessee,Rhea County,Joe Biden,DEM,2369,False
Tennessee,Roane County,Donald Trump,REP,19230,True
Tennessee,Roane County,Joe Biden,DEM,6043,False
Tennessee,Robertson County,Donald Trump,REP,24536,True
Tennessee,Robertson County,Joe Biden,DEM,8692,False
Tennessee,Rutherford County,Donald Trump,REP,81480,True
Tennessee,Rutherford County,Joe Biden,DEM,59341,False
Tennessee,Scott County,Donald Trump,REP,8004,True
Tennessee,Scott County,Joe Biden,DEM,986,False
Tennessee,Sequatchie County,Donald Trump,REP,5855,True
Tennessee,Sequatchie County,Joe Biden,DEM,1298,False
Tennessee,Sevier County,Donald Trump,REP,33783,True
Tennessee,Sevier County,Joe Biden,DEM,8721,False
Tennessee,Shelby County,Joe Biden,DEM,246105,True
Tennessee,Shelby County,Donald Trump,REP,129815,False
Tennessee,Smith County,Donald Trump,REP,7136,True
Tennessee,Smith County,Joe Biden,DEM,1802,False
Tennessee,Stewart County,Donald Trump,REP,4950,True
Tennessee,Stewart County,Joe Biden,DEM,1232,False
Tennessee,Sullivan County,Donald Trump,REP,55860,True
Tennessee,Sullivan County,Joe Biden,DEM,17272,False
Tennessee,Sumner County,Donald Trump,REP,63454,True
Tennessee,Sumner County,Joe Biden,DEM,27680,False
Tennessee,Tipton County,Donald Trump,REP,20070,True
Tennessee,Tipton County,Joe Biden,DEM,6837,False
Tennessee,Trousdale County,Donald Trump,REP,2936,True
Tennessee,Trousdale County,Joe Biden,DEM,1012,False
Tennessee,Unicoi County,Donald Trump,REP,6599,True
Tennessee,Unicoi County,Joe Biden,DEM,1615,False
Tennessee,Union County,Donald Trump,REP,6803,True
Tennessee,Union County,Joe Biden,DEM,1249,False
Tennessee,Van Buren County,Donald Trump,REP,2342,True
Tennessee,Van Buren County,Joe Biden,DEM,544,False
Tennessee,Warren County,Donald Trump,REP,12323,True
Tennessee,Warren County,Joe Biden,DEM,4126,False
Tennessee,Washington County,Donald Trump,REP,40444,True
Tennessee,Washington County,Joe Biden,DEM,18638,False
Tennessee,Wayne County,Donald Trump,REP,5795,True
Tennessee,Wayne County,Joe Biden,DEM,820,False
Tennessee,Weakley County,Donald Trump,REP,10396,True
Tennessee,Weakley County,Joe Biden,DEM,3020,False
Tennessee,White County,Donald Trump,REP,9606,True
Tennessee,White County,Joe Biden,DEM,2143,False
Tennessee,Williamson County,Donald Trump,REP,86469,True
Tennessee,Williamson County,Joe Biden,DEM,50161,False
Tennessee,Wilson County,Donald Trump,REP,50296,True
Tennessee,Wilson County,Joe Biden,DEM,22254,False
Texas,Anderson County,Donald Trump,REP,15110,True
Texas,Anderson County,Joe Biden,DEM,3955,False
Texas,Andrews County,Donald Trump,REP,4943,True
Texas,Andrews County,Joe Biden,DEM,850,False
Texas,Angelina County,Donald Trump,REP,25076,True
Texas,Angelina County,Joe Biden,DEM,9143,False
Texas,Aransas County,Donald Trump,REP,9239,True
Texas,Aransas County,Joe Biden,DEM,2916,False
Texas,Archer County,Donald Trump,REP,4300,True
Texas,Archer County,Joe Biden,DEM,446,False
Texas,Armstrong County,Donald Trump,REP,1035,True
Texas,Armstrong County,Joe Biden,DEM,75,False
Texas,Atascosa County,Donald Trump,REP,12039,True
Texas,Atascosa County,Joe Biden,DEM,5876,False
Texas,Austin County,Donald Trump,REP,11447,True
Texas,Austin County,Joe Biden,DEM,2951,False
Texas,Bailey County,Donald Trump,REP,1434,True
Texas,Bailey County,Joe Biden,DEM,409,False
Texas,Bandera County,Donald Trump,REP,10057,True
Texas,Bandera County,Joe Biden,DEM,2505,False
Texas,Bastrop County,Donald Trump,REP,20516,True
Texas,Bastrop County,Joe Biden,DEM,15474,False
Texas,Baylor County,Donald Trump,REP,1494,True
Texas,Baylor County,Joe Biden,DEM,183,False
Texas,Bee County,Donald Trump,REP,6006,True
Texas,Bee County,Joe Biden,DEM,3288,False
Texas,Bell County,Donald Trump,REP,67893,True
Texas,Bell County,Joe Biden,DEM,57014,False
Texas,Bexar County,Joe Biden,DEM,448452,True
Texas,Bexar County,Donald Trump,REP,308618,False
Texas,Blanco County,Donald Trump,REP,5443,True
Texas,Blanco County,Joe Biden,DEM,1911,False
Texas,Borden County,Donald Trump,REP,397,True
Texas,Borden County,Joe Biden,DEM,16,False
Texas,Bosque County,Donald Trump,REP,7469,True
Texas,Bosque County,Joe Biden,DEM,1561,False
Texas,Bowie County,Donald Trump,REP,27116,True
Texas,Bowie County,Joe Biden,DEM,10747,False
Texas,Brazoria County,Donald Trump,REP,90433,True
Texas,Brazoria County,Joe Biden,DEM,62228,False
Texas,Brazos County,Donald Trump,REP,47530,True
Texas,Brazos County,Joe Biden,DEM,35349,False
Texas,Brewster County,Donald Trump,REP,2461,True
Texas,Brewster County,Joe Biden,DEM,2258,False
Texas,Briscoe County,Donald Trump,REP,639,True
Texas,Briscoe County,Joe Biden,DEM,78,False
Texas,Brooks County,Joe Biden,DEM,1470,True
Texas,Brooks County,Donald Trump,REP,998,False
Texas,Brown County,Donald Trump,REP,13698,True
Texas,Brown County,Joe Biden,DEM,2107,False
Texas,Burleson County,Donald Trump,REP,6743,True
Texas,Burleson County,Joe Biden,DEM,1788,False
Texas,Burnet County,Donald Trump,REP,18767,True
Texas,Burnet County,Joe Biden,DEM,5639,False
Texas,Caldwell County,Donald Trump,REP,8031,True
Texas,Caldwell County,Joe Biden,DEM,6672,False
Texas,Calhoun County,Donald Trump,REP,5641,True
Texas,Calhoun County,Joe Biden,DEM,2148,False
Texas,Callahan County,Donald Trump,REP,6012,True
Texas,Callahan County,Joe Biden,DEM,734,False
Texas,Cameron County,Joe Biden,DEM,64063,True
Texas,Cameron County,Donald Trump,REP,49032,False
Texas,Camp County,Donald Trump,REP,3626,True
Texas,Camp County,Joe Biden,DEM,1394,False
Texas,Carson County,Donald Trump,REP,2779,True
Texas,Carson County,Joe Biden,DEM,297,False
Texas,Cass County,Donald Trump,REP,11033,True
Texas,Cass County,Joe Biden,DEM,2795,False
Texas,Castro County,Donald Trump,REP,1602,True
Texas,Castro County,Joe Biden,DEM,466,False
Texas,Chambers County,Donald Trump,REP,17353,True
Texas,Chambers County,Joe Biden,DEM,3997,False
Texas,Cherokee County,Donald Trump,REP,15101,True
Texas,Cherokee County,Joe Biden,DEM,4210,False
Texas,Childress County,Donald Trump,REP,1943,True
Texas,Childress County,Joe Biden,DEM,310,False
Texas,Clay County,Donald Trump,REP,5069,True
Texas,Clay County,Joe Biden,DEM,614,False
Texas,Cochran County,Donald Trump,REP,809,True
Texas,Cochran County,Joe Biden,DEM,177,False
Texas,Coke County,Donald Trump,REP,1586,True
Texas,Coke County,Joe Biden,DEM,178,False
Texas,Coleman County,Donald Trump,REP,3641,True
Texas,Coleman County,Joe Biden,DEM,451,False
Texas,Collin County,Donald Trump,REP,252318,True
Texas,Collin County,Joe Biden,DEM,230945,False
Texas,Collingsworth County,Donald Trump,REP,1048,True
Texas,Collingsworth County,Joe Biden,DEM,155,False
Texas,Colorado County,Donald Trump,REP,7472,True
Texas,Colorado County,Joe Biden,DEM,2420,False
Texas,Comal County,Donald Trump,REP,62740,True
Texas,Comal County,Joe Biden,DEM,24826,False
Texas,Comanche County,Donald Trump,REP,5177,True
Texas,Comanche County,Joe Biden,DEM,853,False
Texas,Concho County,Donald Trump,REP,1058,True
Texas,Concho County,Joe Biden,DEM,197,False
Texas,Cooke County,Donald Trump,REP,15596,True
Texas,Cooke County,Joe Biden,DEM,3210,False
Texas,Coryell County,Donald Trump,REP,15438,True
Texas,Coryell County,Joe Biden,DEM,7565,False
Texas,Cottle County,Donald Trump,REP,540,True
Texas,Cottle County,Joe Biden,DEM,113,False
Texas,Crane County,Donald Trump,REP,1247,True
Texas,Crane County,Joe Biden,DEM,241,False
Texas,Crockett County,Donald Trump,REP,1220,True
Texas,Crockett County,Joe Biden,DEM,344,False
Texas,Crosby County,Donald Trump,REP,1396,True
Texas,Crosby County,Joe Biden,DEM,527,False
Texas,Culberson County,Joe Biden,DEM,438,True
Texas,Culberson County,Donald Trump,REP,415,False
Texas,Dallam County,Donald Trump,REP,1389,True
Texas,Dallam County,Joe Biden,DEM,197,False
Texas,Dallas County,Joe Biden,DEM,598576,True
Texas,Dallas County,Donald Trump,REP,307076,False
Texas,Dawson County,Donald Trump,REP,2951,True
Texas,Dawson County,Joe Biden,DEM,808,False
Texas,Deaf Smith County,Donald Trump,REP,3294,True
Texas,Deaf Smith County,Joe Biden,DEM,1264,False
Texas,Delta County,Donald Trump,REP,2162,True
Texas,Delta County,Joe Biden,DEM,403,False
Texas,Denton County,Donald Trump,REP,222480,True
Texas,Denton County,Joe Biden,DEM,188695,False
Texas,DeWitt County,Donald Trump,REP,6567,True
Texas,DeWitt County,Joe Biden,DEM,1494,False
Texas,Dickens County,Donald Trump,REP,853,True
Texas,Dickens County,Joe Biden,DEM,130,False
Texas,Dimmit County,Joe Biden,DEM,2264,True
Texas,Dimmit County,Donald Trump,REP,1384,False
Texas,Donley County,Donald Trump,REP,1438,True
Texas,Donley County,Joe Biden,DEM,198,False
Texas,Duval County,Joe Biden,DEM,2575,True
Texas,Duval County,Donald Trump,REP,2443,False
Texas,Eastland County,Donald Trump,REP,7237,True
Texas,Eastland County,Joe Biden,DEM,983,False
Texas,Ector County,Donald Trump,REP,32697,True
Texas,Ector County,Joe Biden,DEM,11367,False
Texas,Edwards County,Donald Trump,REP,893,True
Texas,Edwards County,Joe Biden,DEM,168,False
Texas,Ellis County,Donald Trump,REP,56717,True
Texas,Ellis County,Joe Biden,DEM,27565,False
Texas,El Paso County,Joe Biden,DEM,178126,True
Texas,El Paso County,Donald Trump,REP,84331,False
Texas,Erath County,Donald Trump,REP,13684,True
Texas,Erath County,Joe Biden,DEM,2916,False
Texas,Falls County,Donald Trump,REP,4177,True
Texas,Falls County,Joe Biden,DEM,1899,False
Texas,Fannin County,Donald Trump,REP,12171,True
Texas,Fannin County,Joe Biden,DEM,2655,False
Texas,Fayette County,Donald Trump,REP,10171,True
Texas,Fayette County,Joe Biden,DEM,2661,False
Texas,Fisher County,Donald Trump,REP,1448,True
Texas,Fisher County,Joe Biden,DEM,352,False
Texas,Floyd County,Donald Trump,REP,1584,True
Texas,Floyd County,Joe Biden,DEM,438,False
Texas,Foard County,Donald Trump,REP,445,True
Texas,Foard County,Joe Biden,DEM,99,False
Texas,Fort Bend County,Joe Biden,DEM,195552,True
Texas,Fort Bend County,Donald Trump,REP,157718,False
Texas,Franklin County,Donald Trump,REP,4161,True
Texas,Franklin County,Joe Biden,DEM,804,False
Texas,Freestone County,Donald Trump,REP,6991,True
Texas,Freestone County,Joe Biden,DEM,1635,False
Texas,Frio County,Donald Trump,REP,2823,True
Texas,Frio County,Joe Biden,DEM,2422,False
Texas,Gaines County,Donald Trump,REP,5355,True
Texas,Gaines County,Joe Biden,DEM,576,False
Texas,Galveston County,Donald Trump,REP,93911,True
Texas,Galveston County,Joe Biden,DEM,58842,False
Texas,Garza County,Donald Trump,REP,1413,True
Texas,Garza County,Joe Biden,DEM,231,False
Texas,Gillespie County,Donald Trump,REP,12514,True
Texas,Gillespie County,Joe Biden,DEM,3176,False
Texas,Glasscock County,Donald Trump,REP,611,True
Texas,Glasscock County,Joe Biden,DEM,39,False
Texas,Goliad County,Donald Trump,REP,3085,True
Texas,Goliad County,Joe Biden,DEM,877,False
Texas,Gonzales County,Donald Trump,REP,5627,True
Texas,Gonzales County,Joe Biden,DEM,1948,False
Texas,Gray County,Donald Trump,REP,6840,True
Texas,Gray County,Joe Biden,DEM,829,False
Texas,Grayson County,Donald Trump,REP,44163,True
Texas,Grayson County,Joe Biden,DEM,14506,False
Texas,Gregg County,Donald Trump,REP,32493,True
Texas,Gregg County,Joe Biden,DEM,14796,False
Texas,Grimes County,Donald Trump,REP,9432,True
Texas,Grimes County,Joe Biden,DEM,2833,False
Texas,Guadalupe County,Donald Trump,REP,47553,True
Texas,Guadalupe County,Joe Biden,DEM,28805,False
Texas,Hale County,Donald Trump,REP,7177,True
Texas,Hale County,Joe Biden,DEM,2279,False
Texas,Hall County,Donald Trump,REP,995,True
Texas,Hall County,Joe Biden,DEM,168,False
Texas,Hamilton County,Donald Trump,REP,3616,True
Texas,Hamilton County,Joe Biden,DEM,641,False
Texas,Hansford County,Donald Trump,REP,1849,True
Texas,Hansford County,Joe Biden,DEM,166,False
Texas,Hardeman County,Donald Trump,REP,1330,True
Texas,Hardeman County,Joe Biden,DEM,241,False
Texas,Hardin County,Donald Trump,REP,23858,True
Texas,Hardin County,Joe Biden,DEM,3474,False
Texas,Harris County,Joe Biden,DEM,918193,True
Texas,Harris County,Donald Trump,REP,700630,False
Texas,Harrison County,Donald Trump,REP,21466,True
Texas,Harrison County,Joe Biden,DEM,7908,False
Texas,Hartley County,Donald Trump,REP,1868,True
Texas,Hartley County,Joe Biden,DEM,195,False
Texas,Haskell County,Donald Trump,REP,1840,True
Texas,Haskell County,Joe Biden,DEM,353,False
Texas,Hays County,Joe Biden,DEM,59524,True
Texas,Hays County,Donald Trump,REP,47680,False
Texas,Hemphill County,Donald Trump,REP,1486,True
Texas,Hemphill County,Joe Biden,DEM,206,False
Texas,Henderson County,Donald Trump,REP,28911,True
Texas,Henderson County,Joe Biden,DEM,7060,False
Texas,Hidalgo County,Joe Biden,DEM,128199,True
Texas,Hidalgo County,Donald Trump,REP,90527,False
Texas,Hill County,Donald Trump,REP,11926,True
Texas,Hill County,Joe Biden,DEM,2860,False
Texas,Hockley County,Donald Trump,REP,6536,True
Texas,Hockley County,Joe Biden,DEM,1482,False
Texas,Hood County,Donald Trump,REP,26496,True
Texas,Hood County,Joe Biden,DEM,5648,False
Texas,Hopkins County,Donald Trump,REP,12719,True
Texas,Hopkins County,Joe Biden,DEM,3046,False
Texas,Houston County,Donald Trump,REP,7060,True
Texas,Houston County,Joe Biden,DEM,2314,False
Texas,Howard County,Donald Trump,REP,8054,True
Texas,Howard County,Joe Biden,DEM,2069,False
Texas,Hudspeth County,Donald Trump,REP,779,True
Texas,Hudspeth County,Joe Biden,DEM,371,False
Texas,Hunt County,Donald Trump,REP,29163,True
Texas,Hunt County,Joe Biden,DEM,8906,False
Texas,Hutchinson County,Donald Trump,REP,7681,True
Texas,Hutchinson County,Joe Biden,DEM,965,False
Texas,Irion County,Donald Trump,REP,759,True
Texas,Irion County,Joe Biden,DEM,120,False
Texas,Jack County,Donald Trump,REP,3418,True
Texas,Jack County,Joe Biden,DEM,331,False
Texas,Jackson County,Donald Trump,REP,5231,True
Texas,Jackson County,Joe Biden,DEM,1033,False
Texas,Jasper County,Donald Trump,REP,12542,True
Texas,Jasper County,Joe Biden,DEM,2954,False
Texas,Jeff Davis County,Donald Trump,REP,784,True
Texas,Jeff Davis County,Joe Biden,DEM,501,False
Texas,Jefferson County,Donald Trump,REP,47570,True
Texas,Jefferson County,Joe Biden,DEM,46073,False
Texas,Jim Hogg County,Joe Biden,DEM,1197,True
Texas,Jim Hogg County,Donald Trump,REP,833,False
Texas,Jim Wells County,Donald Trump,REP,7453,True
Texas,Jim Wells County,Joe Biden,DEM,6119,False
Texas,Johnson County,Donald Trump,REP,54628,True
Texas,Johnson County,Joe Biden,DEM,16464,False
Texas,Jones County,Donald Trump,REP,5660,True
Texas,Jones County,Joe Biden,DEM,999,False
Texas,Karnes County,Donald Trump,REP,3968,True
Texas,Karnes County,Joe Biden,DEM,1234,False
Texas,Kaufman County,Donald Trump,REP,37624,True
Texas,Kaufman County,Joe Biden,DEM,18405,False
Texas,Kendall County,Donald Trump,REP,20083,True
Texas,Kendall County,Joe Biden,DEM,6020,False
Texas,Kenedy County,Donald Trump,REP,127,True
Texas,Kenedy County,Joe Biden,DEM,65,False
Texas,Kent County,Donald Trump,REP,411,True
Texas,Kent County,Joe Biden,DEM,47,False
Texas,Kerr County,Donald Trump,REP,20879,True
Texas,Kerr County,Joe Biden,DEM,6524,False
Texas,Kimble County,Donald Trump,REP,1987,True
Texas,Kimble County,Joe Biden,DEM,284,False
Texas,King County,Donald Trump,REP,151,True
Texas,King County,Joe Biden,DEM,8,False
Texas,Kinney County,Donald Trump,REP,1144,True
Texas,Kinney County,Joe Biden,DEM,446,False
Texas,Kleberg County,Donald Trump,REP,5504,True
Texas,Kleberg County,Joe Biden,DEM,5314,False
Texas,Knox County,Donald Trump,REP,1180,True
Texas,Knox County,Joe Biden,DEM,265,False
Texas,Lamar County,Donald Trump,REP,16760,True
Texas,Lamar County,Joe Biden,DEM,4458,False
Texas,Lamb County,Donald Trump,REP,3521,True
Texas,Lamb County,Joe Biden,DEM,840,False
Texas,Lampasas County,Donald Trump,REP,8086,True
Texas,Lampasas County,Joe Biden,DEM,2144,False
Texas,La Salle County,Donald Trump,REP,1335,True
Texas,La Salle County,Joe Biden,DEM,1052,False
Texas,Lavaca County,Donald Trump,REP,8804,True
Texas,Lavaca County,Joe Biden,DEM,1333,False
Texas,Lee County,Donald Trump,REP,6255,True
Texas,Lee County,Joe Biden,DEM,1750,False
Texas,Leon County,Donald Trump,REP,7523,True
Texas,Leon County,Joe Biden,DEM,1072,False
Texas,Liberty County,Donald Trump,REP,23302,True
Texas,Liberty County,Joe Biden,DEM,5785,False
Texas,Limestone County,Donald Trump,REP,6789,True
Texas,Limestone County,Joe Biden,DEM,2213,False
Texas,Lipscomb County,Donald Trump,REP,1205,True
Texas,Lipscomb County,Joe Biden,DEM,131,False
Texas,Live Oak County,Donald Trump,REP,4199,True
Texas,Live Oak County,Joe Biden,DEM,819,False
Texas,Llano County,Donald Trump,REP,10079,True
Texas,Llano County,Joe Biden,DEM,2465,False
Texas,Loving County,Donald Trump,REP,60,True
Texas,Loving County,Joe Biden,DEM,4,False
Texas,Lubbock County,Donald Trump,REP,78861,True
Texas,Lubbock County,Joe Biden,DEM,40017,False
Texas,Lynn County,Donald Trump,REP,1853,True
Texas,Lynn County,Joe Biden,DEM,428,False
Texas,McCulloch County,Donald Trump,REP,2904,True
Texas,McCulloch County,Joe Biden,DEM,490,False
Texas,McLennan County,Donald Trump,REP,59543,True
Texas,McLennan County,Joe Biden,DEM,36688,False
Texas,McMullen County,Donald Trump,REP,460,True
Texas,McMullen County,Joe Biden,DEM,53,False
Texas,Madison County,Donald Trump,REP,4169,True
Texas,Madison County,Joe Biden,DEM,1088,False
Texas,Marion County,Donald Trump,REP,3470,True
Texas,Marion County,Joe Biden,DEM,1339,False
Texas,Martin County,Donald Trump,REP,1857,True
Texas,Martin County,Joe Biden,DEM,288,False
Texas,Mason County,Donald Trump,REP,1991,True
Texas,Mason County,Joe Biden,DEM,457,False
Texas,Matagorda County,Donald Trump,REP,9845,True
Texas,Matagorda County,Joe Biden,DEM,3733,False
Texas,Maverick County,Joe Biden,DEM,8332,True
Texas,Maverick County,Donald Trump,REP,6881,False
Texas,Medina County,Donald Trump,REP,15642,True
Texas,Medina County,Joe Biden,DEM,6773,False
Texas,Menard County,Donald Trump,REP,823,True
Texas,Menard County,Joe Biden,DEM,197,False
Texas,Midland County,Donald Trump,REP,45624,True
Texas,Midland County,Joe Biden,DEM,12329,False
Texas,Milam County,Donald Trump,REP,7984,True
Texas,Milam County,Joe Biden,DEM,2496,False
Texas,Mills County,Donald Trump,REP,2217,True
Texas,Mills County,Joe Biden,DEM,271,False
Texas,Mitchell County,Donald Trump,REP,2170,True
Texas,Mitchell County,Joe Biden,DEM,397,False
Texas,Montague County,Donald Trump,REP,8615,True
Texas,Montague County,Joe Biden,DEM,1097,False
Texas,Montgomery County,Donald Trump,REP,193382,True
Texas,Montgomery County,Joe Biden,DEM,74377,False
Texas,Moore County,Donald Trump,REP,4359,True
Texas,Moore County,Joe Biden,DEM,1062,False
Texas,Morris County,Donald Trump,REP,3872,True
Texas,Morris County,Joe Biden,DEM,1669,False
Texas,Motley County,Donald Trump,REP,604,True
Texas,Motley County,Joe Biden,DEM,46,False
Texas,Nacogdoches County,Donald Trump,REP,17378,True
Texas,Nacogdoches County,Joe Biden,DEM,9000,False
Texas,Navarro County,Donald Trump,REP,13800,True
Texas,Navarro County,Joe Biden,DEM,5101,False
Texas,Newton County,Donald Trump,REP,4882,True
Texas,Newton County,Joe Biden,DEM,1173,False
Texas,Nolan County,Donald Trump,REP,4131,True
Texas,Nolan County,Joe Biden,DEM,1162,False
Texas,Nueces County,Donald Trump,REP,64617,True
Texas,Nueces County,Joe Biden,DEM,60925,False
Texas,Ochiltree County,Donald Trump,REP,2812,True
Texas,Ochiltree County,Joe Biden,DEM,302,False
Texas,Oldham County,Donald Trump,REP,917,True
Texas,Oldham County,Joe Biden,DEM,81,False
Texas,Orange County,Donald Trump,REP,29186,True
Texas,Orange County,Joe Biden,DEM,6357,False
Texas,Palo Pinto County,Donald Trump,REP,10179,True
Texas,Palo Pinto County,Joe Biden,DEM,2178,False
Texas,Panola County,Donald Trump,REP,9326,True
Texas,Panola County,Joe Biden,DEM,2057,False
Texas,Parker County,Donald Trump,REP,62045,True
Texas,Parker County,Joe Biden,DEM,13017,False
Texas,Parmer County,Donald Trump,REP,2135,True
Texas,Parmer County,Joe Biden,DEM,488,False
Texas,Pecos County,Donald Trump,REP,3215,True
Texas,Pecos County,Joe Biden,DEM,1382,False
Texas,Polk County,Donald Trump,REP,18573,True
Texas,Polk County,Joe Biden,DEM,5387,False
Texas,Potter County,Donald Trump,REP,22820,True
Texas,Potter County,Joe Biden,DEM,9921,False
Texas,Presidio County,Joe Biden,DEM,1463,True
Texas,Presidio County,Donald Trump,REP,721,False
Texas,Rains County,Donald Trump,REP,5155,True
Texas,Rains County,Joe Biden,DEM,842,False
Texas,Randall County,Donald Trump,REP,50796,True
Texas,Randall County,Joe Biden,DEM,12802,False
Texas,Reagan County,Donald Trump,REP,942,True
Texas,Reagan County,Joe Biden,DEM,172,False
Texas,Real County,Donald Trump,REP,1643,True
Texas,Real County,Joe Biden,DEM,320,False
Texas,Red River County,Donald Trump,REP,4517,True
Texas,Red River County,Joe Biden,DEM,1246,False
Texas,Reeves County,Donald Trump,REP,2254,True
Texas,Reeves County,Joe Biden,DEM,1395,False
Texas,Refugio County,Donald Trump,REP,2210,True
Texas,Refugio County,Joe Biden,DEM,1108,False
Texas,Roberts County,Donald Trump,REP,529,True
Texas,Roberts County,Joe Biden,DEM,17,False
Texas,Robertson County,Donald Trump,REP,5646,True
Texas,Robertson County,Joe Biden,DEM,2374,False
Texas,Rockwall County,Donald Trump,REP,36726,True
Texas,Rockwall County,Joe Biden,DEM,16412,False
Texas,Runnels County,Donald Trump,REP,3807,True
Texas,Runnels County,Joe Biden,DEM,552,False
Texas,Rusk County,Donald Trump,REP,16534,True
Texas,Rusk County,Joe Biden,DEM,4629,False
Texas,Sabine County,Donald Trump,REP,4784,True
Texas,Sabine County,Joe Biden,DEM,669,False
Texas,San Augustine County,Donald Trump,REP,3007,True
Texas,San Augustine County,Joe Biden,DEM,980,False
Texas,San Jacinto County,Donald Trump,REP,10161,True
Texas,San Jacinto County,Joe Biden,DEM,2337,False
Texas,San Patricio County,Donald Trump,REP,16516,True
Texas,San Patricio County,Joe Biden,DEM,8988,False
Texas,San Saba County,Donald Trump,REP,2308,True
Texas,San Saba County,Joe Biden,DEM,287,False
Texas,Schleicher County,Donald Trump,REP,940,True
Texas,Schleicher County,Joe Biden,DEM,211,False
Texas,Scurry County,Donald Trump,REP,4983,True
Texas,Scurry County,Joe Biden,DEM,818,False
Texas,Shackelford County,Donald Trump,REP,1484,True
Texas,Shackelford County,Joe Biden,DEM,130,False
Texas,Shelby County,Donald Trump,REP,7975,True
Texas,Shelby County,Joe Biden,DEM,2068,False
Texas,Sherman County,Donald Trump,REP,886,True
Texas,Sherman County,Joe Biden,DEM,91,False
Texas,Smith County,Donald Trump,REP,69080,True
Texas,Smith County,Joe Biden,DEM,29615,False
Texas,Somervell County,Donald Trump,REP,4105,True
Texas,Somervell County,Joe Biden,DEM,768,False
Texas,Starr County,Joe Biden,DEM,9123,True
Texas,Starr County,Donald Trump,REP,8247,False
Texas,Stephens County,Donald Trump,REP,3385,True
Texas,Stephens County,Joe Biden,DEM,397,False
Texas,Sterling County,Donald Trump,REP,584,True
Texas,Sterling County,Joe Biden,DEM,51,False
Texas,Stonewall County,Donald Trump,REP,615,True
Texas,Stonewall County,Joe Biden,DEM,116,False
Texas,Sutton County,Donald Trump,REP,1222,True
Texas,Sutton County,Joe Biden,DEM,322,False
Texas,Swisher County,Donald Trump,REP,1845,True
Texas,Swisher County,Joe Biden,DEM,478,False
Texas,Tarrant County,Joe Biden,DEM,411567,True
Texas,Tarrant County,Donald Trump,REP,409741,False
Texas,Taylor County,Donald Trump,REP,39547,True
Texas,Taylor County,Joe Biden,DEM,14588,False
Texas,Terrell County,Donald Trump,REP,334,True
Texas,Terrell County,Joe Biden,DEM,119,False
Texas,Terry County,Donald Trump,REP,2812,True
Texas,Terry County,Joe Biden,DEM,757,False
Texas,Throckmorton County,Donald Trump,REP,806,True
Texas,Throckmorton County,Joe Biden,DEM,82,False
Texas,Titus County,Donald Trump,REP,7570,True
Texas,Titus County,Joe Biden,DEM,2856,False
Texas,Tom Green County,Donald Trump,REP,32313,True
Texas,Tom Green County,Joe Biden,DEM,12239,False
Texas,Travis County,Joe Biden,DEM,435860,True
Texas,Travis County,Donald Trump,REP,161337,False
Texas,Trinity County,Donald Trump,REP,5579,True
Texas,Trinity County,Joe Biden,DEM,1323,False
Texas,Tyler County,Donald Trump,REP,8194,True
Texas,Tyler County,Joe Biden,DEM,1403,False
Texas,Upshur County,Donald Trump,REP,15809,True
Texas,Upshur County,Joe Biden,DEM,2877,False
Texas,Upton County,Donald Trump,REP,1178,True
Texas,Upton County,Joe Biden,DEM,170,False
Texas,Uvalde County,Donald Trump,REP,6174,True
Texas,Uvalde County,Joe Biden,DEM,4073,False
Texas,Val Verde County,Donald Trump,REP,8284,True
Texas,Val Verde County,Joe Biden,DEM,6771,False
Texas,Van Zandt County,Donald Trump,REP,22270,True
Texas,Van Zandt County,Joe Biden,DEM,3516,False
Texas,Victoria County,Donald Trump,REP,23358,True
Texas,Victoria County,Joe Biden,DEM,10380,False
Texas,Walker County,Donald Trump,REP,15375,True
Texas,Walker County,Joe Biden,DEM,7884,False
Texas,Waller County,Donald Trump,REP,14260,True
Texas,Waller County,Joe Biden,DEM,8191,False
Texas,Ward County,Donald Trump,REP,3241,True
Texas,Ward County,Joe Biden,DEM,764,False
Texas,Washington County,Donald Trump,REP,12959,True
Texas,Washington County,Joe Biden,DEM,4261,False
Texas,Webb County,Joe Biden,DEM,41820,True
Texas,Webb County,Donald Trump,REP,25898,False
Texas,Wharton County,Donald Trump,REP,11926,True
Texas,Wharton County,Joe Biden,DEM,4694,False
Texas,Wheeler County,Donald Trump,REP,2159,True
Texas,Wheeler County,Joe Biden,DEM,168,False
Texas,Wichita County,Donald Trump,REP,32069,True
Texas,Wichita County,Joe Biden,DEM,13161,False
Texas,Wilbarger County,Donald Trump,REP,3524,True
Texas,Wilbarger County,Joe Biden,DEM,956,False
Texas,Willacy County,Joe Biden,DEM,3108,True
Texas,Willacy County,Donald Trump,REP,2441,False
Texas,Williamson County,Joe Biden,DEM,143795,True
Texas,Williamson County,Donald Trump,REP,139729,False
Texas,Wilson County,Donald Trump,REP,18463,True
Texas,Wilson County,Joe Biden,DEM,6350,False
Texas,Winkler County,Donald Trump,REP,1753,True
Texas,Winkler County,Joe Biden,DEM,358,False
Texas,Wise County,Donald Trump,REP,27032,True
Texas,Wise County,Joe Biden,DEM,4973,False
Texas,Wood County,Donald Trump,REP,19049,True
Texas,Wood County,Joe Biden,DEM,3509,False
Texas,Yoakum County,Donald Trump,REP,2174,True
Texas,Yoakum County,Joe Biden,DEM,420,False
Texas,Young County,Donald Trump,REP,7110,True
Texas,Young County,Joe Biden,DEM,1034,False
Texas,Zapata County,Donald Trump,REP,2033,True
Texas,Zapata County,Joe Biden,DEM,1826,False
Texas,Zavala County,Joe Biden,DEM,2864,True
Texas,Zavala County,Donald Trump,REP,1490,False
Utah,Beaver County,Donald Trump,REP,2695,True
Utah,Beaver County,Joe Biden,DEM,357,False
Utah,Box Elder County,Donald Trump,REP,21548,True
Utah,Box Elder County,Joe Biden,DEM,4473,False
Utah,Cache County,Donald Trump,REP,38032,True
Utah,Cache County,Joe Biden,DEM,16650,False
Utah,Carbon County,Donald Trump,REP,6693,True
Utah,Carbon County,Joe Biden,DEM,2392,False
Utah,Daggett County,Donald Trump,REP,496,True
Utah,Daggett County,Joe Biden,DEM,111,False
Utah,Davis County,Donald Trump,REP,104135,True
Utah,Davis County,Joe Biden,DEM,57411,False
Utah,Duchesne County,Donald Trump,REP,7513,True
Utah,Duchesne County,Joe Biden,DEM,843,False
Utah,Emery County,Donald Trump,REP,4207,True
Utah,Emery County,Joe Biden,DEM,572,False
Utah,Garfield County,Donald Trump,REP,2158,True
Utah,Garfield County,Joe Biden,DEM,514,False
Utah,Grand County,Joe Biden,DEM,2806,True
Utah,Grand County,Donald Trump,REP,2248,False
Utah,Iron County,Donald Trump,REP,18989,True
Utah,Iron County,Joe Biden,DEM,4892,False
Utah,Juab County,Donald Trump,REP,5087,True
Utah,Juab County,Joe Biden,DEM,645,False
Utah,Kane County,Donald Trump,REP,2998,True
Utah,Kane County,Joe Biden,DEM,1083,False
Utah,Millard County,Donald Trump,REP,5404,True
Utah,Millard County,Joe Biden,DEM,624,False
Utah,Morgan County,Donald Trump,REP,5181,True
Utah,Morgan County,Joe Biden,DEM,1086,False
Utah,Piute County,Donald Trump,REP,773,True
Utah,Piute County,Joe Biden,DEM,86,False
Utah,Rich County,Donald Trump,REP,1157,True
Utah,Rich County,Joe Biden,DEM,180,False
Utah,Salt Lake County,Joe Biden,DEM,289906,True
Utah,Salt Lake County,Donald Trump,REP,230174,False
Utah,San Juan County,Donald Trump,REP,3535,True
Utah,San Juan County,Joe Biden,DEM,3113,False
Utah,Sanpete County,Donald Trump,REP,10459,True
Utah,Sanpete County,Joe Biden,DEM,1794,False
Utah,Sevier County,Donald Trump,REP,9052,True
Utah,Sevier County,Joe Biden,DEM,1084,False
Utah,Summit County,Joe Biden,DEM,15244,True
Utah,Summit County,Donald Trump,REP,10252,False
Utah,Tooele County,Donald Trump,REP,21014,True
Utah,Tooele County,Joe Biden,DEM,8943,False
Utah,Uintah County,Donald Trump,REP,13261,True
Utah,Uintah County,Joe Biden,DEM,1663,False
Utah,Utah County,Donald Trump,REP,192812,True
Utah,Utah County,Joe Biden,DEM,76033,False
Utah,Wasatch County,Donald Trump,REP,10795,True
Utah,Wasatch County,Joe Biden,DEM,6187,False
Utah,Washington County,Donald Trump,REP,67294,True
Utah,Washington County,Joe Biden,DEM,20530,False
Utah,Wayne County,Donald Trump,REP,1229,True
Utah,Wayne County,Joe Biden,DEM,365,False
Utah,Weber County,Donald Trump,REP,65949,True
Utah,Weber County,Joe Biden,DEM,40695,False
Vermont,Jamaica,Joe Biden,DEM,406,True
Vermont,Jamaica,Donald Trump,REP,149,False
Vermont,Jay,Joe Biden,DEM,144,True
Vermont,Jay,Donald Trump,REP,139,False
Vermont,Jericho,Joe Biden,DEM,2657,True
Vermont,Jericho,Donald Trump,REP,905,False
Vermont,Johnson,Joe Biden,DEM,994,True
Vermont,Johnson,Donald Trump,REP,528,False
Vermont,Kirby,Joe Biden,DEM,190,True
Vermont,Kirby,Donald Trump,REP,129,False
Vermont,Landgrove,Joe Biden,DEM,114,True
Vermont,Landgrove,Donald Trump,REP,18,False
Vermont,Leicester,Joe Biden,DEM,296,True
Vermont,Leicester,Donald Trump,REP,230,False
Vermont,Lemington,Joe Biden,DEM,25,True
Vermont,Lemington,Donald Trump,REP,23,False
Vermont,Lincoln,Joe Biden,DEM,723,True
Vermont,Lincoln,Donald Trump,REP,211,False
Vermont,Londonderry,Joe Biden,DEM,744,True
Vermont,Londonderry,Donald Trump,REP,347,False
Vermont,Barnet,Joe Biden,DEM,624,True
Vermont,Barnet,Donald Trump,REP,437,False
Vermont,Lowell,Donald Trump,REP,273,True
Vermont,Lowell,Joe Biden,DEM,201,False
Vermont,Ludlow,Joe Biden,DEM,718,True
Vermont,Ludlow,Donald Trump,REP,473,False
Vermont,Lunenburg,Donald Trump,REP,366,True
Vermont,Lunenburg,Joe Biden,DEM,243,False
Vermont,Lyndon,Joe Biden,DEM,1207,True
Vermont,Lyndon,Donald Trump,REP,1136,False
Vermont,Maidstone,Donald Trump,REP,74,True
Vermont,Maidstone,Joe Biden,DEM,67,False
Vermont,Manchester,Joe Biden,DEM,1985,True
Vermont,Manchester,Donald Trump,REP,732,False
Vermont,Marlboro,Joe Biden,DEM,528,True
Vermont,Marlboro,Donald Trump,REP,94,False
Vermont,Marshfield,Joe Biden,DEM,586,True
Vermont,Marshfield,Donald Trump,REP,336,False
Vermont,Mendon,Joe Biden,DEM,445,True
Vermont,Mendon,Donald Trump,REP,314,False
Vermont,Middlebury,Joe Biden,DEM,3479,True
Vermont,Middlebury,Donald Trump,REP,732,False
Vermont,Barre,Joe Biden,DEM,2380,True
Vermont,Barre,Donald Trump,REP,1298,False
Vermont,Middlesex,Joe Biden,DEM,977,True
Vermont,Middlesex,Donald Trump,REP,231,False
Vermont,Middletown Springs,Joe Biden,DEM,308,True
Vermont,Middletown Springs,Donald Trump,REP,225,False
Vermont,Milton,Joe Biden,DEM,3344,True
Vermont,Milton,Donald Trump,REP,2612,False
Vermont,Monkton,Joe Biden,DEM,960,True
Vermont,Monkton,Donald Trump,REP,395,False
Vermont,Montgomery,Joe Biden,DEM,449,True
Vermont,Montgomery,Donald Trump,REP,278,False
Vermont,Montpelier,Joe Biden,DEM,4576,True
Vermont,Montpelier,Donald Trump,REP,468,False
Vermont,Moretown,Joe Biden,DEM,926,True
Vermont,Moretown,Donald Trump,REP,223,False
Vermont,Morgan,Donald Trump,REP,218,True
Vermont,Morgan,Joe Biden,DEM,172,False
Vermont,Morristown,Joe Biden,DEM,2256,True
Vermont,Morristown,Donald Trump,REP,833,False
Vermont,Mount Holly,Joe Biden,DEM,452,True
Vermont,Mount Holly,Donald Trump,REP,375,False
Vermont,Barre Town,Joe Biden,DEM,2512,True
Vermont,Barre Town,Donald Trump,REP,2093,False
Vermont,Mount Tabor,Donald Trump,REP,56,True
Vermont,Mount Tabor,Joe Biden,DEM,55,False
Vermont,Newark,Joe Biden,DEM,169,True
Vermont,Newark,Donald Trump,REP,159,False
Vermont,Newbury,Joe Biden,DEM,682,True
Vermont,Newbury,Donald Trump,REP,490,False
Vermont,Newfane,Joe Biden,DEM,842,True
Vermont,Newfane,Donald Trump,REP,261,False
Vermont,New Haven,Joe Biden,DEM,732,True
Vermont,New Haven,Donald Trump,REP,396,False
Vermont,Newport,Joe Biden,DEM,1033,True
Vermont,Newport,Donald Trump,REP,757,False
Vermont,Newport Town,Donald Trump,REP,415,True
Vermont,Newport Town,Joe Biden,DEM,341,False
Vermont,Northfield,Joe Biden,DEM,1508,True
Vermont,Northfield,Donald Trump,REP,837,False
Vermont,North Hero,Joe Biden,DEM,430,True
Vermont,North Hero,Donald Trump,REP,250,False
Vermont,Norton,Donald Trump,REP,62,True
Vermont,Norton,Joe Biden,DEM,44,False
Vermont,Barton,Joe Biden,DEM,687,True
Vermont,Barton,Donald Trump,REP,570,False
Vermont,Norwich,Joe Biden,DEM,2316,True
Vermont,Norwich,Donald Trump,REP,211,False
Vermont,Orange,Donald Trump,REP,324,True
Vermont,Orange,Joe Biden,DEM,261,False
Vermont,Orwell,Joe Biden,DEM,367,True
Vermont,Orwell,Donald Trump,REP,351,False
Vermont,Panton,Joe Biden,DEM,271,True
Vermont,Panton,Donald Trump,REP,137,False
Vermont,Pawlet,Joe Biden,DEM,496,True
Vermont,Pawlet,Donald Trump,REP,369,False
Vermont,Peacham,Joe Biden,DEM,357,True
Vermont,Peacham,Donald Trump,REP,141,False
Vermont,Peru,Joe Biden,DEM,218,True
Vermont,Peru,Donald Trump,REP,71,False
Vermont,Pittsfield,Joe Biden,DEM,206,True
Vermont,Pittsfield,Donald Trump,REP,120,False
Vermont,Pittsford,Joe Biden,DEM,896,True
Vermont,Pittsford,Donald Trump,REP,784,False
Vermont,Plainfield,Joe Biden,DEM,606,True
Vermont,Plainfield,Donald Trump,REP,166,False
Vermont,Belvidere,Donald Trump,REP,93,True
Vermont,Belvidere,Joe Biden,DEM,79,False
Vermont,Plymouth,Joe Biden,DEM,251,True
Vermont,Plymouth,Donald Trump,REP,104,False
Vermont,Pomfret,Joe Biden,DEM,509,True
Vermont,Pomfret,Donald Trump,REP,146,False
Vermont,Poultney,Joe Biden,DEM,844,True
Vermont,Poultney,Donald Trump,REP,755,False
Vermont,Pownal,Joe Biden,DEM,892,True
Vermont,Pownal,Donald Trump,REP,831,False
Vermont,Proctor,Joe Biden,DEM,534,True
Vermont,Proctor,Donald Trump,REP,392,False
Vermont,Putney,Joe Biden,DEM,1234,True
Vermont,Putney,Donald Trump,REP,235,False
Vermont,Randolph,Joe Biden,DEM,1685,True
Vermont,Randolph,Donald Trump,REP,801,False
Vermont,Reading,Joe Biden,DEM,312,True
Vermont,Reading,Donald Trump,REP,120,False
Vermont,Readsboro,Donald Trump,REP,212,True
Vermont,Readsboro,Joe Biden,DEM,203,False
Vermont,Richford,Donald Trump,REP,478,True
Vermont,Richford,Joe Biden,DEM,434,False
Vermont,Bennington,Joe Biden,DEM,4369,True
Vermont,Bennington,Donald Trump,REP,2473,False
Vermont,Richmond,Joe Biden,DEM,2287,True
Vermont,Richmond,Donald Trump,REP,572,False
Vermont,Ripton,Joe Biden,DEM,280,True
Vermont,Ripton,Donald Trump,REP,76,False
Vermont,Rochester,Joe Biden,DEM,526,True
Vermont,Rochester,Donald Trump,REP,183,False
Vermont,Rockingham,Joe Biden,DEM,1703,True
Vermont,Rockingham,Donald Trump,REP,718,False
Vermont,Roxbury,Joe Biden,DEM,281,True
Vermont,Roxbury,Donald Trump,REP,134,False
Vermont,Royalton,Joe Biden,DEM,930,True
Vermont,Royalton,Donald Trump,REP,492,False
Vermont,Rupert,Joe Biden,DEM,269,True
Vermont,Rupert,Donald Trump,REP,154,False
Vermont,Rutland,Joe Biden,DEM,4679,True
Vermont,Rutland,Donald Trump,REP,3026,False
Vermont,Rutland Town,Joe Biden,DEM,1376,True
Vermont,Rutland Town,Donald Trump,REP,1039,False
Vermont,Ryegate,Joe Biden,DEM,329,True
Vermont,Ryegate,Donald Trump,REP,298,False
Vermont,Benson,Donald Trump,REP,305,True
Vermont,Benson,Joe Biden,DEM,258,False
Vermont,St. Albans,Joe Biden,DEM,1982,True
Vermont,St. Albans,Donald Trump,REP,946,False
Vermont,St. Albans Town,Joe Biden,DEM,2126,True
Vermont,St. Albans Town,Donald Trump,REP,1557,False
Vermont,St. George,Joe Biden,DEM,310,True
Vermont,St. George,Donald Trump,REP,131,False
Vermont,St. Johnsbury,Joe Biden,DEM,2034,True
Vermont,St. Johnsbury,Donald Trump,REP,1218,False
Vermont,Salisbury,Joe Biden,DEM,393,True
Vermont,Salisbury,Donald Trump,REP,258,False
Vermont,Sandgate,Joe Biden,DEM,147,True
Vermont,Sandgate,Donald Trump,REP,96,False
Vermont,Searsburg,Donald Trump,REP,36,True
Vermont,Searsburg,Joe Biden,DEM,28,False
Vermont,Shaftsbury,Joe Biden,DEM,1346,True
Vermont,Shaftsbury,Donald Trump,REP,818,False
Vermont,Sharon,Joe Biden,DEM,585,True
Vermont,Sharon,Donald Trump,REP,278,False
Vermont,Sheffield,Joe Biden,DEM,197,True
Vermont,Sheffield,Donald Trump,REP,163,False
Vermont,Berkshire,Donald Trump,REP,402,True
Vermont,Berkshire,Joe Biden,DEM,284,False
Vermont,Shelburne,Joe Biden,DEM,4358,True
Vermont,Shelburne,Donald Trump,REP,953,False
Vermont,Sheldon,Donald Trump,REP,532,True
Vermont,Sheldon,Joe Biden,DEM,435,False
Vermont,Killington,Joe Biden,DEM,560,True
Vermont,Killington,Donald Trump,REP,255,False
Vermont,Shoreham,Joe Biden,DEM,445,True
Vermont,Shoreham,Donald Trump,REP,263,False
Vermont,Shrewsbury,Joe Biden,DEM,395,True
Vermont,Shrewsbury,Donald Trump,REP,268,False
Vermont,South Burlington,Joe Biden,DEM,10057,True
Vermont,South Burlington,Donald Trump,REP,2271,False
Vermont,South Hero,Joe Biden,DEM,903,True
Vermont,South Hero,Donald Trump,REP,376,False
Vermont,Springfield,Joe Biden,DEM,2583,True
Vermont,Springfield,Donald Trump,REP,1768,False
Vermont,Stamford,Donald Trump,REP,267,True
Vermont,Stamford,Joe Biden,DEM,254,False
Vermont,Stannard,Joe Biden,DEM,82,True
Vermont,Stannard,Donald Trump,REP,28,False
Vermont,Berlin,Joe Biden,DEM,960,True
Vermont,Berlin,Donald Trump,REP,520,False
Vermont,Starksboro,Joe Biden,DEM,636,True
Vermont,Starksboro,Donald Trump,REP,333,False
Vermont,Stockbridge,Joe Biden,DEM,341,True
Vermont,Stockbridge,Donald Trump,REP,123,False
Vermont,Stowe,Joe Biden,DEM,2706,True
Vermont,Stowe,Donald Trump,REP,599,False
Vermont,Strafford,Joe Biden,DEM,656,True
Vermont,Strafford,Donald Trump,REP,118,False
Vermont,Stratton,Joe Biden,DEM,119,True
Vermont,Stratton,Donald Trump,REP,67,False
Vermont,Sudbury,Joe Biden,DEM,252,True
Vermont,Sudbury,Donald Trump,REP,128,False
Vermont,Sunderland,Joe Biden,DEM,386,True
Vermont,Sunderland,Donald Trump,REP,240,False
Vermont,Sutton,Donald Trump,REP,275,True
Vermont,Sutton,Joe Biden,DEM,245,False
Vermont,Swanton,Joe Biden,DEM,1566,True
Vermont,Swanton,Donald Trump,REP,1546,False
Vermont,Thetford,Joe Biden,DEM,1448,True
Vermont,Thetford,Donald Trump,REP,409,False
Vermont,Bethel,Joe Biden,DEM,728,True
Vermont,Bethel,Donald Trump,REP,381,False
Vermont,Addison,Joe Biden,DEM,445,True
Vermont,Addison,Donald Trump,REP,379,False
Vermont,Tinmouth,Joe Biden,DEM,170,True
Vermont,Tinmouth,Donald Trump,REP,163,False
Vermont,Topsham,Donald Trump,REP,356,True
Vermont,Topsham,Joe Biden,DEM,273,False
Vermont,Townshend,Joe Biden,DEM,553,True
Vermont,Townshend,Donald Trump,REP,191,False
Vermont,Troy,Donald Trump,REP,394,True
Vermont,Troy,Joe Biden,DEM,370,False
Vermont,Tunbridge,Joe Biden,DEM,514,True
Vermont,Tunbridge,Donald Trump,REP,314,False
Vermont,Underhill,Joe Biden,DEM,1633,True
Vermont,Underhill,Donald Trump,REP,526,False
Vermont,Vergennes,Joe Biden,DEM,1016,True
Vermont,Vergennes,Donald Trump,REP,428,False
Vermont,Vernon,Joe Biden,DEM,718,True
Vermont,Vernon,Donald Trump,REP,549,False
Vermont,Vershire,Joe Biden,DEM,264,True
Vermont,Vershire,Donald Trump,REP,134,False
Vermont,Victory,Donald Trump,REP,36,True
Vermont,Victory,Joe Biden,DEM,17,False
Vermont,Bloomfield,Donald Trump,REP,73,True
Vermont,Bloomfield,Joe Biden,DEM,55,False
Vermont,Waitsfield,Joe Biden,DEM,1023,True
Vermont,Waitsfield,Donald Trump,REP,200,False
Vermont,Walden,Joe Biden,DEM,351,True
Vermont,Walden,Donald Trump,REP,207,False
Vermont,Wallingford,Joe Biden,DEM,703,True
Vermont,Wallingford,Donald Trump,REP,563,False
Vermont,Waltham,Joe Biden,DEM,216,True
Vermont,Waltham,Donald Trump,REP,102,False
Vermont,Wardsboro,Joe Biden,DEM,325,True
Vermont,Wardsboro,Donald Trump,REP,159,False
Vermont,Warren,Joe Biden,DEM,1039,True
Vermont,Warren,Donald Trump,REP,179,False
Vermont,Washington,Joe Biden,DEM,306,True
Vermont,Washington,Donald Trump,REP,283,False
Vermont,Waterbury,Joe Biden,DEM,2778,True
Vermont,Waterbury,Donald Trump,REP,621,False
Vermont,Waterford,Joe Biden,DEM,421,True
Vermont,Waterford,Donald Trump,REP,387,False
Vermont,Waterville,Joe Biden,DEM,227,True
Vermont,Waterville,Donald Trump,REP,209,False
Vermont,Bolton,Joe Biden,DEM,537,True
Vermont,Bolton,Donald Trump,REP,218,False
Vermont,Weathersfield,Joe Biden,DEM,1018,True
Vermont,Weathersfield,Donald Trump,REP,725,False
Vermont,Wells,Donald Trump,REP,416,True
Vermont,Wells,Joe Biden,DEM,315,False
Vermont,West Fairlee,Joe Biden,DEM,219,True
Vermont,West Fairlee,Donald Trump,REP,125,False
Vermont,Westfield,Joe Biden,DEM,190,True
Vermont,Westfield,Donald Trump,REP,146,False
Vermont,Westford,Joe Biden,DEM,964,True
Vermont,Westford,Donald Trump,REP,413,False
Vermont,West Haven,Joe Biden,DEM,78,True
Vermont,West Haven,Donald Trump,REP,70,False
Vermont,Westminster,Joe Biden,DEM,1303,True
Vermont,Westminster,Donald Trump,REP,429,False
Vermont,Westmore,Joe Biden,DEM,126,True
Vermont,Westmore,Donald Trump,REP,102,False
Vermont,Weston,Joe Biden,DEM,332,True
Vermont,Weston,Donald Trump,REP,114,False
Vermont,West Rutland,Donald Trump,REP,613,True
Vermont,West Rutland,Joe Biden,DEM,510,False
Vermont,Bradford,Joe Biden,DEM,893,True
Vermont,Bradford,Donald Trump,REP,549,False
Vermont,West Windsor,Joe Biden,DEM,618,True
Vermont,West Windsor,Donald Trump,REP,200,False
Vermont,Weybridge,Joe Biden,DEM,517,True
Vermont,Weybridge,Donald Trump,REP,78,False
Vermont,Wheelock,Joe Biden,DEM,236,True
Vermont,Wheelock,Donald Trump,REP,200,False
Vermont,Whiting,Joe Biden,DEM,124,True
Vermont,Whiting,Donald Trump,REP,84,False
Vermont,Whitingham,Joe Biden,DEM,397,True
Vermont,Whitingham,Donald Trump,REP,340,False
Vermont,Williamstown,Donald Trump,REP,923,True
Vermont,Williamstown,Joe Biden,DEM,858,False
Vermont,Williston,Joe Biden,DEM,4961,True
Vermont,Williston,Donald Trump,REP,1699,False
Vermont,Wilmington,Joe Biden,DEM,789,True
Vermont,Wilmington,Donald Trump,REP,341,False
Vermont,Windham,Joe Biden,DEM,187,True
Vermont,Windham,Donald Trump,REP,83,False
Vermont,Windsor,Joe Biden,DEM,1266,True
Vermont,Windsor,Donald Trump,REP,537,False
Vermont,Braintree,Joe Biden,DEM,434,True
Vermont,Braintree,Donald Trump,REP,260,False
Vermont,Winhall,Joe Biden,DEM,473,True
Vermont,Winhall,Donald Trump,REP,182,False
Vermont,Winooski,Joe Biden,DEM,3005,True
Vermont,Winooski,Donald Trump,REP,585,False
Vermont,Wolcott,Joe Biden,DEM,589,True
Vermont,Wolcott,Donald Trump,REP,306,False
Vermont,Woodbury,Joe Biden,DEM,372,True
Vermont,Woodbury,Donald Trump,REP,196,False
Vermont,Woodford,Donald Trump,REP,96,True
Vermont,Woodford,Joe Biden,DEM,95,False
Vermont,Woodstock,Joe Biden,DEM,1645,True
Vermont,Woodstock,Donald Trump,REP,402,False
Vermont,Worcester,Joe Biden,DEM,464,True
Vermont,Worcester,Donald Trump,REP,125,False
Vermont,Brandon,Joe Biden,DEM,1213,True
Vermont,Brandon,Donald Trump,REP,896,False
Vermont,Brattleboro,Joe Biden,DEM,5423,True
Vermont,Brattleboro,Donald Trump,REP,1053,False
Vermont,Bridgewater,Joe Biden,DEM,372,True
Vermont,Bridgewater,Donald Trump,REP,212,False
Vermont,Bridport,Joe Biden,DEM,392,True
Vermont,Bridport,Donald Trump,REP,321,False
Vermont,Brighton,Donald Trump,REP,342,True
Vermont,Brighton,Joe Biden,DEM,258,False
Vermont,Bristol,Joe Biden,DEM,1482,True
Vermont,Bristol,Donald Trump,REP,691,False
Vermont,Albany,Joe Biden,DEM,286,True
Vermont,Albany,Donald Trump,REP,235,False
Vermont,Brookfield,Joe Biden,DEM,506,True
Vermont,Brookfield,Donald Trump,REP,307,False
Vermont,Brookline,Joe Biden,DEM,217,True
Vermont,Brookline,Donald Trump,REP,96,False
Vermont,Brownington,Donald Trump,REP,265,True
Vermont,Brownington,Joe Biden,DEM,218,False
Vermont,Brunswick,Donald Trump,REP,35,True
Vermont,Brunswick,Joe Biden,DEM,27,False
Vermont,Burke,Joe Biden,DEM,534,True
Vermont,Burke,Donald Trump,REP,366,False
Vermont,Burlington,Joe Biden,DEM,19238,True
Vermont,Burlington,Donald Trump,REP,2293,False
Vermont,Cabot,Joe Biden,DEM,558,True
Vermont,Cabot,Donald Trump,REP,296,False
Vermont,Calais,Joe Biden,DEM,886,True
Vermont,Calais,Donald Trump,REP,221,False
Vermont,Cambridge,Joe Biden,DEM,1521,True
Vermont,Cambridge,Donald Trump,REP,587,False
Vermont,Canaan,Donald Trump,REP,241,True
Vermont,Canaan,Joe Biden,DEM,239,False
Vermont,Alburgh,Joe Biden,DEM,550,True
Vermont,Alburgh,Donald Trump,REP,499,False
Vermont,Castleton,Joe Biden,DEM,1056,True
Vermont,Castleton,Donald Trump,REP,1042,False
Vermont,Cavendish,Joe Biden,DEM,466,True
Vermont,Cavendish,Donald Trump,REP,297,False
Vermont,Charleston,Donald Trump,REP,274,True
Vermont,Charleston,Joe Biden,DEM,247,False
Vermont,Charlotte,Joe Biden,DEM,2285,True
Vermont,Charlotte,Donald Trump,REP,511,False
Vermont,Chelsea,Joe Biden,DEM,404,True
Vermont,Chelsea,Donald Trump,REP,284,False
Vermont,Chester,Joe Biden,DEM,1089,True
Vermont,Chester,Donald Trump,REP,619,False
Vermont,Chittenden,Joe Biden,DEM,473,True
Vermont,Chittenden,Donald Trump,REP,343,False
Vermont,Clarendon,Donald Trump,REP,782,True
Vermont,Clarendon,Joe Biden,DEM,656,False
Vermont,Colchester,Joe Biden,DEM,6451,True
Vermont,Colchester,Donald Trump,REP,2852,False
Vermont,Concord,Donald Trump,REP,343,True
Vermont,Concord,Joe Biden,DEM,262,False
Vermont,Andover,Joe Biden,DEM,216,True
Vermont,Andover,Donald Trump,REP,132,False
Vermont,Corinth,Joe Biden,DEM,459,True
Vermont,Corinth,Donald Trump,REP,350,False
Vermont,Cornwall,Joe Biden,DEM,663,True
Vermont,Cornwall,Donald Trump,REP,145,False
Vermont,Coventry,Donald Trump,REP,294,True
Vermont,Coventry,Joe Biden,DEM,245,False
Vermont,Craftsbury,Joe Biden,DEM,558,True
Vermont,Craftsbury,Donald Trump,REP,190,False
Vermont,Danby,Donald Trump,REP,405,True
Vermont,Danby,Joe Biden,DEM,325,False
Vermont,Danville,Joe Biden,DEM,855,True
Vermont,Danville,Donald Trump,REP,559,False
Vermont,Derby,Donald Trump,REP,1280,True
Vermont,Derby,Joe Biden,DEM,1167,False
Vermont,Dorset,Joe Biden,DEM,997,True
Vermont,Dorset,Donald Trump,REP,377,False
Vermont,Dover,Joe Biden,DEM,613,True
Vermont,Dover,Donald Trump,REP,296,False
Vermont,Dummerston,Joe Biden,DEM,1035,True
Vermont,Dummerston,Donald Trump,REP,281,False
Vermont,Arlington,Joe Biden,DEM,929,True
Vermont,Arlington,Donald Trump,REP,511,False
Vermont,Duxbury,Joe Biden,DEM,648,True
Vermont,Duxbury,Donald Trump,REP,243,False
Vermont,East Haven,Joe Biden,DEM,69,True
Vermont,East Haven,Donald Trump,REP,65,False
Vermont,East Montpelier,Joe Biden,DEM,1315,True
Vermont,East Montpelier,Donald Trump,REP,391,False
Vermont,Eden,Donald Trump,REP,313,True
Vermont,Eden,Joe Biden,DEM,303,False
Vermont,Elmore,Joe Biden,DEM,447,True
Vermont,Elmore,Donald Trump,REP,149,False
Vermont,Enosburgh,Joe Biden,DEM,640,True
Vermont,Enosburgh,Donald Trump,REP,590,False
Vermont,Essex,Joe Biden,DEM,9573,True
Vermont,Essex,Donald Trump,REP,3415,False
Vermont,Fairfax,Joe Biden,DEM,1648,True
Vermont,Fairfax,Donald Trump,REP,1229,False
Vermont,Fairfield,Joe Biden,DEM,625,True
Vermont,Fairfield,Donald Trump,REP,474,False
Vermont,Fair Haven,Donald Trump,REP,647,True
Vermont,Fair Haven,Joe Biden,DEM,624,False
Vermont,Athens,Joe Biden,DEM,120,True
Vermont,Athens,Donald Trump,REP,84,False
Vermont,Fairlee,Joe Biden,DEM,442,True
Vermont,Fairlee,Donald Trump,REP,160,False
Vermont,Fayston,Joe Biden,DEM,796,True
Vermont,Fayston,Donald Trump,REP,150,False
Vermont,Ferrisburg,Joe Biden,DEM,1202,True
Vermont,Ferrisburg,Donald Trump,REP,561,False
Vermont,Fletcher,Joe Biden,DEM,494,True
Vermont,Fletcher,Donald Trump,REP,291,False
Vermont,Franklin,Donald Trump,REP,407,True
Vermont,Franklin,Joe Biden,DEM,318,False
Vermont,Georgia,Joe Biden,DEM,1517,True
Vermont,Georgia,Donald Trump,REP,1295,False
Vermont,Glover,Joe Biden,DEM,401,True
Vermont,Glover,Donald Trump,REP,239,False
Vermont,Goshen,Joe Biden,DEM,90,True
Vermont,Goshen,Donald Trump,REP,34,False
Vermont,Grafton,Joe Biden,DEM,263,True
Vermont,Grafton,Donald Trump,REP,129,False
Vermont,Granby,Donald Trump,REP,23,True
Vermont,Granby,Joe Biden,DEM,20,False
Vermont,Bakersfield,Joe Biden,DEM,395,True
Vermont,Bakersfield,Donald Trump,REP,272,False
Vermont,Grand Isle,Joe Biden,DEM,831,True
Vermont,Grand Isle,Donald Trump,REP,538,False
Vermont,Granville,Joe Biden,DEM,136,True
Vermont,Granville,Donald Trump,REP,30,False
Vermont,Greensboro,Joe Biden,DEM,365,True
Vermont,Greensboro,Donald Trump,REP,106,False
Vermont,Groton,Donald Trump,REP,272,True
Vermont,Groton,Joe Biden,DEM,248,False
Vermont,Guildhall,Donald Trump,REP,90,True
Vermont,Guildhall,Joe Biden,DEM,79,False
Vermont,Guilford,Joe Biden,DEM,975,True
Vermont,Guilford,Donald Trump,REP,345,False
Vermont,Halifax,Joe Biden,DEM,273,True
Vermont,Halifax,Donald Trump,REP,193,False
Vermont,Hancock,Joe Biden,DEM,102,True
Vermont,Hancock,Donald Trump,REP,57,False
Vermont,Hardwick,Joe Biden,DEM,932,True
Vermont,Hardwick,Donald Trump,REP,576,False
Vermont,Hartford,Joe Biden,DEM,4516,True
Vermont,Hartford,Donald Trump,REP,1574,False
Vermont,Baltimore,Donald Trump,REP,72,True
Vermont,Baltimore,Joe Biden,DEM,63,False
Vermont,Hartland,Joe Biden,DEM,1511,True
Vermont,Hartland,Donald Trump,REP,631,False
Vermont,Highgate,Donald Trump,REP,977,True
Vermont,Highgate,Joe Biden,DEM,698,False
Vermont,Hinesburg,Joe Biden,DEM,2254,True
Vermont,Hinesburg,Donald Trump,REP,749,False
Vermont,Holland,Donald Trump,REP,210,True
Vermont,Holland,Joe Biden,DEM,139,False
Vermont,Hubbardton,Joe Biden,DEM,221,True
Vermont,Hubbardton,Donald Trump,REP,191,False
Vermont,Huntington,Joe Biden,DEM,1047,True
Vermont,Huntington,Donald Trump,REP,312,False
Vermont,Hyde Park,Joe Biden,DEM,1118,True
Vermont,Hyde Park,Donald Trump,REP,546,False
Vermont,Ira,Joe Biden,DEM,130,True
Vermont,Ira,Donald Trump,REP,130,False
Vermont,Irasburg,Donald Trump,REP,405,True
Vermont,Irasburg,Joe Biden,DEM,257,False
Vermont,Isle La Motte,Joe Biden,DEM,191,True
Vermont,Isle La Motte,Donald Trump,REP,147,False
Vermont,Barnard,Joe Biden,DEM,465,True
Vermont,Barnard,Donald Trump,REP,177,False
Virginia,Accomack County,Donald Trump,REP,9172,True
Virginia,Accomack County,Joe Biden,DEM,7578,False
Virginia,Albemarle County,Joe Biden,DEM,42466,True
Virginia,Albemarle County,Donald Trump,REP,20804,False
Virginia,Alleghany County,Donald Trump,REP,5859,True
Virginia,Alleghany County,Joe Biden,DEM,2243,False
Virginia,Amelia County,Donald Trump,REP,5390,True
Virginia,Amelia County,Joe Biden,DEM,2411,False
Virginia,Amherst County,Donald Trump,REP,11041,True
Virginia,Amherst County,Joe Biden,DEM,5672,False
Virginia,Appomattox County,Donald Trump,REP,6702,True
Virginia,Appomattox County,Joe Biden,DEM,2418,False
Virginia,Arlington County,Joe Biden,DEM,105344,True
Virginia,Arlington County,Donald Trump,REP,22318,False
Virginia,Augusta County,Donald Trump,REP,30714,True
Virginia,Augusta County,Joe Biden,DEM,10840,False
Virginia,Bath County,Donald Trump,REP,1834,True
Virginia,Bath County,Joe Biden,DEM,646,False
Virginia,Bedford County,Donald Trump,REP,35600,True
Virginia,Bedford County,Joe Biden,DEM,12176,False
Virginia,Bland County,Donald Trump,REP,2903,True
Virginia,Bland County,Joe Biden,DEM,532,False
Virginia,Botetourt County,Donald Trump,REP,15099,True
Virginia,Botetourt County,Joe Biden,DEM,5700,False
Virginia,Brunswick County,Joe Biden,DEM,4552,True
Virginia,Brunswick County,Donald Trump,REP,3357,False
Virginia,Buchanan County,Donald Trump,REP,8311,True
Virginia,Buchanan County,Joe Biden,DEM,1587,False
Virginia,Buckingham County,Donald Trump,REP,4544,True
Virginia,Buckingham County,Joe Biden,DEM,3471,False
Virginia,Campbell County,Donald Trump,REP,21245,True
Virginia,Campbell County,Joe Biden,DEM,8070,False
Virginia,Caroline County,Donald Trump,REP,8336,True
Virginia,Caroline County,Joe Biden,DEM,7657,False
Virginia,Carroll County,Donald Trump,REP,12659,True
Virginia,Carroll County,Joe Biden,DEM,2842,False
Virginia,Charles City County,Joe Biden,DEM,2624,True
Virginia,Charles City County,Donald Trump,REP,1761,False
Virginia,Charlotte County,Donald Trump,REP,3815,True
Virginia,Charlotte County,Joe Biden,DEM,2317,False
Virginia,Chesterfield County,Joe Biden,DEM,106935,True
Virginia,Chesterfield County,Donald Trump,REP,93326,False
Virginia,Clarke County,Donald Trump,REP,5192,True
Virginia,Clarke County,Joe Biden,DEM,3920,False
Virginia,Craig County,Donald Trump,REP,2536,True
Virginia,Craig County,Joe Biden,DEM,587,False
Virginia,Culpeper County,Donald Trump,REP,16012,True
Virginia,Culpeper County,Joe Biden,DEM,10617,False
Virginia,Cumberland County,Donald Trump,REP,3019,True
Virginia,Cumberland County,Joe Biden,DEM,2227,False
Virginia,Dickenson County,Donald Trump,REP,5748,True
Virginia,Dickenson County,Joe Biden,DEM,1503,False
Virginia,Dinwiddie County,Donald Trump,REP,8695,True
Virginia,Dinwiddie County,Joe Biden,DEM,6224,False
Virginia,Essex County,Donald Trump,REP,3075,True
Virginia,Essex County,Joe Biden,DEM,3038,False
Virginia,Fairfax County,Joe Biden,DEM,419943,True
Virginia,Fairfax County,Donald Trump,REP,168401,False
Virginia,Fauquier County,Donald Trump,REP,25106,True
Virginia,Fauquier County,Joe Biden,DEM,17565,False
Virginia,Floyd County,Donald Trump,REP,6225,True
Virginia,Floyd County,Joe Biden,DEM,3004,False
Virginia,Fluvanna County,Donald Trump,REP,8155,True
Virginia,Fluvanna County,Joe Biden,DEM,7414,False
Virginia,Franklin County,Donald Trump,REP,20895,True
Virginia,Franklin County,Joe Biden,DEM,8381,False
Virginia,Frederick County,Donald Trump,REP,30558,True
Virginia,Frederick County,Joe Biden,DEM,17207,False
Virginia,Giles County,Donald Trump,REP,6876,True
Virginia,Giles County,Joe Biden,DEM,2156,False
Virginia,Gloucester County,Donald Trump,REP,14875,True
Virginia,Gloucester County,Joe Biden,DEM,6964,False
Virginia,Goochland County,Donald Trump,REP,9966,True
Virginia,Goochland County,Joe Biden,DEM,6685,False
Virginia,Grayson County,Donald Trump,REP,6529,True
Virginia,Grayson County,Joe Biden,DEM,1535,False
Virginia,Greene County,Donald Trump,REP,6866,True
Virginia,Greene County,Joe Biden,DEM,4163,False
Virginia,Greensville County,Joe Biden,DEM,2627,True
Virginia,Greensville County,Donald Trump,REP,1914,False
Virginia,Halifax County,Donald Trump,REP,10418,True
Virginia,Halifax County,Joe Biden,DEM,7666,False
Virginia,Hanover County,Donald Trump,REP,44318,True
Virginia,Hanover County,Joe Biden,DEM,25307,False
Virginia,Henrico County,Joe Biden,DEM,116572,True
Virginia,Henrico County,Donald Trump,REP,63440,False
Virginia,Henry County,Donald Trump,REP,16725,True
Virginia,Henry County,Joe Biden,DEM,9127,False
Virginia,Highland County,Donald Trump,REP,1092,True
Virginia,Highland County,Joe Biden,DEM,417,False
Virginia,Isle of Wight County,Donald Trump,REP,13707,True
Virginia,Isle of Wight County,Joe Biden,DEM,9399,False
Virginia,James City County,Joe Biden,DEM,25553,True
Virginia,James City County,Donald Trump,REP,23153,False
Virginia,King and Queen County,Donald Trump,REP,2450,True
Virginia,King and Queen County,Joe Biden,DEM,1590,False
Virginia,King George County,Donald Trump,REP,8446,True
Virginia,King George County,Joe Biden,DEM,5404,False
Virginia,King William County,Donald Trump,REP,7320,True
Virginia,King William County,Joe Biden,DEM,3260,False
Virginia,Lancaster County,Donald Trump,REP,3697,True
Virginia,Lancaster County,Joe Biden,DEM,3368,False
Virginia,Lee County,Donald Trump,REP,8365,True
Virginia,Lee County,Joe Biden,DEM,1489,False
Virginia,Loudoun County,Joe Biden,DEM,138372,True
Virginia,Loudoun County,Donald Trump,REP,82088,False
Virginia,Louisa County,Donald Trump,REP,13294,True
Virginia,Louisa County,Joe Biden,DEM,8269,False
Virginia,Lunenburg County,Donald Trump,REP,3537,True
Virginia,Lunenburg County,Joe Biden,DEM,2418,False
Virginia,Madison County,Donald Trump,REP,5300,True
Virginia,Madison County,Joe Biden,DEM,2698,False
Virginia,Mathews County,Donald Trump,REP,3901,True
Virginia,Mathews County,Joe Biden,DEM,1825,False
Virginia,Mecklenburg County,Donald Trump,REP,9266,True
Virginia,Mecklenburg County,Joe Biden,DEM,6803,False
Virginia,Middlesex County,Donald Trump,REP,4196,True
Virginia,Middlesex County,Joe Biden,DEM,2491,False
Virginia,Montgomery County,Joe Biden,DEM,23218,True
Virginia,Montgomery County,Donald Trump,REP,20629,False
Virginia,Nelson County,Donald Trump,REP,4812,True
Virginia,Nelson County,Joe Biden,DEM,4327,False
Virginia,New Kent County,Donald Trump,REP,9631,True
Virginia,New Kent County,Joe Biden,DEM,4621,False
Virginia,Northampton County,Joe Biden,DEM,3667,True
Virginia,Northampton County,Donald Trump,REP,2955,False
Virginia,Northumberland County,Donald Trump,REP,4485,True
Virginia,Northumberland County,Joe Biden,DEM,3252,False
Virginia,Nottoway County,Donald Trump,REP,4027,True
Virginia,Nottoway County,Joe Biden,DEM,2971,False
Virginia,Orange County,Donald Trump,REP,12426,True
Virginia,Orange County,Joe Biden,DEM,7995,False
Virginia,Page County,Donald Trump,REP,9345,True
Virginia,Page County,Joe Biden,DEM,3007,False
Virginia,Patrick County,Donald Trump,REP,7485,True
Virginia,Patrick County,Joe Biden,DEM,1954,False
Virginia,Pittsylvania County,Donald Trump,REP,23751,True
Virginia,Pittsylvania County,Joe Biden,DEM,10115,False
Virginia,Powhatan County,Donald Trump,REP,14055,True
Virginia,Powhatan County,Joe Biden,DEM,5320,False
Virginia,Prince Edward County,Joe Biden,DEM,4973,True
Virginia,Prince Edward County,Donald Trump,REP,4434,False
Virginia,Prince George County,Donald Trump,REP,10103,True
Virginia,Prince George County,Joe Biden,DEM,7103,False
Virginia,Prince William County,Joe Biden,DEM,142863,True
Virginia,Prince William County,Donald Trump,REP,81222,False
Virginia,Pulaski County,Donald Trump,REP,12127,True
Virginia,Pulaski County,Joe Biden,DEM,4925,False
Virginia,Rappahannock County,Donald Trump,REP,2812,True
Virginia,Rappahannock County,Joe Biden,DEM,2096,False
Virginia,Richmond County,Donald Trump,REP,2547,True
Virginia,Richmond County,Joe Biden,DEM,1513,False
Virginia,Roanoke County,Donald Trump,REP,34268,True
Virginia,Roanoke County,Joe Biden,DEM,21801,False
Virginia,Rockbridge County,Donald Trump,REP,8088,True
Virginia,Rockbridge County,Joe Biden,DEM,4086,False
Virginia,Rockingham County,Donald Trump,REP,30349,True
Virginia,Rockingham County,Joe Biden,DEM,12644,False
Virginia,Russell County,Donald Trump,REP,10879,True
Virginia,Russell County,Joe Biden,DEM,2373,False
Virginia,Scott County,Donald Trump,REP,9063,True
Virginia,Scott County,Joe Biden,DEM,1692,False
Virginia,Shenandoah County,Donald Trump,REP,16463,True
Virginia,Shenandoah County,Joe Biden,DEM,6836,False
Virginia,Smyth County,Donald Trump,REP,10963,True
Virginia,Smyth County,Joe Biden,DEM,3008,False
Virginia,Southampton County,Donald Trump,REP,5730,True
Virginia,Southampton County,Joe Biden,DEM,3969,False
Virginia,Spotsylvania County,Donald Trump,REP,39411,True
Virginia,Spotsylvania County,Joe Biden,DEM,34307,False
Virginia,Stafford County,Joe Biden,DEM,40245,True
Virginia,Stafford County,Donald Trump,REP,37636,False
Virginia,Surry County,Joe Biden,DEM,2397,True
Virginia,Surry County,Donald Trump,REP,2025,False
Virginia,Sussex County,Joe Biden,DEM,2827,True
Virginia,Sussex County,Donald Trump,REP,2219,False
Virginia,Tazewell County,Donald Trump,REP,16731,True
Virginia,Tazewell County,Joe Biden,DEM,3205,False
Virginia,Warren County,Donald Trump,REP,14069,True
Virginia,Warren County,Joe Biden,DEM,6603,False
Virginia,Washington County,Donald Trump,REP,21679,True
Virginia,Washington County,Joe Biden,DEM,6617,False
Virginia,Westmoreland County,Donald Trump,REP,5318,True
Virginia,Westmoreland County,Joe Biden,DEM,4501,False
Virginia,Wise County,Donald Trump,REP,13366,True
Virginia,Wise County,Joe Biden,DEM,3110,False
Virginia,Wythe County,Donald Trump,REP,11733,True
Virginia,Wythe County,Joe Biden,DEM,3143,False
Virginia,York County,Donald Trump,REP,20241,True
Virginia,York County,Joe Biden,DEM,17683,False
Virginia,Alexandria city,Joe Biden,DEM,66240,True
Virginia,Alexandria city,Donald Trump,REP,14544,False
Virginia,Bristol city,Donald Trump,REP,5347,True
Virginia,Bristol city,Joe Biden,DEM,2313,False
Virginia,Buena Vista city,Donald Trump,REP,1863,True
Virginia,Buena Vista city,Joe Biden,DEM,825,False
Virginia,Charlottesville city,Joe Biden,DEM,20696,True
Virginia,Charlottesville city,Donald Trump,REP,3094,False
Virginia,Chesapeake city,Joe Biden,DEM,66377,True
Virginia,Chesapeake city,Donald Trump,REP,58180,False
Virginia,Colonial Heights city,Donald Trump,REP,6007,True
Virginia,Colonial Heights city,Joe Biden,DEM,2972,False
Virginia,Covington city,Donald Trump,REP,1580,True
Virginia,Covington city,Joe Biden,DEM,964,False
Virginia,Danville city,Joe Biden,DEM,11710,True
Virginia,Danville city,Donald Trump,REP,7428,False
Virginia,Emporia city,Joe Biden,DEM,1612,True
Virginia,Emporia city,Donald Trump,REP,754,False
Virginia,Fairfax city,Joe Biden,DEM,9174,True
Virginia,Fairfax city,Donald Trump,REP,4007,False
Virginia,Falls Church city,Joe Biden,DEM,7146,True
Virginia,Falls Church city,Donald Trump,REP,1490,False
Virginia,Franklin city,Joe Biden,DEM,2525,True
Virginia,Franklin city,Donald Trump,REP,1487,False
Virginia,Fredericksburg city,Joe Biden,DEM,8517,True
Virginia,Fredericksburg city,Donald Trump,REP,4037,False
Virginia,Galax city,Donald Trump,REP,1838,True
Virginia,Galax city,Joe Biden,DEM,777,False
Virginia,Hampton city,Joe Biden,DEM,46220,True
Virginia,Hampton city,Donald Trump,REP,18430,False
Virginia,Harrisonburg city,Joe Biden,DEM,11022,True
Virginia,Harrisonburg city,Donald Trump,REP,5591,False
Virginia,Hopewell city,Joe Biden,DEM,5430,True
Virginia,Hopewell city,Donald Trump,REP,4020,False
Virginia,Lexington city,Joe Biden,DEM,1791,True
Virginia,Lexington city,Donald Trump,REP,906,False
Virginia,Lynchburg city,Joe Biden,DEM,18048,True
Virginia,Lynchburg city,Donald Trump,REP,17097,False
Virginia,Manassas city,Joe Biden,DEM,10356,True
Virginia,Manassas city,Donald Trump,REP,6256,False
Virginia,Manassas Park city,Joe Biden,DEM,3992,True
Virginia,Manassas Park city,Donald Trump,REP,1979,False
Virginia,Martinsville city,Joe Biden,DEM,3766,True
Virginia,Martinsville city,Donald Trump,REP,2165,False
Virginia,Newport News city,Joe Biden,DEM,53099,True
Virginia,Newport News city,Donald Trump,REP,26377,False
Virginia,Norfolk city,Joe Biden,DEM,64440,True
Virginia,Norfolk city,Donald Trump,REP,23443,False
Virginia,Norton city,Donald Trump,REP,1109,True
Virginia,Norton city,Joe Biden,DEM,464,False
Virginia,Petersburg city,Joe Biden,DEM,12389,True
Virginia,Petersburg city,Donald Trump,REP,1584,False
Virginia,Poquoson city,Donald Trump,REP,5605,True
Virginia,Poquoson city,Joe Biden,DEM,2054,False
Virginia,Portsmouth city,Joe Biden,DEM,30948,True
Virginia,Portsmouth city,Donald Trump,REP,12755,False
Virginia,Radford city,Joe Biden,DEM,3358,True
Virginia,Radford city,Donald Trump,REP,2786,False
Virginia,Richmond city,Joe Biden,DEM,92175,True
Virginia,Richmond city,Donald Trump,REP,16603,False
Virginia,Roanoke city,Joe Biden,DEM,26773,True
Virginia,Roanoke city,Donald Trump,REP,15607,False
Virginia,Salem city,Donald Trump,REP,7683,True
Virginia,Salem city,Joe Biden,DEM,5148,False
Virginia,Staunton city,Joe Biden,DEM,6981,True
Virginia,Staunton city,Donald Trump,REP,5695,False
Virginia,Suffolk city,Joe Biden,DEM,28676,True
Virginia,Suffolk city,Donald Trump,REP,20082,False
Virginia,Virginia Beach city,Joe Biden,DEM,117393,True
Virginia,Virginia Beach city,Donald Trump,REP,105087,False
Virginia,Waynesboro city,Donald Trump,REP,5507,True
Virginia,Waynesboro city,Joe Biden,DEM,4961,False
Virginia,Williamsburg city,Joe Biden,DEM,4790,True
Virginia,Williamsburg city,Donald Trump,REP,1963,False
Virginia,Winchester city,Joe Biden,DEM,6610,True
Virginia,Winchester city,Donald Trump,REP,5221,False
Washington,Adams County,Donald Trump,REP,3907,True
Washington,Adams County,Joe Biden,DEM,1814,False
Washington,Asotin County,Donald Trump,REP,7319,True
Washington,Asotin County,Joe Biden,DEM,4250,False
Washington,Benton County,Donald Trump,REP,60365,True
Washington,Benton County,Joe Biden,DEM,38706,False
Washington,Chelan County,Donald Trump,REP,22746,True
Washington,Chelan County,Joe Biden,DEM,19349,False
Washington,Clallam County,Joe Biden,DEM,24721,True
Washington,Clallam County,Donald Trump,REP,23062,False
Washington,Clark County,Joe Biden,DEM,140324,True
Washington,Clark County,Donald Trump,REP,126303,False
Washington,Columbia County,Donald Trump,REP,1754,True
Washington,Columbia County,Joe Biden,DEM,668,False
Washington,Cowlitz County,Donald Trump,REP,34424,True
Washington,Cowlitz County,Joe Biden,DEM,23938,False
Washington,Douglas County,Donald Trump,REP,12955,True
Washington,Douglas County,Joe Biden,DEM,7811,False
Washington,Ferry County,Donald Trump,REP,2771,True
Washington,Ferry County,Joe Biden,DEM,1486,False
Washington,Franklin County,Donald Trump,REP,18039,True
Washington,Franklin County,Joe Biden,DEM,13340,False
Washington,Garfield County,Donald Trump,REP,1069,True
Washington,Garfield County,Joe Biden,DEM,366,False
Washington,Grant County,Donald Trump,REP,24764,True
Washington,Grant County,Joe Biden,DEM,11819,False
Washington,Grays Harbor County,Donald Trump,REP,19877,True
Washington,Grays Harbor County,Joe Biden,DEM,17354,False
Washington,Island County,Joe Biden,DEM,29213,True
Washington,Island County,Donald Trump,REP,22746,False
Washington,Jefferson County,Joe Biden,DEM,17204,True
Washington,Jefferson County,Donald Trump,REP,6931,False
Washington,King County,Joe Biden,DEM,907310,True
Washington,King County,Donald Trump,REP,269167,False
Washington,Kitsap County,Joe Biden,DEM,90277,True
Washington,Kitsap County,Donald Trump,REP,61563,False
Washington,Kittitas County,Donald Trump,REP,14105,True
Washington,Kittitas County,Joe Biden,DEM,11421,False
Washington,Klickitat County,Donald Trump,REP,7237,True
Washington,Klickitat County,Joe Biden,DEM,5959,False
Washington,Lewis County,Donald Trump,REP,29391,True
Washington,Lewis County,Joe Biden,DEM,14520,False
Washington,Lincoln County,Donald Trump,REP,5150,True
Washington,Lincoln County,Joe Biden,DEM,1713,False
Washington,Mason County,Donald Trump,REP,18710,True
Washington,Mason County,Joe Biden,DEM,17269,False
Washington,Okanogan County,Donald Trump,REP,11840,True
Washington,Okanogan County,Joe Biden,DEM,8900,False
Washington,Pacific County,Donald Trump,REP,6953,True
Washington,Pacific County,Joe Biden,DEM,6794,False
Washington,Pend Oreille County,Donald Trump,REP,5728,True
Washington,Pend Oreille County,Joe Biden,DEM,2593,False
Washington,Pierce County,Joe Biden,DEM,249506,True
Washington,Pierce County,Donald Trump,REP,197730,False
Washington,San Juan County,Joe Biden,DEM,9725,True
Washington,San Juan County,Donald Trump,REP,3057,False
Washington,Skagit County,Joe Biden,DEM,38252,True
Washington,Skagit County,Donald Trump,REP,32762,False
Washington,Skamania County,Donald Trump,REP,3885,True
Washington,Skamania County,Joe Biden,DEM,3192,False
Washington,Snohomish County,Joe Biden,DEM,256728,True
Washington,Snohomish County,Donald Trump,REP,166428,False
Washington,Spokane County,Donald Trump,REP,148576,True
Washington,Spokane County,Joe Biden,DEM,135765,False
Washington,Stevens County,Donald Trump,REP,19808,True
Washington,Stevens County,Joe Biden,DEM,7839,False
Washington,Thurston County,Joe Biden,DEM,96608,True
Washington,Thurston County,Donald Trump,REP,65277,False
Washington,Wahkiakum County,Donald Trump,REP,1741,True
Washington,Wahkiakum County,Joe Biden,DEM,1165,False
Washington,Walla Walla County,Donald Trump,REP,16400,True
Washington,Walla Walla County,Joe Biden,DEM,13690,False
Washington,Whatcom County,Joe Biden,DEM,83660,True
Washington,Whatcom County,Donald Trump,REP,50489,False
Washington,Whitman County,Joe Biden,DEM,11184,True
Washington,Whitman County,Donald Trump,REP,9067,False
Washington,Yakima County,Donald Trump,REP,50555,True
Washington,Yakima County,Joe Biden,DEM,43179,False
West Virginia,Barbour County,Donald Trump,REP,5116,True
West Virginia,Barbour County,Joe Biden,DEM,1457,False
West Virginia,Berkeley County,Donald Trump,REP,33279,True
West Virginia,Berkeley County,Joe Biden,DEM,17186,False
West Virginia,Boone County,Donald Trump,REP,6816,True
West Virginia,Boone County,Joe Biden,DEM,2041,False
West Virginia,Braxton County,Donald Trump,REP,4120,True
West Virginia,Braxton County,Joe Biden,DEM,1457,False
West Virginia,Brooke County,Donald Trump,REP,7545,True
West Virginia,Brooke County,Joe Biden,DEM,2947,False
West Virginia,Cabell County,Donald Trump,REP,21721,True
West Virginia,Cabell County,Joe Biden,DEM,14994,False
West Virginia,Calhoun County,Donald Trump,REP,2364,True
West Virginia,Calhoun County,Joe Biden,DEM,568,False
West Virginia,Clay County,Donald Trump,REP,2679,True
West Virginia,Clay County,Joe Biden,DEM,641,False
West Virginia,Doddridge County,Donald Trump,REP,2619,True
West Virginia,Doddridge County,Joe Biden,DEM,435,False
West Virginia,Fayette County,Donald Trump,REP,11580,True
West Virginia,Fayette County,Joe Biden,DEM,5063,False
West Virginia,Gilmer County,Donald Trump,REP,2012,True
West Virginia,Gilmer County,Joe Biden,DEM,599,False
West Virginia,Grant County,Donald Trump,REP,4871,True
West Virginia,Grant County,Joe Biden,DEM,607,False
West Virginia,Greenbrier County,Donald Trump,REP,10925,True
West Virginia,Greenbrier County,Joe Biden,DEM,4655,False
West Virginia,Hampshire County,Donald Trump,REP,8033,True
West Virginia,Hampshire County,Joe Biden,DEM,1939,False
West Virginia,Hancock County,Donald Trump,REP,9806,True
West Virginia,Hancock County,Joe Biden,DEM,3790,False
West Virginia,Hardy County,Donald Trump,REP,4859,True
West Virginia,Hardy County,Joe Biden,DEM,1381,False
West Virginia,Harrison County,Donald Trump,REP,20683,True
West Virginia,Harrison County,Joe Biden,DEM,9215,False
West Virginia,Jackson County,Donald Trump,REP,10093,True
West Virginia,Jackson County,Joe Biden,DEM,3207,False
West Virginia,Jefferson County,Donald Trump,REP,15033,True
West Virginia,Jefferson County,Joe Biden,DEM,12127,False
West Virginia,Kanawha County,Donald Trump,REP,46398,True
West Virginia,Kanawha County,Joe Biden,DEM,34344,False
West Virginia,Lewis County,Donald Trump,REP,5782,True
West Virginia,Lewis County,Joe Biden,DEM,1538,False
West Virginia,Lincoln County,Donald Trump,REP,6012,True
West Virginia,Lincoln County,Joe Biden,DEM,1711,False
West Virginia,Logan County,Donald Trump,REP,10534,True
West Virginia,Logan County,Joe Biden,DEM,2333,False
West Virginia,McDowell County,Donald Trump,REP,5148,True
West Virginia,McDowell County,Joe Biden,DEM,1333,False
West Virginia,Marion County,Donald Trump,REP,16300,True
West Virginia,Marion County,Joe Biden,DEM,8901,False
West Virginia,Marshall County,Donald Trump,REP,10435,True
West Virginia,Marshall County,Joe Biden,DEM,3455,False
West Virginia,Mason County,Donald Trump,REP,8491,True
West Virginia,Mason County,Joe Biden,DEM,2526,False
West Virginia,Mercer County,Donald Trump,REP,19237,True
West Virginia,Mercer County,Joe Biden,DEM,5556,False
West Virginia,Mineral County,Donald Trump,REP,10040,True
West Virginia,Mineral County,Joe Biden,DEM,2660,False
West Virginia,Mingo County,Donald Trump,REP,8544,True
West Virginia,Mingo County,Joe Biden,DEM,1397,False
West Virginia,Monongalia County,Donald Trump,REP,20803,True
West Virginia,Monongalia County,Joe Biden,DEM,20282,False
West Virginia,Monroe County,Donald Trump,REP,5068,True
West Virginia,Monroe County,Joe Biden,DEM,1345,False
West Virginia,Morgan County,Donald Trump,REP,6537,True
West Virginia,Morgan County,Joe Biden,DEM,1998,False
West Virginia,Nicholas County,Donald Trump,REP,8279,True
West Virginia,Nicholas County,Joe Biden,DEM,2226,False
West Virginia,Ohio County,Donald Trump,REP,12354,True
West Virginia,Ohio County,Joe Biden,DEM,7223,False
West Virginia,Pendleton County,Donald Trump,REP,2782,True
West Virginia,Pendleton County,Joe Biden,DEM,820,False
West Virginia,Pleasants County,Donald Trump,REP,2742,True
West Virginia,Pleasants County,Joe Biden,DEM,699,False
West Virginia,Pocahontas County,Donald Trump,REP,2895,True
West Virginia,Pocahontas County,Joe Biden,DEM,1047,False
West Virginia,Preston County,Donald Trump,REP,11190,True
West Virginia,Preston County,Joe Biden,DEM,3163,False
West Virginia,Putnam County,Donald Trump,REP,20034,True
West Virginia,Putnam County,Joe Biden,DEM,7878,False
West Virginia,Raleigh County,Donald Trump,REP,24673,True
West Virginia,Raleigh County,Joe Biden,DEM,7982,False
West Virginia,Randolph County,Donald Trump,REP,8673,True
West Virginia,Randolph County,Joe Biden,DEM,3362,False
West Virginia,Ritchie County,Donald Trump,REP,3649,True
West Virginia,Ritchie County,Joe Biden,DEM,586,False
West Virginia,Roane County,Donald Trump,REP,4213,True
West Virginia,Roane County,Joe Biden,DEM,1455,False
West Virginia,Summers County,Donald Trump,REP,4074,True
West Virginia,Summers County,Joe Biden,DEM,1448,False
West Virginia,Taylor County,Donald Trump,REP,5477,True
West Virginia,Taylor County,Joe Biden,DEM,1796,False
West Virginia,Tucker County,Donald Trump,REP,2841,True
West Virginia,Tucker County,Joe Biden,DEM,938,False
West Virginia,Tyler County,Donald Trump,REP,3226,True
West Virginia,Tyler County,Joe Biden,DEM,631,False
West Virginia,Upshur County,Donald Trump,REP,7771,True
West Virginia,Upshur County,Joe Biden,DEM,2256,False
West Virginia,Wayne County,Donald Trump,REP,12585,True
West Virginia,Wayne County,Joe Biden,DEM,4088,False
West Virginia,Webster County,Donald Trump,REP,2759,True
West Virginia,Webster County,Joe Biden,DEM,610,False
West Virginia,Wetzel County,Donald Trump,REP,4993,True
West Virginia,Wetzel County,Joe Biden,DEM,1539,False
West Virginia,Wirt County,Donald Trump,REP,2134,True
West Virginia,Wirt County,Joe Biden,DEM,466,False
West Virginia,Wood County,Donald Trump,REP,27202,True
West Virginia,Wood County,Joe Biden,DEM,10926,False
West Virginia,Wyoming County,Donald Trump,REP,7353,True
West Virginia,Wyoming County,Joe Biden,DEM,1157,False
Wisconsin,Adams County,Donald Trump,REP,7362,True
Wisconsin,Adams County,Joe Biden,DEM,4329,False
Wisconsin,Ashland County,Joe Biden,DEM,4801,True
Wisconsin,Ashland County,Donald Trump,REP,3841,False
Wisconsin,Barron County,Donald Trump,REP,15803,True
Wisconsin,Barron County,Joe Biden,DEM,9194,False
Wisconsin,Bayfield County,Joe Biden,DEM,6147,True
Wisconsin,Bayfield County,Donald Trump,REP,4617,False
Wisconsin,Brown County,Donald Trump,REP,75871,True
Wisconsin,Brown County,Joe Biden,DEM,65511,False
Wisconsin,Buffalo County,Donald Trump,REP,4834,True
Wisconsin,Buffalo County,Joe Biden,DEM,2860,False
Wisconsin,Burnett County,Donald Trump,REP,6462,True
Wisconsin,Burnett County,Joe Biden,DEM,3569,False
Wisconsin,Calumet County,Donald Trump,REP,18156,True
Wisconsin,Calumet County,Joe Biden,DEM,12116,False
Wisconsin,Chippewa County,Donald Trump,REP,21317,True
Wisconsin,Chippewa County,Joe Biden,DEM,13983,False
Wisconsin,Clark County,Donald Trump,REP,10002,True
Wisconsin,Clark County,Joe Biden,DEM,4524,False
Wisconsin,Columbia County,Donald Trump,REP,16927,True
Wisconsin,Columbia County,Joe Biden,DEM,16410,False
Wisconsin,Crawford County,Donald Trump,REP,4620,True
Wisconsin,Crawford County,Joe Biden,DEM,3953,False
Wisconsin,Dane County,Joe Biden,DEM,260185,True
Wisconsin,Dane County,Donald Trump,REP,78800,False
Wisconsin,Dodge County,Donald Trump,REP,31355,True
Wisconsin,Dodge County,Joe Biden,DEM,16356,False
Wisconsin,Door County,Joe Biden,DEM,10044,True
Wisconsin,Door County,Donald Trump,REP,9752,False
Wisconsin,Douglas County,Joe Biden,DEM,13218,True
Wisconsin,Douglas County,Donald Trump,REP,10923,False
Wisconsin,Dunn County,Donald Trump,REP,13173,True
Wisconsin,Dunn County,Joe Biden,DEM,9897,False
Wisconsin,Eau Claire County,Joe Biden,DEM,31620,True
Wisconsin,Eau Claire County,Donald Trump,REP,25341,False
Wisconsin,Florence County,Donald Trump,REP,2133,True
Wisconsin,Florence County,Joe Biden,DEM,781,False
Wisconsin,Fond du Lac County,Donald Trump,REP,35754,True
Wisconsin,Fond du Lac County,Joe Biden,DEM,20588,False
Wisconsin,Forest County,Donald Trump,REP,3285,True
Wisconsin,Forest County,Joe Biden,DEM,1721,False
Wisconsin,Grant County,Donald Trump,REP,14142,True
Wisconsin,Grant County,Joe Biden,DEM,10998,False
Wisconsin,Green County,Joe Biden,DEM,10851,True
Wisconsin,Green County,Donald Trump,REP,10169,False
Wisconsin,Green Lake County,Donald Trump,REP,7168,True
Wisconsin,Green Lake County,Joe Biden,DEM,3344,False
Wisconsin,Iowa County,Joe Biden,DEM,7828,True
Wisconsin,Iowa County,Donald Trump,REP,5909,False
Wisconsin,Iron County,Donald Trump,REP,2438,True
Wisconsin,Iron County,Joe Biden,DEM,1533,False
Wisconsin,Jackson County,Donald Trump,REP,5791,True
Wisconsin,Jackson County,Joe Biden,DEM,4256,False
Wisconsin,Jefferson County,Donald Trump,REP,27208,True
Wisconsin,Jefferson County,Joe Biden,DEM,19904,False
Wisconsin,Juneau County,Donald Trump,REP,8749,True
Wisconsin,Juneau County,Joe Biden,DEM,4746,False
Wisconsin,Kenosha County,Donald Trump,REP,44972,True
Wisconsin,Kenosha County,Joe Biden,DEM,42193,False
Wisconsin,Kewaunee County,Donald Trump,REP,7927,True
Wisconsin,Kewaunee County,Joe Biden,DEM,3976,False
Wisconsin,La Crosse County,Joe Biden,DEM,37846,True
Wisconsin,La Crosse County,Donald Trump,REP,28684,False
Wisconsin,Lafayette County,Donald Trump,REP,4821,True
Wisconsin,Lafayette County,Joe Biden,DEM,3647,False
Wisconsin,Langlade County,Donald Trump,REP,7330,True
Wisconsin,Langlade County,Joe Biden,DEM,3704,False
Wisconsin,Lincoln County,Donald Trump,REP,10017,True
Wisconsin,Lincoln County,Joe Biden,DEM,6261,False
Wisconsin,Manitowoc County,Donald Trump,REP,27218,True
Wisconsin,Manitowoc County,Joe Biden,DEM,16818,False
Wisconsin,Marathon County,Donald Trump,REP,44624,True
Wisconsin,Marathon County,Joe Biden,DEM,30808,False
Wisconsin,Marinette County,Donald Trump,REP,15304,True
Wisconsin,Marinette County,Joe Biden,DEM,7366,False
Wisconsin,Marquette County,Donald Trump,REP,5719,True
Wisconsin,Marquette County,Joe Biden,DEM,3239,False
Wisconsin,Menominee County,Joe Biden,DEM,1303,True
Wisconsin,Menominee County,Donald Trump,REP,278,False
Wisconsin,Milwaukee County,Joe Biden,DEM,317270,True
Wisconsin,Milwaukee County,Donald Trump,REP,134357,False
Wisconsin,Monroe County,Donald Trump,REP,13775,True
Wisconsin,Monroe County,Joe Biden,DEM,8433,False
Wisconsin,Oconto County,Donald Trump,REP,16226,True
Wisconsin,Oconto County,Joe Biden,DEM,6715,False
Wisconsin,Oneida County,Donald Trump,REP,13671,True
Wisconsin,Oneida County,Joe Biden,DEM,10105,False
Wisconsin,Outagamie County,Donald Trump,REP,58385,True
Wisconsin,Outagamie County,Joe Biden,DEM,47667,False
Wisconsin,Ozaukee County,Donald Trump,REP,33912,True
Wisconsin,Ozaukee County,Joe Biden,DEM,26517,False
Wisconsin,Pepin County,Donald Trump,REP,2584,True
Wisconsin,Pepin County,Joe Biden,DEM,1489,False
Wisconsin,Pierce County,Donald Trump,REP,12815,True
Wisconsin,Pierce County,Joe Biden,DEM,9796,False
Wisconsin,Polk County,Donald Trump,REP,16611,True
Wisconsin,Polk County,Joe Biden,DEM,9370,False
Wisconsin,Portage County,Joe Biden,DEM,20428,True
Wisconsin,Portage County,Donald Trump,REP,19299,False
Wisconsin,Price County,Donald Trump,REP,5394,True
Wisconsin,Price County,Joe Biden,DEM,3032,False
Wisconsin,Racine County,Donald Trump,REP,54479,True
Wisconsin,Racine County,Joe Biden,DEM,50159,False
Wisconsin,Richland County,Donald Trump,REP,4871,True
Wisconsin,Richland County,Joe Biden,DEM,3995,False
Wisconsin,Rock County,Joe Biden,DEM,46658,True
Wisconsin,Rock County,Donald Trump,REP,37138,False
Wisconsin,Rusk County,Donald Trump,REP,5257,True
Wisconsin,Rusk County,Joe Biden,DEM,2517,False
Wisconsin,St. Croix County,Donald Trump,REP,32199,True
Wisconsin,St. Croix County,Joe Biden,DEM,23190,False
Wisconsin,Sauk County,Joe Biden,DEM,18108,True
Wisconsin,Sauk County,Donald Trump,REP,17493,False
Wisconsin,Sawyer County,Donald Trump,REP,5909,True
Wisconsin,Sawyer County,Joe Biden,DEM,4498,False
Wisconsin,Shawano County,Donald Trump,REP,15173,True
Wisconsin,Shawano County,Joe Biden,DEM,7131,False
Wisconsin,Sheboygan County,Donald Trump,REP,37609,True
Wisconsin,Sheboygan County,Joe Biden,DEM,27101,False
Wisconsin,Taylor County,Donald Trump,REP,7657,True
Wisconsin,Taylor County,Joe Biden,DEM,2693,False
Wisconsin,Trempealeau County,Donald Trump,REP,8833,True
Wisconsin,Trempealeau County,Joe Biden,DEM,6285,False
Wisconsin,Vernon County,Donald Trump,REP,8218,True
Wisconsin,Vernon County,Joe Biden,DEM,7457,False
Wisconsin,Vilas County,Donald Trump,REP,9261,True
Wisconsin,Vilas County,Joe Biden,DEM,5903,False
Wisconsin,Walworth County,Donald Trump,REP,33851,True
Wisconsin,Walworth County,Joe Biden,DEM,22789,False
Wisconsin,Washburn County,Donald Trump,REP,6334,True
Wisconsin,Washburn County,Joe Biden,DEM,3867,False
Wisconsin,Washington County,Donald Trump,REP,60237,True
Wisconsin,Washington County,Joe Biden,DEM,26650,False
Wisconsin,Waukesha County,Donald Trump,REP,159649,True
Wisconsin,Waukesha County,Joe Biden,DEM,103906,False
Wisconsin,Waupaca County,Donald Trump,REP,18952,True
Wisconsin,Waupaca County,Joe Biden,DEM,9703,False
Wisconsin,Waushara County,Donald Trump,REP,9016,True
Wisconsin,Waushara County,Joe Biden,DEM,4388,False
Wisconsin,Winnebago County,Donald Trump,REP,47796,True
Wisconsin,Winnebago County,Joe Biden,DEM,44060,False
Wisconsin,Wood County,Donald Trump,REP,24308,True
Wisconsin,Wood County,Joe Biden,DEM,16365,False
Wyoming,Albany County,Joe Biden,DEM,9092,True
Wyoming,Albany County,Donald Trump,REP,8579,False
Wyoming,Big Horn County,Donald Trump,REP,4806,True
Wyoming,Big Horn County,Joe Biden,DEM,788,False
Wyoming,Campbell County,Donald Trump,REP,16975,True
Wyoming,Campbell County,Joe Biden,DEM,1935,False
Wyoming,Carbon County,Donald Trump,REP,5014,True
Wyoming,Carbon County,Joe Biden,DEM,1427,False
Wyoming,Converse County,Donald Trump,REP,5917,True
Wyoming,Converse County,Joe Biden,DEM,861,False
Wyoming,Crook County,Donald Trump,REP,3651,True
Wyoming,Crook County,Joe Biden,DEM,378,False
Wyoming,Fremont County,Donald Trump,REP,12007,True
Wyoming,Fremont County,Joe Biden,DEM,5519,False
Wyoming,Goshen County,Donald Trump,REP,4878,True
Wyoming,Goshen County,Joe Biden,DEM,1203,False
Wyoming,Hot Springs County,Donald Trump,REP,1999,True
Wyoming,Hot Springs County,Joe Biden,DEM,482,False
Wyoming,Johnson County,Donald Trump,REP,3881,True
Wyoming,Johnson County,Joe Biden,DEM,897,False
Wyoming,Laramie County,Donald Trump,REP,27891,True
Wyoming,Laramie County,Joe Biden,DEM,15217,False
Wyoming,Lincoln County,Donald Trump,REP,8643,True
Wyoming,Lincoln County,Joe Biden,DEM,1509,False
Wyoming,Natrona County,Donald Trump,REP,25271,True
Wyoming,Natrona County,Joe Biden,DEM,8530,False
Wyoming,Niobrara County,Donald Trump,REP,1118,True
Wyoming,Niobrara County,Joe Biden,DEM,155,False
Wyoming,Park County,Donald Trump,REP,12813,True
Wyoming,Park County,Joe Biden,DEM,3410,False
Wyoming,Platte County,Donald Trump,REP,3898,True
Wyoming,Platte County,Joe Biden,DEM,890,False
Wyoming,Sheridan County,Donald Trump,REP,11843,True
Wyoming,Sheridan County,Joe Biden,DEM,4043,False
Wyoming,Sublette County,Donald Trump,REP,3957,True
Wyoming,Sublette County,Joe Biden,DEM,882,False
Wyoming,Sweetwater County,Donald Trump,REP,12229,True
Wyoming,Sweetwater County,Joe Biden,DEM,3823,False
Wyoming,Teton County,Joe Biden,DEM,9848,True
Wyoming,Teton County,Donald Trump,REP,4341,False
Wyoming,Uinta County,Donald Trump,REP,7496,True
Wyoming,Uinta County,Joe Biden,DEM,1591,False
Wyoming,Washakie County,Donald Trump,REP,3245,True
Wyoming,Washakie County,Joe Biden,DEM,651,False
Wyoming,Weston County,Donald Trump,REP,3107,True
Wyoming,Weston County,Joe Biden,DEM,360,False
Alabama,Cherokee County,Donald Trump,REP,10583,True
Alabama,Cherokee County,Joe Biden,DEM,1624,False
Alabama,Chilton County,Donald Trump,REP,16085,True
Alabama,Chilton County,Joe Biden,DEM,3073,False
Alabama,Choctaw County,Donald Trump,REP,4296,True
Alabama,Choctaw County,Joe Biden,DEM,3127,False
Alabama,Clarke County,Donald Trump,REP,7324,True
Alabama,Clarke County,Joe Biden,DEM,5755,False
Alabama,Clay County,Donald Trump,REP,5601,True
Alabama,Clay County,Joe Biden,DEM,1267,False
Alabama,Cleburne County,Donald Trump,REP,6484,True
Alabama,Cleburne County,Joe Biden,DEM,675,False
Alabama,Coffee County,Donald Trump,REP,16899,True
Alabama,Coffee County,Joe Biden,DEM,5076,False
Alabama,Colbert County,Donald Trump,REP,19203,True
Alabama,Colbert County,Joe Biden,DEM,8343,False
Alabama,Conecuh County,Donald Trump,REP,3442,True
Alabama,Conecuh County,Joe Biden,DEM,2966,False
Alabama,Coosa County,Donald Trump,REP,3631,True
Alabama,Coosa County,Joe Biden,DEM,1796,False
Alabama,Autauga County,Donald Trump,REP,19838,True
Alabama,Autauga County,Joe Biden,DEM,7503,False
Alabama,Covington County,Donald Trump,REP,14586,True
Alabama,Covington County,Joe Biden,DEM,2721,False
Alabama,Crenshaw County,Donald Trump,REP,4864,True
Alabama,Crenshaw County,Joe Biden,DEM,1700,False
Alabama,Cullman County,Donald Trump,REP,36880,True
Alabama,Cullman County,Joe Biden,DEM,4478,False
Alabama,Dale County,Donald Trump,REP,14303,True
Alabama,Dale County,Joe Biden,DEM,5170,False
Alabama,Dallas County,Joe Biden,DEM,12230,True
Alabama,Dallas County,Donald Trump,REP,5524,False
Alabama,DeKalb County,Donald Trump,REP,24767,True
Alabama,DeKalb County,Joe Biden,DEM,4281,False
Alabama,Elmore County,Donald Trump,REP,30164,True
Alabama,Elmore County,Joe Biden,DEM,10367,False
Alabama,Escambia County,Donald Trump,REP,10869,True
Alabama,Escambia County,Joe Biden,DEM,4918,False
Alabama,Etowah County,Donald Trump,REP,35528,True
Alabama,Etowah County,Joe Biden,DEM,11567,False
Alabama,Fayette County,Donald Trump,REP,7300,True
Alabama,Fayette County,Joe Biden,DEM,1395,False
Alabama,Baldwin County,Donald Trump,REP,83544,True
Alabama,Baldwin County,Joe Biden,DEM,24578,False
Alabama,Franklin County,Donald Trump,REP,10376,True
Alabama,Franklin County,Joe Biden,DEM,2086,False
Alabama,Geneva County,Donald Trump,REP,10848,True
Alabama,Geneva County,Joe Biden,DEM,1595,False
Alabama,Greene County,Joe Biden,DEM,3884,True
Alabama,Greene County,Donald Trump,REP,875,False
Alabama,Hale County,Joe Biden,DEM,4687,True
Alabama,Hale County,Donald Trump,REP,3190,False
Alabama,Henry County,Donald Trump,REP,6607,True
Alabama,Henry County,Joe Biden,DEM,2606,False
Alabama,Houston County,Donald Trump,REP,32618,True
Alabama,Houston County,Joe Biden,DEM,12917,False
Alabama,Jackson County,Donald Trump,REP,19670,True
Alabama,Jackson County,Joe Biden,DEM,3717,False
Alabama,Jefferson County,Joe Biden,DEM,181688,True
Alabama,Jefferson County,Donald Trump,REP,138843,False
Alabama,Lamar County,Donald Trump,REP,6174,True
Alabama,Lamar County,Joe Biden,DEM,978,False
Alabama,Lauderdale County,Donald Trump,REP,31721,True
Alabama,Lauderdale County,Joe Biden,DEM,11915,False
Alabama,Barbour County,Donald Trump,REP,5622,True
Alabama,Barbour County,Joe Biden,DEM,4816,False
Alabama,Lawrence County,Donald Trump,REP,12322,True
Alabama,Lawrence County,Joe Biden,DEM,3562,False
Alabama,Lee County,Donald Trump,REP,42221,True
Alabama,Lee County,Joe Biden,DEM,27860,False
Alabama,Limestone County,Donald Trump,REP,34640,True
Alabama,Limestone County,Joe Biden,DEM,13672,False
Alabama,Lowndes County,Joe Biden,DEM,4972,True
Alabama,Lowndes County,Donald Trump,REP,1836,False
Alabama,Macon County,Joe Biden,DEM,7108,True
Alabama,Macon County,Donald Trump,REP,1541,False
Alabama,Madison County,Donald Trump,REP,102780,True
Alabama,Madison County,Joe Biden,DEM,87286,False
Alabama,Marengo County,Joe Biden,DEM,5488,True
Alabama,Marengo County,Donald Trump,REP,5343,False
Alabama,Marion County,Donald Trump,REP,12205,True
Alabama,Marion County,Joe Biden,DEM,1463,False
Alabama,Marshall County,Donald Trump,REP,33191,True
Alabama,Marshall County,Joe Biden,DEM,5943,False
Alabama,Mobile County,Donald Trump,REP,101243,True
Alabama,Mobile County,Joe Biden,DEM,79474,False
Alabama,Bibb County,Donald Trump,REP,7525,True
Alabama,Bibb County,Joe Biden,DEM,1986,False
Alabama,Monroe County,Donald Trump,REP,6147,True
Alabama,Monroe County,Joe Biden,DEM,4455,False
Alabama,Montgomery County,Joe Biden,DEM,64529,True
Alabama,Montgomery County,Donald Trump,REP,33311,False
Alabama,Morgan County,Donald Trump,REP,39664,True
Alabama,Morgan County,Joe Biden,DEM,13234,False
Alabama,Perry County,Joe Biden,DEM,3860,True
Alabama,Perry County,Donald Trump,REP,1339,False
Alabama,Pickens County,Donald Trump,REP,5594,True
Alabama,Pickens County,Joe Biden,DEM,4022,False
Alabama,Pike County,Donald Trump,REP,8042,True
Alabama,Pike County,Joe Biden,DEM,5636,False
Alabama,Randolph County,Donald Trump,REP,8559,True
Alabama,Randolph County,Joe Biden,DEM,2203,False
Alabama,Russell County,Joe Biden,DEM,11228,True
Alabama,Russell County,Donald Trump,REP,9864,False
Alabama,St. Clair County,Donald Trump,REP,36166,True
Alabama,St. Clair County,Joe Biden,DEM,7744,False
Alabama,Shelby County,Donald Trump,REP,79700,True
Alabama,Shelby County,Joe Biden,DEM,33268,False
Alabama,Blount County,Donald Trump,REP,24711,True
Alabama,Blount County,Joe Biden,DEM,2640,False
Alabama,Sumter County,Joe Biden,DEM,4648,True
Alabama,Sumter County,Donald Trump,REP,1598,False
Alabama,Talladega County,Donald Trump,REP,22235,True
Alabama,Talladega County,Joe Biden,DEM,13138,False
Alabama,Tallapoosa County,Donald Trump,REP,14963,True
Alabama,Tallapoosa County,Joe Biden,DEM,5859,False
Alabama,Tuscaloosa County,Donald Trump,REP,51117,True
Alabama,Tuscaloosa County,Joe Biden,DEM,37765,False
Alabama,Walker County,Donald Trump,REP,26002,True
Alabama,Walker County,Joe Biden,DEM,4834,False
Alabama,Washington County,Donald Trump,REP,6564,True
Alabama,Washington County,Joe Biden,DEM,2258,False
Alabama,Wilcox County,Joe Biden,DEM,4048,True
Alabama,Wilcox County,Donald Trump,REP,1833,False
Alabama,Winston County,Donald Trump,REP,10195,True
Alabama,Winston County,Joe Biden,DEM,974,False
Alabama,Bullock County,Joe Biden,DEM,3446,True
Alabama,Bullock County,Donald Trump,REP,1146,False
Alabama,Butler County,Donald Trump,REP,5458,True
Alabama,Butler County,Joe Biden,DEM,3965,False
Alabama,Calhoun County,Donald Trump,REP,35101,True
Alabama,Calhoun County,Joe Biden,DEM,15216,False
Alabama,Chambers County,Donald Trump,REP,8753,True
Alabama,Chambers County,Joe Biden,DEM,6365,False
Alaska,ED 10,Donald Trump,REP,8081,True
Alaska,ED 10,Joe Biden,DEM,2727,False
Alaska,ED 11,Donald Trump,REP,7096,True
Alaska,ED 11,Joe Biden,DEM,3130,False
Alaska,ED 12,Donald Trump,REP,7893,True
Alaska,ED 12,Joe Biden,DEM,2957,False
Alaska,ED 13,Donald Trump,REP,4652,True
Alaska,ED 13,Joe Biden,DEM,2666,False
Alaska,ED 14,Donald Trump,REP,6714,True
Alaska,ED 14,Joe Biden,DEM,4261,False
Alaska,ED 15,Donald Trump,REP,2671,True
Alaska,ED 15,Joe Biden,DEM,2622,False
Alaska,ED 16,Joe Biden,DEM,4274,True
Alaska,ED 16,Donald Trump,REP,3516,False
Alaska,ED 17,Joe Biden,DEM,4136,True
Alaska,ED 17,Donald Trump,REP,2810,False
Alaska,ED 18,Joe Biden,DEM,4681,True
Alaska,ED 18,Donald Trump,REP,2760,False
Alaska,ED 19,Joe Biden,DEM,3118,True
Alaska,ED 19,Donald Trump,REP,1975,False
Alaska,ED 1,Donald Trump,REP,3511,True
Alaska,ED 1,Joe Biden,DEM,3477,False
Alaska,ED 20,Joe Biden,DEM,4881,True
Alaska,ED 20,Donald Trump,REP,2383,False
Alaska,ED 21,Joe Biden,DEM,5414,True
Alaska,ED 21,Donald Trump,REP,3690,False
Alaska,ED 22,Donald Trump,REP,4684,True
Alaska,ED 22,Joe Biden,DEM,4553,False
Alaska,ED 23,Joe Biden,DEM,3810,True
Alaska,ED 23,Donald Trump,REP,3655,False
Alaska,ED 24,Donald Trump,REP,5378,True
Alaska,ED 24,Joe Biden,DEM,4736,False
Alaska,ED 25,Joe Biden,DEM,4600,True
Alaska,ED 25,Donald Trump,REP,4407,False
Alaska,ED 26,Donald Trump,REP,5243,False
Alaska,ED 26,Joe Biden,DEM,4558,False
Alaska,ED 27,Joe Biden,DEM,4844,False
Alaska,ED 27,Donald Trump,REP,4324,False
Alaska,ED 28,Joe Biden,DEM,6264,False
Alaska,ED 28,Donald Trump,REP,6162,False
Alaska,ED 29,Donald Trump,REP,7464,True
Alaska,ED 29,Joe Biden,DEM,2985,False
Alaska,ED 2,Donald Trump,REP,3674,True
Alaska,ED 2,Joe Biden,DEM,2104,False
Alaska,ED 30,Donald Trump,REP,7180,True
Alaska,ED 30,Joe Biden,DEM,2638,False
Alaska,ED 31,Donald Trump,REP,6971,True
Alaska,ED 31,Joe Biden,DEM,5037,False
Alaska,ED 32,Donald Trump,REP,4440,True
Alaska,ED 32,Joe Biden,DEM,3506,False
Alaska,ED 33,Joe Biden,DEM,7535,True
Alaska,ED 33,Donald Trump,REP,3059,False
Alaska,ED 34,Joe Biden,DEM,5763,True
Alaska,ED 34,Donald Trump,REP,4543,False
Alaska,ED 35,Joe Biden,DEM,5011,True
Alaska,ED 35,Donald Trump,REP,4769,False
Alaska,ED 36,Donald Trump,REP,5114,True
Alaska,ED 36,Joe Biden,DEM,3796,False
Alaska,ED 37,Joe Biden,DEM,2560,True
Alaska,ED 37,Donald Trump,REP,2358,False
Alaska,ED 38,Joe Biden,DEM,3202,True
Alaska,ED 38,Donald Trump,REP,1737,False
Alaska,ED 39,Joe Biden,DEM,3580,True
Alaska,ED 39,Donald Trump,REP,1939,False
Alaska,ED 3,Donald Trump,REP,6076,True
Alaska,ED 3,Joe Biden,DEM,1903,False
Alaska,ED 40,Joe Biden,DEM,2318,True
Alaska,ED 40,Donald Trump,REP,1994,False
Alaska,ED 4,Joe Biden,DEM,5345,True
Alaska,ED 4,Donald Trump,REP,4690,False
Alaska,ED 5,Joe Biden,DEM,4204,True
Alaska,ED 5,Donald Trump,REP,4077,False
Alaska,ED 6,Donald Trump,REP,5770,True
Alaska,ED 6,Joe Biden,DEM,3272,False
Alaska,ED 7,Donald Trump,REP,7027,True
Alaska,ED 7,Joe Biden,DEM,2215,False
Alaska,ED 8,Donald Trump,REP,7618,True
Alaska,ED 8,Joe Biden,DEM,1953,False
Alaska,ED 9,Donald Trump,REP,7787,True
Alaska,ED 9,Joe Biden,DEM,2769,False
Arkansas,Clark County,Donald Trump,REP,4616,True
Arkansas,Clark County,Joe Biden,DEM,3438,False
Arkansas,Clay County,Donald Trump,REP,4086,True
Arkansas,Clay County,Joe Biden,DEM,962,False
Arkansas,Cleburne County,Donald Trump,REP,10328,True
Arkansas,Cleburne County,Joe Biden,DEM,1988,False
Arkansas,Cleveland County,Donald Trump,REP,2867,True
Arkansas,Cleveland County,Joe Biden,DEM,651,False
Arkansas,Columbia County,Donald Trump,REP,5500,True
Arkansas,Columbia County,Joe Biden,DEM,2814,False
Arkansas,Conway County,Donald Trump,REP,5694,True
Arkansas,Conway County,Joe Biden,DEM,2615,False
Arkansas,Craighead County,Donald Trump,REP,25558,True
Arkansas,Craighead County,Joe Biden,DEM,11921,False
Arkansas,Crawford County,Donald Trump,REP,18607,True
Arkansas,Crawford County,Joe Biden,DEM,4959,False
Arkansas,Crittenden County,Joe Biden,DEM,8514,True
Arkansas,Crittenden County,Donald Trump,REP,7333,False
Arkansas,Cross County,Donald Trump,REP,4946,True
Arkansas,Cross County,Joe Biden,DEM,1772,False
Arkansas,Arkansas County,Donald Trump,REP,4304,True
Arkansas,Arkansas County,Joe Biden,DEM,1818,False
Arkansas,Dallas County,Donald Trump,REP,1573,True
Arkansas,Dallas County,Joe Biden,DEM,963,False
Arkansas,Desha County,Joe Biden,DEM,2016,True
Arkansas,Desha County,Donald Trump,REP,1921,False
Arkansas,Drew County,Donald Trump,REP,4349,True
Arkansas,Drew County,Joe Biden,DEM,2426,False
Arkansas,Faulkner County,Donald Trump,REP,34421,True
Arkansas,Faulkner County,Joe Biden,DEM,18347,False
Arkansas,Franklin County,Donald Trump,REP,5677,True
Arkansas,Franklin County,Joe Biden,DEM,1300,False
Arkansas,Fulton County,Donald Trump,REP,3961,True
Arkansas,Fulton County,Joe Biden,DEM,1035,False
Arkansas,Garland County,Donald Trump,REP,29069,True
Arkansas,Garland County,Joe Biden,DEM,14045,False
Arkansas,Grant County,Donald Trump,REP,6794,True
Arkansas,Grant County,Joe Biden,DEM,1268,False
Arkansas,Greene County,Donald Trump,REP,12670,True
Arkansas,Greene County,Joe Biden,DEM,3058,False
Arkansas,Hempstead County,Donald Trump,REP,4470,True
Arkansas,Hempstead County,Joe Biden,DEM,2138,False
Arkansas,Ashley County,Donald Trump,REP,5548,True
Arkansas,Ashley County,Joe Biden,DEM,2125,False
Arkansas,Hot Spring County,Donald Trump,REP,9202,True
Arkansas,Hot Spring County,Joe Biden,DEM,3082,False
Arkansas,Howard County,Donald Trump,REP,3367,True
Arkansas,Howard County,Joe Biden,DEM,1340,False
Arkansas,Independence County,Donald Trump,REP,11250,True
Arkansas,Independence County,Joe Biden,DEM,2806,False
Arkansas,Izard County,Donald Trump,REP,4631,True
Arkansas,Izard County,Joe Biden,DEM,1021,False
Arkansas,Jackson County,Donald Trump,REP,3593,True
Arkansas,Jackson County,Joe Biden,DEM,1365,False
Arkansas,Jefferson County,Joe Biden,DEM,14981,True
Arkansas,Jefferson County,Donald Trump,REP,9521,False
Arkansas,Johnson County,Donald Trump,REP,6938,True
Arkansas,Johnson County,Joe Biden,DEM,2283,False
Arkansas,Lafayette County,Donald Trump,REP,1757,True
Arkansas,Lafayette County,Joe Biden,DEM,839,False
Arkansas,Lawrence County,Donald Trump,REP,4569,True
Arkansas,Lawrence County,Joe Biden,DEM,1080,False
Arkansas,Lee County,Joe Biden,DEM,1423,True
Arkansas,Lee County,Donald Trump,REP,1286,False
Arkansas,Baxter County,Donald Trump,REP,15836,True
Arkansas,Baxter County,Joe Biden,DEM,4635,False
Arkansas,Lincoln County,Donald Trump,REP,2729,True
Arkansas,Lincoln County,Joe Biden,DEM,1032,False
Arkansas,Little River County,Donald Trump,REP,3715,True
Arkansas,Little River County,Joe Biden,DEM,1226,False
Arkansas,Logan County,Donald Trump,REP,6441,True
Arkansas,Logan County,Joe Biden,DEM,1544,False
Arkansas,Lonoke County,Donald Trump,REP,22884,True
Arkansas,Lonoke County,Joe Biden,DEM,6686,False
Arkansas,Madison County,Donald Trump,REP,5658,True
Arkansas,Madison County,Joe Biden,DEM,1563,False
Arkansas,Marion County,Donald Trump,REP,5783,True
Arkansas,Marion County,Joe Biden,DEM,1531,False
Arkansas,Miller County,Donald Trump,REP,11920,True
Arkansas,Miller County,Joe Biden,DEM,4245,False
Arkansas,Mississippi County,Donald Trump,REP,7296,True
Arkansas,Mississippi County,Joe Biden,DEM,4558,False
Arkansas,Monroe County,Donald Trump,REP,1545,True
Arkansas,Monroe County,Joe Biden,DEM,1147,False
Arkansas,Montgomery County,Donald Trump,REP,3046,True
Arkansas,Montgomery County,Joe Biden,DEM,731,False
Arkansas,Benton County,Donald Trump,REP,73965,True
Arkansas,Benton County,Joe Biden,DEM,42249,False
Arkansas,Nevada County,Donald Trump,REP,2133,True
Arkansas,Nevada County,Joe Biden,DEM,1076,False
Arkansas,Newton County,Donald Trump,REP,3192,True
Arkansas,Newton County,Joe Biden,DEM,709,False
Arkansas,Ouachita County,Donald Trump,REP,5294,True
Arkansas,Ouachita County,Joe Biden,DEM,3995,False
Arkansas,Perry County,Donald Trump,REP,3479,True
Arkansas,Perry County,Joe Biden,DEM,1012,False
Arkansas,Phillips County,Joe Biden,DEM,3623,True
Arkansas,Phillips County,Donald Trump,REP,2417,False
Arkansas,Pike County,Donald Trump,REP,3519,True
Arkansas,Pike County,Joe Biden,DEM,644,False
Arkansas,Poinsett County,Donald Trump,REP,5918,True
Arkansas,Poinsett County,Joe Biden,DEM,1424,False
Arkansas,Polk County,Donald Trump,REP,7035,True
Arkansas,Polk County,Joe Biden,DEM,1246,False
Arkansas,Pope County,Donald Trump,REP,18081,True
Arkansas,Pope County,Joe Biden,DEM,5772,False
Arkansas,Prairie County,Donald Trump,REP,2786,True
Arkansas,Prairie County,Joe Biden,DEM,654,False
Arkansas,Boone County,Donald Trump,REP,13652,True
Arkansas,Boone County,Joe Biden,DEM,3064,False
Arkansas,Pulaski County,Joe Biden,DEM,101947,True
Arkansas,Pulaski County,Donald Trump,REP,63687,False
Arkansas,Randolph County,Donald Trump,REP,5355,True
Arkansas,Randolph County,Joe Biden,DEM,1215,False
Arkansas,St. Francis County,Joe Biden,DEM,3604,True
Arkansas,St. Francis County,Donald Trump,REP,3242,False
Arkansas,Saline County,Donald Trump,REP,39556,True
Arkansas,Saline County,Joe Biden,DEM,16060,False
Arkansas,Scott County,Donald Trump,REP,2962,True
Arkansas,Scott County,Joe Biden,DEM,483,False
Arkansas,Searcy County,Donald Trump,REP,3365,True
Arkansas,Searcy County,Joe Biden,DEM,588,False
Arkansas,Sebastian County,Donald Trump,REP,31198,True
Arkansas,Sebastian County,Joe Biden,DEM,14487,False
Arkansas,Sevier County,Donald Trump,REP,3884,True
Arkansas,Sevier County,Joe Biden,DEM,1116,False
Arkansas,Sharp County,Donald Trump,REP,5938,True
Arkansas,Sharp County,Joe Biden,DEM,1398,False
Arkansas,Stone County,Donald Trump,REP,4616,True
Arkansas,Stone County,Joe Biden,DEM,1180,False
Arkansas,Bradley County,Donald Trump,REP,2335,True
Arkansas,Bradley County,Joe Biden,DEM,1214,False
Arkansas,Union County,Donald Trump,REP,10478,True
Arkansas,Union County,Joe Biden,DEM,5584,False
Arkansas,Van Buren County,Donald Trump,REP,6034,True
Arkansas,Van Buren County,Joe Biden,DEM,1593,False
Arkansas,Washington County,Donald Trump,REP,47504,True
Arkansas,Washington County,Joe Biden,DEM,43824,False
Arkansas,White County,Donald Trump,REP,24182,True
Arkansas,White County,Joe Biden,DEM,5978,False
Arkansas,Woodruff County,Donald Trump,REP,1543,True
Arkansas,Woodruff County,Joe Biden,DEM,856,False
Arkansas,Yell County,Donald Trump,REP,5226,True
Arkansas,Yell County,Joe Biden,DEM,1284,False
Arkansas,Calhoun County,Donald Trump,REP,1636,True
Arkansas,Calhoun County,Joe Biden,DEM,479,False
Arkansas,Carroll County,Donald Trump,REP,7424,True
Arkansas,Carroll County,Joe Biden,DEM,4023,False
Arkansas,Chicot County,Joe Biden,DEM,2260,True
Arkansas,Chicot County,Donald Trump,REP,1752,False
California,Fresno County,Joe Biden,DEM,193025,True
California,Fresno County,Donald Trump,REP,164464,False
California,Glenn County,Donald Trump,REP,7063,True
California,Glenn County,Joe Biden,DEM,3995,False
California,Humboldt County,Joe Biden,DEM,44768,True
California,Humboldt County,Donald Trump,REP,21770,False
California,Imperial County,Joe Biden,DEM,34678,True
California,Imperial County,Donald Trump,REP,20847,False
California,Inyo County,Joe Biden,DEM,4634,True
California,Inyo County,Donald Trump,REP,4620,False
California,Kern County,Donald Trump,REP,164484,True
California,Kern County,Joe Biden,DEM,133366,False
California,Kings County,Donald Trump,REP,24072,True
California,Kings County,Joe Biden,DEM,18699,False
California,Lake County,Joe Biden,DEM,14941,True
California,Lake County,Donald Trump,REP,13123,False
California,Lassen County,Donald Trump,REP,8970,True
California,Lassen County,Joe Biden,DEM,2799,False
California,Los Angeles County,Joe Biden,DEM,3028885,True
California,Los Angeles County,Donald Trump,REP,1145530,False
California,Alameda County,Joe Biden,DEM,617659,True
California,Alameda County,Donald Trump,REP,136309,False
California,Madera County,Donald Trump,REP,29378,True
California,Madera County,Joe Biden,DEM,23168,False
California,Marin County,Joe Biden,DEM,128288,True
California,Marin County,Donald Trump,REP,24612,False
California,Mariposa County,Donald Trump,REP,5950,True
California,Mariposa County,Joe Biden,DEM,4088,False
California,Mendocino County,Joe Biden,DEM,28782,True
California,Mendocino County,Donald Trump,REP,13267,False
California,Merced County,Joe Biden,DEM,48991,True
California,Merced County,Donald Trump,REP,39397,False
California,Modoc County,Donald Trump,REP,3109,True
California,Modoc County,Joe Biden,DEM,1150,False
California,Mono County,Joe Biden,DEM,4013,True
California,Mono County,Donald Trump,REP,2513,False
California,Monterey County,Joe Biden,DEM,113953,True
California,Monterey County,Donald Trump,REP,46299,False
California,Napa County,Joe Biden,DEM,49817,True
California,Napa County,Donald Trump,REP,20676,False
California,Nevada County,Joe Biden,DEM,36359,True
California,Nevada County,Donald Trump,REP,26779,False
California,Alpine County,Joe Biden,DEM,476,True
California,Alpine County,Donald Trump,REP,244,False
California,Orange County,Joe Biden,DEM,814009,True
California,Orange County,Donald Trump,REP,676498,False
California,Placer County,Donald Trump,REP,122488,True
California,Placer County,Joe Biden,DEM,106869,False
California,Plumas County,Donald Trump,REP,6445,True
California,Plumas County,Joe Biden,DEM,4561,False
California,Riverside County,Joe Biden,DEM,527945,True
California,Riverside County,Donald Trump,REP,448702,False
California,Sacramento County,Joe Biden,DEM,440808,True
California,Sacramento County,Donald Trump,REP,259405,False
California,San Benito County,Joe Biden,DEM,17628,True
California,San Benito County,Donald Trump,REP,10590,False
California,San Bernardino County,Joe Biden,DEM,455859,True
California,San Bernardino County,Donald Trump,REP,366257,False
California,San Diego County,Joe Biden,DEM,964650,True
California,San Diego County,Donald Trump,REP,600094,False
California,San Francisco County,Joe Biden,DEM,378156,True
California,San Francisco County,Donald Trump,REP,56417,False
California,San Joaquin County,Joe Biden,DEM,161137,True
California,San Joaquin County,Donald Trump,REP,121098,False
California,Amador County,Donald Trump,REP,13585,True
California,Amador County,Joe Biden,DEM,8153,False
California,San Luis Obispo County,Joe Biden,DEM,88310,True
California,San Luis Obispo County,Donald Trump,REP,67436,False
California,San Mateo County,Joe Biden,DEM,291410,True
California,San Mateo County,Donald Trump,REP,75563,False
California,Santa Barbara County,Joe Biden,DEM,129963,True
California,Santa Barbara County,Donald Trump,REP,65736,False
California,Santa Clara County,Joe Biden,DEM,617967,True
California,Santa Clara County,Donald Trump,REP,214612,False
California,Santa Cruz County,Joe Biden,DEM,114246,True
California,Santa Cruz County,Donald Trump,REP,26937,False
California,Shasta County,Donald Trump,REP,60789,True
California,Shasta County,Joe Biden,DEM,30000,False
California,Sierra County,Donald Trump,REP,1142,True
California,Sierra County,Joe Biden,DEM,730,False
California,Siskiyou County,Donald Trump,REP,13290,True
California,Siskiyou County,Joe Biden,DEM,9593,False
California,Solano County,Joe Biden,DEM,131639,True
California,Solano County,Donald Trump,REP,69306,False
California,Sonoma County,Joe Biden,DEM,199938,True
California,Sonoma County,Donald Trump,REP,61825,False
California,Butte County,Joe Biden,DEM,50426,True
California,Butte County,Donald Trump,REP,48730,False
California,Stanislaus County,Joe Biden,DEM,105841,True
California,Stanislaus County,Donald Trump,REP,104145,False
California,Sutter County,Donald Trump,REP,24375,True
California,Sutter County,Joe Biden,DEM,17367,False
California,Tehama County,Donald Trump,REP,19141,True
California,Tehama County,Joe Biden,DEM,8911,False
California,Trinity County,Donald Trump,REP,3188,True
California,Trinity County,Joe Biden,DEM,2851,False
California,Tulare County,Donald Trump,REP,77579,True
California,Tulare County,Joe Biden,DEM,66105,False
California,Tuolumne County,Donald Trump,REP,17689,True
California,Tuolumne County,Joe Biden,DEM,11978,False
California,Ventura County,Joe Biden,DEM,251388,True
California,Ventura County,Donald Trump,REP,162207,False
California,Yolo County,Joe Biden,DEM,67598,True
California,Yolo County,Donald Trump,REP,27292,False
California,Yuba County,Donald Trump,REP,17676,True
California,Yuba County,Joe Biden,DEM,11230,False
California,Calaveras County,Donald Trump,REP,16518,True
California,Calaveras County,Joe Biden,DEM,10046,False
California,Colusa County,Donald Trump,REP,4554,True
California,Colusa County,Joe Biden,DEM,3234,False
California,Contra Costa County,Joe Biden,DEM,416386,True
California,Contra Costa County,Donald Trump,REP,152877,False
California,Del Norte County,Donald Trump,REP,6461,True
California,Del Norte County,Joe Biden,DEM,4677,False
California,El Dorado County,Donald Trump,REP,61838,True
California,El Dorado County,Joe Biden,DEM,51621,False
Colorado,Clear Creek County,Joe Biden,DEM,3604,True
Colorado,Clear Creek County,Donald Trump,REP,2754,False
Colorado,Conejos County,Donald Trump,REP,2286,True
Colorado,Conejos County,Joe Biden,DEM,1959,False
Colorado,Costilla County,Joe Biden,DEM,1311,True
Colorado,Costilla County,Donald Trump,REP,741,False
Colorado,Crowley County,Donald Trump,REP,1271,True
Colorado,Crowley County,Joe Biden,DEM,437,False
Colorado,Custer County,Donald Trump,REP,2474,True
Colorado,Custer County,Joe Biden,DEM,1112,False
Colorado,Delta County,Donald Trump,REP,13081,True
Colorado,Delta County,Joe Biden,DEM,5887,False
Colorado,Denver County,Joe Biden,DEM,313293,True
Colorado,Denver County,Donald Trump,REP,71618,False
Colorado,Dolores County,Donald Trump,REP,1089,True
Colorado,Dolores County,Joe Biden,DEM,341,False
Colorado,Douglas County,Donald Trump,REP,121270,True
Colorado,Douglas County,Joe Biden,DEM,104653,False
Colorado,Eagle County,Joe Biden,DEM,18588,True
Colorado,Eagle County,Donald Trump,REP,9892,False
Colorado,Adams County,Joe Biden,DEM,134202,True
Colorado,Adams County,Donald Trump,REP,95657,False
Colorado,Elbert County,Donald Trump,REP,14027,True
Colorado,Elbert County,Joe Biden,DEM,4490,False
Colorado,El Paso County,Donald Trump,REP,202828,True
Colorado,El Paso County,Joe Biden,DEM,161941,False
Colorado,Fremont County,Donald Trump,REP,17517,True
Colorado,Fremont County,Joe Biden,DEM,7369,False
Colorado,Garfield County,Joe Biden,DEM,15427,True
Colorado,Garfield County,Donald Trump,REP,14717,False
Colorado,Gilpin County,Joe Biden,DEM,2223,True
Colorado,Gilpin County,Donald Trump,REP,1833,False
Colorado,Grand County,Donald Trump,REP,4883,True
Colorado,Grand County,Joe Biden,DEM,4710,False
Colorado,Gunnison County,Joe Biden,DEM,7132,True
Colorado,Gunnison County,Donald Trump,REP,3735,False
Colorado,Hinsdale County,Donald Trump,REP,353,True
Colorado,Hinsdale County,Joe Biden,DEM,255,False
Colorado,Huerfano County,Donald Trump,REP,2203,True
Colorado,Huerfano County,Joe Biden,DEM,2076,False
Colorado,Jackson County,Donald Trump,REP,681,True
Colorado,Jackson County,Joe Biden,DEM,175,False
Colorado,Alamosa County,Donald Trump,REP,3813,True
Colorado,Alamosa County,Joe Biden,DEM,3759,False
Colorado,Jefferson County,Joe Biden,DEM,218396,True
Colorado,Jefferson County,Donald Trump,REP,148417,False
Colorado,Kiowa County,Donald Trump,REP,795,True
Colorado,Kiowa County,Joe Biden,DEM,98,False
Colorado,Kit Carson County,Donald Trump,REP,3144,True
Colorado,Kit Carson County,Joe Biden,DEM,662,False
Colorado,Lake County,Joe Biden,DEM,2303,True
Colorado,Lake County,Donald Trump,REP,1497,False
Colorado,La Plata County,Joe Biden,DEM,20548,True
Colorado,La Plata County,Donald Trump,REP,14233,False
Colorado,Larimer County,Joe Biden,DEM,126120,True
Colorado,Larimer County,Donald Trump,REP,91489,False
Colorado,Las Animas County,Donald Trump,REP,4284,True
Colorado,Las Animas County,Joe Biden,DEM,3497,False
Colorado,Lincoln County,Donald Trump,REP,2135,True
Colorado,Lincoln County,Joe Biden,DEM,470,False
Colorado,Logan County,Donald Trump,REP,8087,True
Colorado,Logan County,Joe Biden,DEM,2218,False
Colorado,Mesa County,Donald Trump,REP,56894,True
Colorado,Mesa County,Joe Biden,DEM,31536,False
Colorado,Arapahoe County,Joe Biden,DEM,213607,True
Colorado,Arapahoe County,Donald Trump,REP,127323,False
Colorado,Mineral County,Donald Trump,REP,427,True
Colorado,Mineral County,Joe Biden,DEM,317,False
Colorado,Moffat County,Donald Trump,REP,5670,True
Colorado,Moffat County,Joe Biden,DEM,1203,False
Colorado,Montezuma County,Donald Trump,REP,9306,True
Colorado,Montezuma County,Joe Biden,DEM,5836,False
Colorado,Montrose County,Donald Trump,REP,16770,True
Colorado,Montrose County,Joe Biden,DEM,7687,False
Colorado,Morgan County,Donald Trump,REP,9593,True
Colorado,Morgan County,Joe Biden,DEM,3876,False
Colorado,Otero County,Donald Trump,REP,5756,True
Colorado,Otero County,Joe Biden,DEM,3605,False
Colorado,Ouray County,Joe Biden,DEM,2365,True
Colorado,Ouray County,Donald Trump,REP,1577,False
Colorado,Park County,Donald Trump,REP,6991,True
Colorado,Park County,Joe Biden,DEM,4903,False
Colorado,Phillips County,Donald Trump,REP,1958,True
Colorado,Phillips County,Joe Biden,DEM,486,False
Colorado,Pitkin County,Joe Biden,DEM,8989,True
Colorado,Pitkin County,Donald Trump,REP,2780,False
Colorado,Archuleta County,Donald Trump,REP,5189,True
Colorado,Archuleta County,Joe Biden,DEM,3738,False
Colorado,Prowers County,Donald Trump,REP,4008,True
Colorado,Prowers County,Joe Biden,DEM,1458,False
Colorado,Pueblo County,Joe Biden,DEM,43772,True
Colorado,Pueblo County,Donald Trump,REP,42252,False
Colorado,Rio Blanco County,Donald Trump,REP,3061,True
Colorado,Rio Blanco County,Joe Biden,DEM,561,False
Colorado,Rio Grande County,Donald Trump,REP,3660,True
Colorado,Rio Grande County,Joe Biden,DEM,2495,False
Colorado,Routt County,Joe Biden,DEM,10582,True
Colorado,Routt County,Donald Trump,REP,5925,False
Colorado,Saguache County,Joe Biden,DEM,1884,True
Colorado,Saguache County,Donald Trump,REP,1413,False
Colorado,San Juan County,Joe Biden,DEM,342,True
Colorado,San Juan County,Donald Trump,REP,202,False
Colorado,San Miguel County,Joe Biden,DEM,3924,True
Colorado,San Miguel County,Donald Trump,REP,1136,False
Colorado,Sedgwick County,Donald Trump,REP,1121,True
Colorado,Sedgwick County,Joe Biden,DEM,301,False
Colorado,Summit County,Joe Biden,DEM,12631,True
Colorado,Summit County,Donald Trump,REP,5322,False
Colorado,Baca County,Donald Trump,REP,1867,True
Colorado,Baca County,Joe Biden,DEM,317,False
Colorado,Teller County,Donald Trump,REP,11241,True
Colorado,Teller County,Joe Biden,DEM,5278,False
Colorado,Washington County,Donald Trump,REP,2595,True
Colorado,Washington County,Joe Biden,DEM,369,False
Colorado,Weld County,Donald Trump,REP,96145,True
Colorado,Weld County,Joe Biden,DEM,66060,False
Colorado,Yuma County,Donald Trump,REP,4107,True
Colorado,Yuma County,Joe Biden,DEM,785,False
Colorado,Broomfield County,Joe Biden,DEM,29077,True
Colorado,Broomfield County,Donald Trump,REP,16295,False
Colorado,Bent County,Donald Trump,REP,1503,True
Colorado,Bent County,Joe Biden,DEM,732,False
Colorado,Boulder County,Joe Biden,DEM,159089,True
Colorado,Boulder County,Donald Trump,REP,42501,False
Colorado,Chaffee County,Joe Biden,DEM,7160,True
Colorado,Chaffee County,Donald Trump,REP,6222,False
Colorado,Cheyenne County,Donald Trump,REP,993,True
Colorado,Cheyenne County,Joe Biden,DEM,131,False
Connecticut,North Canaan,Joe Biden,DEM,862,True
Connecticut,North Canaan,Donald Trump,REP,812,False
Connecticut,North Haven,Donald Trump,REP,7879,True
Connecticut,North Haven,Joe Biden,DEM,7389,False
Connecticut,North Stonington,Donald Trump,REP,1710,True
Connecticut,North Stonington,Joe Biden,DEM,1601,False
Connecticut,Norwalk,Joe Biden,DEM,29382,True
Connecticut,Norwalk,Donald Trump,REP,13311,False
Connecticut,Norwich,Joe Biden,DEM,9306,True
Connecticut,Norwich,Donald Trump,REP,5643,False
Connecticut,Old Lyme,Joe Biden,DEM,3226,True
Connecticut,Old Lyme,Donald Trump,REP,2099,False
Connecticut,Old Saybrook,Joe Biden,DEM,4253,True
Connecticut,Old Saybrook,Donald Trump,REP,2995,False
Connecticut,Orange,Joe Biden,DEM,4816,True
Connecticut,Orange,Donald Trump,REP,4317,False
Connecticut,Oxford,Donald Trump,REP,5118,True
Connecticut,Oxford,Joe Biden,DEM,3269,False
Connecticut,Plainfield,Donald Trump,REP,4080,True
Connecticut,Plainfield,Joe Biden,DEM,2849,False
Connecticut,Bethlehem,Donald Trump,REP,1393,True
Connecticut,Bethlehem,Joe Biden,DEM,937,False
Connecticut,Plainville,Donald Trump,REP,4811,True
Connecticut,Plainville,Joe Biden,DEM,4670,False
Connecticut,Plymouth,Donald Trump,REP,3984,True
Connecticut,Plymouth,Joe Biden,DEM,2477,False
Connecticut,Pomfret,Joe Biden,DEM,1357,True
Connecticut,Pomfret,Donald Trump,REP,1113,False
Connecticut,Portland,Joe Biden,DEM,3155,True
Connecticut,Portland,Donald Trump,REP,2641,False
Connecticut,Preston,Donald Trump,REP,1529,True
Connecticut,Preston,Joe Biden,DEM,1270,False
Connecticut,Prospect,Donald Trump,REP,3935,True
Connecticut,Prospect,Joe Biden,DEM,2110,False
Connecticut,Putnam,Donald Trump,REP,2193,True
Connecticut,Putnam,Joe Biden,DEM,2063,False
Connecticut,Redding,Joe Biden,DEM,3829,True
Connecticut,Redding,Donald Trump,REP,2052,False
Connecticut,Ridgefield,Joe Biden,DEM,10278,True
Connecticut,Ridgefield,Donald Trump,REP,5689,False
Connecticut,Rocky Hill,Joe Biden,DEM,6115,True
Connecticut,Rocky Hill,Donald Trump,REP,4670,False
Connecticut,Bloomfield,Joe Biden,DEM,11007,True
Connecticut,Bloomfield,Donald Trump,REP,1698,False
Connecticut,Roxbury,Joe Biden,DEM,937,True
Connecticut,Roxbury,Donald Trump,REP,660,False
Connecticut,Salem,Donald Trump,REP,1291,True
Connecticut,Salem,Joe Biden,DEM,1285,False
Connecticut,Salisbury,Joe Biden,DEM,2023,True
Connecticut,Salisbury,Donald Trump,REP,502,False
Connecticut,Scotland,Donald Trump,REP,537,True
Connecticut,Scotland,Joe Biden,DEM,406,False
Connecticut,Seymour,Donald Trump,REP,5242,True
Connecticut,Seymour,Joe Biden,DEM,4011,False
Connecticut,Sharon,Joe Biden,DEM,1019,True
Connecticut,Sharon,Donald Trump,REP,510,False
Connecticut,Shelton,Donald Trump,REP,12747,True
Connecticut,Shelton,Joe Biden,DEM,10837,False
Connecticut,Sherman,Joe Biden,DEM,1234,True
Connecticut,Sherman,Donald Trump,REP,1076,False
Connecticut,Simsbury,Joe Biden,DEM,10296,True
Connecticut,Simsbury,Donald Trump,REP,5575,False
Connecticut,Somers,Donald Trump,REP,3204,True
Connecticut,Somers,Joe Biden,DEM,2445,False
Connecticut,Bolton,Joe Biden,DEM,1727,True
Connecticut,Bolton,Donald Trump,REP,1482,False
Connecticut,Southbury,Joe Biden,DEM,6570,True
Connecticut,Southbury,Donald Trump,REP,6260,False
Connecticut,Southington,Donald Trump,REP,13473,True
Connecticut,Southington,Joe Biden,DEM,12855,False
Connecticut,South Windsor,Joe Biden,DEM,9596,True
Connecticut,South Windsor,Donald Trump,REP,5630,False
Connecticut,Sprague,Donald Trump,REP,882,True
Connecticut,Sprague,Joe Biden,DEM,641,False
Connecticut,Stafford,Donald Trump,REP,3461,True
Connecticut,Stafford,Joe Biden,DEM,2809,False
Connecticut,Stamford,Joe Biden,DEM,40437,True
Connecticut,Stamford,Donald Trump,REP,18242,False
Connecticut,Sterling,Donald Trump,REP,1229,True
Connecticut,Sterling,Joe Biden,DEM,639,False
Connecticut,Stonington,Joe Biden,DEM,7453,True
Connecticut,Stonington,Donald Trump,REP,4240,False
Connecticut,Stratford,Joe Biden,DEM,17363,True
Connecticut,Stratford,Donald Trump,REP,10516,False
Connecticut,Suffield,Joe Biden,DEM,4363,True
Connecticut,Suffield,Donald Trump,REP,4155,False
Connecticut,Bozrah,Donald Trump,REP,817,True
Connecticut,Bozrah,Joe Biden,DEM,703,False
Connecticut,Thomaston,Donald Trump,REP,2768,True
Connecticut,Thomaston,Joe Biden,DEM,1528,False
Connecticut,Thompson,Donald Trump,REP,3005,True
Connecticut,Thompson,Joe Biden,DEM,2050,False
Connecticut,Tolland,Joe Biden,DEM,5103,True
Connecticut,Tolland,Donald Trump,REP,3975,False
Connecticut,Torrington,Donald Trump,REP,9220,True
Connecticut,Torrington,Joe Biden,DEM,7283,False
Connecticut,Trumbull,Joe Biden,DEM,11919,True
Connecticut,Trumbull,Donald Trump,REP,9769,False
Connecticut,Union,Donald Trump,REP,307,True
Connecticut,Union,Joe Biden,DEM,249,False
Connecticut,Vernon,Joe Biden,DEM,9259,True
Connecticut,Vernon,Donald Trump,REP,5848,False
Connecticut,Voluntown,Donald Trump,REP,918,True
Connecticut,Voluntown,Joe Biden,DEM,566,False
Connecticut,Wallingford,Joe Biden,DEM,13560,True
Connecticut,Wallingford,Donald Trump,REP,11831,False
Connecticut,Warren,Donald Trump,REP,470,True
Connecticut,Warren,Joe Biden,DEM,465,False
Connecticut,Branford,Joe Biden,DEM,10562,True
Connecticut,Branford,Donald Trump,REP,7098,False
Connecticut,Washington,Joe Biden,DEM,1461,True
Connecticut,Washington,Donald Trump,REP,770,False
Connecticut,Waterbury,Joe Biden,DEM,21573,True
Connecticut,Waterbury,Donald Trump,REP,14157,False
Connecticut,Waterford,Joe Biden,DEM,6917,True
Connecticut,Waterford,Donald Trump,REP,5124,False
Connecticut,Watertown,Donald Trump,REP,7976,True
Connecticut,Watertown,Joe Biden,DEM,4612,False
Connecticut,Westbrook,Joe Biden,DEM,2288,True
Connecticut,Westbrook,Donald Trump,REP,1958,False
Connecticut,West Hartford,Joe Biden,DEM,27298,True
Connecticut,West Hartford,Donald Trump,REP,8451,False
Connecticut,West Haven,Joe Biden,DEM,14245,True
Connecticut,West Haven,Donald Trump,REP,8126,False
Connecticut,Weston,Joe Biden,DEM,4733,True
Connecticut,Weston,Donald Trump,REP,1680,False
Connecticut,Westport,Joe Biden,DEM,13048,True
Connecticut,Westport,Donald Trump,REP,4222,False
Connecticut,Wethersfield,Joe Biden,DEM,9612,True
Connecticut,Wethersfield,Donald Trump,REP,6413,False
Connecticut,Bridgeport,Joe Biden,DEM,33515,True
Connecticut,Bridgeport,Donald Trump,REP,8269,False
Connecticut,Willington,Joe Biden,DEM,1674,True
Connecticut,Willington,Donald Trump,REP,1445,False
Connecticut,Wilton,Joe Biden,DEM,7676,True
Connecticut,Wilton,Donald Trump,REP,3819,False
Connecticut,Winchester,Donald Trump,REP,2799,True
Connecticut,Winchester,Joe Biden,DEM,2304,False
Connecticut,Windham,Joe Biden,DEM,5365,True
Connecticut,Windham,Donald Trump,REP,2824,False
Connecticut,Windsor,Joe Biden,DEM,13183,True
Connecticut,Windsor,Donald Trump,REP,4090,False
Connecticut,Windsor Locks,Joe Biden,DEM,3751,True
Connecticut,Windsor Locks,Donald Trump,REP,3156,False
Connecticut,Wolcott,Donald Trump,REP,6519,True
Connecticut,Wolcott,Joe Biden,DEM,3333,False
Connecticut,Woodbridge,Joe Biden,DEM,3855,True
Connecticut,Woodbridge,Donald Trump,REP,1816,False
Connecticut,Woodbury,Donald Trump,REP,3295,True
Connecticut,Woodbury,Joe Biden,DEM,3181,False
Connecticut,Woodstock,Joe Biden,DEM,2548,True
Connecticut,Woodstock,Donald Trump,REP,2520,False
Connecticut,Bridgewater,Joe Biden,DEM,667,True
Connecticut,Bridgewater,Donald Trump,REP,549,False
Connecticut,Bristol,Joe Biden,DEM,15462,True
Connecticut,Bristol,Donald Trump,REP,13834,False
Connecticut,Brookfield,Joe Biden,DEM,5426,True
Connecticut,Brookfield,Donald Trump,REP,5226,False
Connecticut,Brooklyn,Donald Trump,REP,2262,True
Connecticut,Brooklyn,Joe Biden,DEM,1876,False
Connecticut,Andover,Joe Biden,DEM,1058,True
Connecticut,Andover,Donald Trump,REP,998,False
Connecticut,Burlington,Joe Biden,DEM,3099,True
Connecticut,Burlington,Donald Trump,REP,3034,False
Connecticut,Canaan,Joe Biden,DEM,437,True
Connecticut,Canaan,Donald Trump,REP,209,False
Connecticut,Canterbury,Donald Trump,REP,1755,True
Connecticut,Canterbury,Joe Biden,DEM,1182,False
Connecticut,Canton,Joe Biden,DEM,3878,True
Connecticut,Canton,Donald Trump,REP,2663,False
Connecticut,Chaplin,Donald Trump,REP,662,True
Connecticut,Chaplin,Joe Biden,DEM,598,False
Connecticut,Cheshire,Joe Biden,DEM,9745,True
Connecticut,Cheshire,Donald Trump,REP,7349,False
Connecticut,Chester,Joe Biden,DEM,1701,True
Connecticut,Chester,Donald Trump,REP,853,False
Connecticut,Clinton,Joe Biden,DEM,4368,True
Connecticut,Clinton,Donald Trump,REP,3312,False
Connecticut,Colchester,Joe Biden,DEM,5216,True
Connecticut,Colchester,Donald Trump,REP,4243,False
Connecticut,Colebrook,Donald Trump,REP,563,True
Connecticut,Colebrook,Joe Biden,DEM,403,False
Connecticut,Ansonia,Joe Biden,DEM,4521,True
Connecticut,Ansonia,Donald Trump,REP,3797,False
Connecticut,Columbia,Joe Biden,DEM,1888,True
Connecticut,Columbia,Donald Trump,REP,1600,False
Connecticut,Cornwall,Joe Biden,DEM,760,True
Connecticut,Cornwall,Donald Trump,REP,250,False
Connecticut,Coventry,Joe Biden,DEM,4011,True
Connecticut,Coventry,Donald Trump,REP,3545,False
Connecticut,Cromwell,Joe Biden,DEM,4872,True
Connecticut,Cromwell,Donald Trump,REP,3749,False
Connecticut,Danbury,Joe Biden,DEM,18869,True
Connecticut,Danbury,Donald Trump,REP,12788,False
Connecticut,Darien,Joe Biden,DEM,7876,True
Connecticut,Darien,Donald Trump,REP,4921,False
Connecticut,Deep River,Joe Biden,DEM,1785,True
Connecticut,Deep River,Donald Trump,REP,1076,False
Connecticut,Derby,Joe Biden,DEM,2963,True
Connecticut,Derby,Donald Trump,REP,2749,False
Connecticut,Durham,Joe Biden,DEM,2363,True
Connecticut,Durham,Donald Trump,REP,2330,False
Connecticut,Eastford,Donald Trump,REP,572,True
Connecticut,Eastford,Joe Biden,DEM,464,False
Connecticut,Ashford,Joe Biden,DEM,1330,True
Connecticut,Ashford,Donald Trump,REP,1160,False
Connecticut,East Granby,Joe Biden,DEM,1789,True
Connecticut,East Granby,Donald Trump,REP,1405,False
Connecticut,East Haddam,Joe Biden,DEM,2980,True
Connecticut,East Haddam,Donald Trump,REP,2731,False
Connecticut,East Hampton,Joe Biden,DEM,4051,True
Connecticut,East Hampton,Donald Trump,REP,3746,False
Connecticut,East Hartford,Joe Biden,DEM,14787,True
Connecticut,East Hartford,Donald Trump,REP,5524,False
Connecticut,East Haven,Donald Trump,REP,7572,True
Connecticut,East Haven,Joe Biden,DEM,6757,False
Connecticut,East Lyme,Joe Biden,DEM,7290,True
Connecticut,East Lyme,Donald Trump,REP,4285,False
Connecticut,Easton,Joe Biden,DEM,2777,True
Connecticut,Easton,Donald Trump,REP,2178,False
Connecticut,East Windsor,Joe Biden,DEM,3008,True
Connecticut,East Windsor,Donald Trump,REP,2541,False
Connecticut,Ellington,Joe Biden,DEM,4787,True
Connecticut,Ellington,Donald Trump,REP,4515,False
Connecticut,Enfield,Joe Biden,DEM,11263,True
Connecticut,Enfield,Donald Trump,REP,9298,False
Connecticut,Avon,Joe Biden,DEM,7299,True
Connecticut,Avon,Donald Trump,REP,4469,False
Connecticut,Essex,Joe Biden,DEM,3011,True
Connecticut,Essex,Donald Trump,REP,1635,False
Connecticut,Fairfield,Joe Biden,DEM,22861,True
Connecticut,Fairfield,Donald Trump,REP,12052,False
Connecticut,Farmington,Joe Biden,DEM,9616,True
Connecticut,Farmington,Donald Trump,REP,6160,False
Connecticut,Franklin,Donald Trump,REP,674,True
Connecticut,Franklin,Joe Biden,DEM,553,False
Connecticut,Glastonbury,Joe Biden,DEM,13990,True
Connecticut,Glastonbury,Donald Trump,REP,7998,False
Connecticut,Goshen,Donald Trump,REP,1161,True
Connecticut,Goshen,Joe Biden,DEM,902,False
Connecticut,Granby,Joe Biden,DEM,4029,True
Connecticut,Granby,Donald Trump,REP,3166,False
Connecticut,Greenwich,Joe Biden,DEM,22243,True
Connecticut,Greenwich,Donald Trump,REP,13269,False
Connecticut,Griswold,Donald Trump,REP,3257,True
Connecticut,Griswold,Joe Biden,DEM,2565,False
Connecticut,Groton,Joe Biden,DEM,10699,True
Connecticut,Groton,Donald Trump,REP,6272,False
Connecticut,Barkhamsted,Donald Trump,REP,1228,True
Connecticut,Barkhamsted,Joe Biden,DEM,1154,False
Connecticut,Guilford,Joe Biden,DEM,9616,True
Connecticut,Guilford,Donald Trump,REP,5050,False
Connecticut,Haddam,Joe Biden,DEM,2728,True
Connecticut,Haddam,Donald Trump,REP,2693,False
Connecticut,Hamden,Joe Biden,DEM,21652,True
Connecticut,Hamden,Donald Trump,REP,7139,False
Connecticut,Hampton,Joe Biden,DEM,572,True
Connecticut,Hampton,Donald Trump,REP,551,False
Connecticut,Hartford,Joe Biden,DEM,28301,True
Connecticut,Hartford,Donald Trump,REP,4116,False
Connecticut,Hartland,Donald Trump,REP,818,True
Connecticut,Hartland,Joe Biden,DEM,457,False
Connecticut,Harwinton,Donald Trump,REP,2229,True
Connecticut,Harwinton,Joe Biden,DEM,1397,False
Connecticut,Hebron,Joe Biden,DEM,3388,True
Connecticut,Hebron,Donald Trump,REP,2731,False
Connecticut,Kent,Joe Biden,DEM,1277,True
Connecticut,Kent,Donald Trump,REP,568,False
Connecticut,Killingly,Donald Trump,REP,4678,True
Connecticut,Killingly,Joe Biden,DEM,3402,False
Connecticut,Beacon Falls,Donald Trump,REP,2191,True
Connecticut,Beacon Falls,Joe Biden,DEM,1543,False
Connecticut,Killingworth,Joe Biden,DEM,2343,True
Connecticut,Killingworth,Donald Trump,REP,1979,False
Connecticut,Lebanon,Donald Trump,REP,2268,True
Connecticut,Lebanon,Joe Biden,DEM,2052,False
Connecticut,Ledyard,Joe Biden,DEM,4534,True
Connecticut,Ledyard,Donald Trump,REP,3664,False
Connecticut,Lisbon,Donald Trump,REP,1331,True
Connecticut,Lisbon,Joe Biden,DEM,1099,False
Connecticut,Litchfield,Joe Biden,DEM,2673,True
Connecticut,Litchfield,Donald Trump,REP,2555,False
Connecticut,Lyme,Joe Biden,DEM,1165,True
Connecticut,Lyme,Donald Trump,REP,576,False
Connecticut,Madison,Joe Biden,DEM,7625,True
Connecticut,Madison,Donald Trump,REP,4638,False
Connecticut,Manchester,Joe Biden,DEM,19455,True
Connecticut,Manchester,Donald Trump,REP,8530,False
Connecticut,Mansfield,Joe Biden,DEM,5608,True
Connecticut,Mansfield,Donald Trump,REP,1708,False
Connecticut,Marlborough,Joe Biden,DEM,2119,True
Connecticut,Marlborough,Donald Trump,REP,1861,False
Connecticut,Berlin,Donald Trump,REP,6687,True
Connecticut,Berlin,Joe Biden,DEM,6008,False
Connecticut,Meriden,Joe Biden,DEM,14955,True
Connecticut,Meriden,Donald Trump,REP,9981,False
Connecticut,Middlebury,Donald Trump,REP,2741,True
Connecticut,Middlebury,Joe Biden,DEM,2259,False
Connecticut,Middlefield,Joe Biden,DEM,1442,True
Connecticut,Middlefield,Donald Trump,REP,1356,False
Connecticut,Middletown,Joe Biden,DEM,15508,True
Connecticut,Middletown,Donald Trump,REP,7611,False
Connecticut,Milford,Joe Biden,DEM,17626,True
Connecticut,Milford,Donald Trump,REP,13997,False
Connecticut,Monroe,Donald Trump,REP,5989,True
Connecticut,Monroe,Joe Biden,DEM,5838,False
Connecticut,Montville,Joe Biden,DEM,4406,True
Connecticut,Montville,Donald Trump,REP,4242,False
Connecticut,Morris,Donald Trump,REP,874,True
Connecticut,Morris,Joe Biden,DEM,653,False
Connecticut,Naugatuck,Donald Trump,REP,7740,True
Connecticut,Naugatuck,Joe Biden,DEM,6923,False
Connecticut,New Britain,Joe Biden,DEM,16031,True
Connecticut,New Britain,Donald Trump,REP,7724,False
Connecticut,Bethany,Joe Biden,DEM,1912,True
Connecticut,Bethany,Donald Trump,REP,1718,False
Connecticut,New Canaan,Joe Biden,DEM,7298,True
Connecticut,New Canaan,Donald Trump,REP,4855,False
Connecticut,New Fairfield,Donald Trump,REP,4343,True
Connecticut,New Fairfield,Joe Biden,DEM,4101,False
Connecticut,New Hartford,Donald Trump,REP,2382,True
Connecticut,New Hartford,Joe Biden,DEM,2089,False
Connecticut,New Haven,Joe Biden,DEM,35521,True
Connecticut,New Haven,Donald Trump,REP,6146,False
Connecticut,Newington,Joe Biden,DEM,10031,True
Connecticut,Newington,Donald Trump,REP,7074,False
Connecticut,New London,Joe Biden,DEM,6912,True
Connecticut,New London,Donald Trump,REP,2045,False
Connecticut,New Milford,Joe Biden,DEM,8004,True
Connecticut,New Milford,Donald Trump,REP,7493,False
Connecticut,Newtown,Joe Biden,DEM,9695,True
Connecticut,Newtown,Donald Trump,REP,7292,False
Connecticut,Norfolk,Joe Biden,DEM,659,True
Connecticut,Norfolk,Donald Trump,REP,381,False
Connecticut,North Branford,Donald Trump,REP,4786,True
Connecticut,North Branford,Joe Biden,DEM,3718,False
Connecticut,Bethel,Joe Biden,DEM,6270,True
Connecticut,Bethel,Donald Trump,REP,4734,False
Arizona,Navajo County,Donald Trump,REP,27657,True
Arizona,Navajo County,Joe Biden,DEM,23383,False
Arizona,Pima County,Joe Biden,DEM,304981,True
Arizona,Pima County,Donald Trump,REP,207758,False
Arizona,Pinal County,Donald Trump,REP,107077,True
Arizona,Pinal County,Joe Biden,DEM,75106,False
Arizona,Santa Cruz County,Joe Biden,DEM,13138,True
Arizona,Santa Cruz County,Donald Trump,REP,6194,False
Arizona,Yavapai County,Donald Trump,REP,91527,True
Arizona,Yavapai County,Joe Biden,DEM,49602,False
Arizona,Yuma County,Donald Trump,REP,36534,True
Arizona,Yuma County,Joe Biden,DEM,32210,False
Arizona,Apache County,Joe Biden,DEM,23293,True
Arizona,Apache County,Donald Trump,REP,11442,False
Arizona,Cochise County,Donald Trump,REP,35557,True
Arizona,Cochise County,Joe Biden,DEM,23732,False
Arizona,Coconino County,Joe Biden,DEM,44698,True
Arizona,Coconino County,Donald Trump,REP,27052,False
Arizona,Gila County,Donald Trump,REP,18377,True
Arizona,Gila County,Joe Biden,DEM,8943,False
Arizona,Graham County,Donald Trump,REP,10749,True
Arizona,Graham County,Joe Biden,DEM,4034,False
Arizona,Greenlee County,Donald Trump,REP,2433,True
Arizona,Greenlee County,Joe Biden,DEM,1182,False
Arizona,La Paz County,Donald Trump,REP,5129,True
Arizona,La Paz County,Joe Biden,DEM,2236,False
Arizona,Maricopa County,Joe Biden,DEM,1040774,True
Arizona,Maricopa County,Donald Trump,REP,995665,False
Arizona,Mohave County,Donald Trump,REP,78535,True
Arizona,Mohave County,Joe Biden,DEM,24831,False
